subject_id,melody_length,trial,response,rt,include
0004,3,m3l3k2t3e1.wav,y,2479.0,1
0004,3,old_m1l3.wav,r,1623.0,1
0004,3,m3l3k2t2e1.wav,y,1406.0,1
0004,3,m1l3k2t2e2.wav,y,1257.0,1
0004,3,m1l3k1t2e1.wav,y,1366.0,1
0004,3,m1l3k2t2e3.wav,y,1348.0,1
0004,3,m1l3k1t3e2.wav,y,1872.0,1
0004,3,m2l3k1t2e1.wav,y,2884.0,1
0004,3,m1l3k1t3e3.wav,r,1903.0,1
0004,3,old_m1l3.wav,r,1856.0,1
0004,3,old_m2l3.wav,y,2549.0,1
0004,3,m2l3k2t2e2.wav,y,1906.0,1
0004,3,m3l3k1t3e1.wav,y,2276.0,1
0004,3,m3l3k1t2e2.wav,r,1893.0,1
0004,3,old_m1l3.wav,r,2003.0,1
0004,3,m2l3k1t3e3.wav,y,2524.0,1
0004,3,m3l3k1t2e3.wav,y,1421.0,1
0004,3,m1l3k2t3e2.wav,y,1773.0,1
0004,3,old_m1l3.wav,r,1919.0,1
0004,3,old_m2l3.wav,r,1854.0,1
0004,3,old_m2l3.wav,r,1731.0,1
0004,3,old_m1l3.wav,r,1371.0,1
0004,3,m1l3k2t3e3.wav,y,1579.0,1
0004,3,m3l3k1t3e2.wav,y,1767.0,1
0004,3,old_m1l3.wav,r,2702.0,1
0004,3,m3l3k2t3e3.wav,y,1876.0,1
0004,3,old_m2l3.wav,y,2882.0,1
0004,3,old_m3l3.wav,r,1943.0,1
0004,3,m2l3k1t2e2.wav,y,1270.0,1
0004,3,m2l3k2t2e3.wav,y,1230.0,1
0004,3,m1l3k1t2e3.wav,r,1629.0,1
0004,3,old_m1l3.wav,r,1379.0,1
0004,3,m3l3k2t3e2.wav,y,1970.0,1
0004,3,m2l3k1t3e1.wav,r,2092.0,1
0004,3,old_m2l3.wav,y,2631.0,1
0004,3,m1l3k2t3e1.wav,y,1747.0,1
0004,3,m1l3k1t3e1.wav,y,2012.0,1
0004,3,old_m1l3.wav,r,1482.0,1
0004,3,old_m2l3.wav,r,2230.0,1
0004,3,old_m2l3.wav,r,1706.0,1
0004,3,m2l3k2t3e2.wav,y,2216.0,1
0004,3,old_m3l3.wav,y,1447.0,1
0004,3,old_m3l3.wav,r,2284.0,1
0004,3,old_m3l3.wav,r,1709.0,1
0004,3,m2l3k1t3e2.wav,y,2330.0,1
0004,3,m3l3k2t2e2.wav,y,2026.0,1
0004,3,old_m2l3.wav,y,1778.0,1
0004,3,old_m2l3.wav,0,3000.0,1
0004,3,m2l3k1t2e3.wav,y,1855.0,1
0004,3,old_m2l3.wav,r,2779.0,1
0004,3,m3l3k1t2e1.wav,y,1854.0,1
0004,3,old_m1l3.wav,r,1674.0,1
0004,3,old_m3l3.wav,y,1623.0,1
0004,3,old_m3l3.wav,y,1985.0,1
0004,3,old_m1l3.wav,r,1740.0,1
0004,3,old_m1l3.wav,y,2616.0,1
0004,3,old_m2l3.wav,r,1568.0,1
0004,3,old_m3l3.wav,y,1813.0,1
0004,3,old_m3l3.wav,r,1747.0,1
0004,3,old_m3l3.wav,r,1439.0,1
0004,3,old_m1l3.wav,r,1280.0,1
0004,3,m2l3k2t2e1.wav,y,1742.0,1
0004,3,m1l3k1t2e2.wav,y,1510.0,1
0004,3,old_m3l3.wav,y,2788.0,1
0004,3,old_m2l3.wav,y,1624.0,1
0004,3,old_m3l3.wav,0,3000.0,1
0004,3,old_m3l3.wav,y,2367.0,1
0004,3,m1l3k2t2e1.wav,y,1758.0,1
0004,3,m3l3k1t3e3.wav,y,2048.0,1
0004,3,m2l3k2t3e1.wav,y,2267.0,1
0004,3,m2l3k2t3e3.wav,r,2175.0,1
0004,3,m3l3k2t2e3.wav,r,2553.0,1
0004,5,old_m2l5.wav,r,3313.0,1
0004,5,old_m1l5.wav,r,3126.0,1
0004,5,m2l5k1t3e3.wav,y,2493.0,1
0004,5,old_m3l5.wav,r,2394.0,1
0004,5,m3l5k2t5e3.wav,y,2469.0,1
0004,5,m3l5k1t3e2.wav,y,2244.0,1
0004,5,m1l5k2t5e3.wav,y,2421.0,1
0004,5,old_m1l5.wav,r,2422.0,1
0004,5,old_m1l5.wav,r,2680.0,1
0004,5,old_m2l5.wav,r,2319.0,1
0004,5,m2l5k1t5e1.wav,r,2691.0,1
0004,5,m1l5k1t3e2.wav,y,1960.0,1
0004,5,m3l5k2t3e3.wav,y,2558.0,1
0004,5,m2l5k1t3e2.wav,y,3241.0,1
0004,5,old_m1l5.wav,r,2326.0,1
0004,5,m3l5k1t5e2.wav,y,2955.0,1
0004,5,old_m3l5.wav,r,2315.0,1
0004,5,m1l5k1t5e1.wav,y,2579.0,1
0004,5,m3l5k1t3e1.wav,y,3125.0,1
0004,5,m2l5k1t3e1.wav,y,3152.0,1
0004,5,old_m2l5.wav,y,2513.0,1
0004,5,m2l5k1t5e3.wav,0,3700.0,1
0004,5,m3l5k1t5e3.wav,y,2385.0,1
0004,5,m1l5k1t3e1.wav,y,2292.0,1
0004,5,m1l5k1t5e3.wav,y,2483.0,1
0004,5,old_m1l5.wav,r,2396.0,1
0004,5,m2l5k2t3e1.wav,r,3564.0,1
0004,5,old_m2l5.wav,r,2776.0,1
0004,5,old_m2l5.wav,y,3212.0,1
0004,5,m3l5k2t5e1.wav,r,2260.0,1
0004,5,old_m1l5.wav,r,2310.0,1
0004,5,m2l5k2t5e1.wav,y,2400.0,1
0004,5,m3l5k2t3e2.wav,y,2624.0,1
0004,5,old_m3l5.wav,y,2142.0,1
0004,5,m1l5k1t5e2.wav,y,2380.0,1
0004,5,m1l5k2t5e1.wav,y,2635.0,1
0004,5,old_m3l5.wav,y,3279.0,1
0004,5,m2l5k2t5e3.wav,y,2254.0,1
0004,5,old_m3l5.wav,y,3645.0,1
0004,5,old_m3l5.wav,r,2011.0,1
0004,5,m2l5k2t5e2.wav,r,2084.0,1
0004,5,old_m1l5.wav,r,2049.0,1
0004,5,old_m2l5.wav,y,2148.0,1
0004,5,m3l5k1t3e3.wav,r,2331.0,1
0004,5,old_m2l5.wav,r,2274.0,1
0004,5,old_m1l5.wav,r,2546.0,1
0004,5,m2l5k1t5e2.wav,y,2315.0,1
0004,5,old_m3l5.wav,r,2126.0,1
0004,5,m1l5k2t5e2.wav,y,2387.0,1
0004,5,old_m3l5.wav,y,2715.0,1
0004,5,old_m3l5.wav,y,2642.0,1
0004,5,old_m1l5.wav,r,2174.0,1
0004,5,m1l5k2t3e2.wav,r,3639.0,1
0004,5,m1l5k1t3e3.wav,y,2080.0,1
0004,5,old_m1l5.wav,r,2643.0,1
0004,5,m2l5k2t3e2.wav,y,1916.0,1
0004,5,old_m2l5.wav,y,2823.0,1
0004,5,m1l5k2t3e3.wav,0,3700.0,1
0004,5,old_m2l5.wav,y,3622.0,1
0004,5,old_m1l5.wav,r,2155.0,1
0004,5,old_m3l5.wav,r,2186.0,1
0004,5,m3l5k2t5e2.wav,y,2355.0,1
0004,5,m2l5k2t3e3.wav,y,2205.0,1
0004,5,m3l5k2t3e1.wav,y,2464.0,1
0004,5,old_m3l5.wav,r,2332.0,1
0004,5,old_m2l5.wav,r,3005.0,1
0004,5,m1l5k2t3e1.wav,y,2311.0,1
0004,5,old_m1l5.wav,r,2202.0,1
0004,5,old_m2l5.wav,r,2141.0,1
0004,5,old_m2l5.wav,0,3700.0,1
0004,5,m3l5k1t5e1.wav,y,2334.0,1
0004,5,old_m3l5.wav,r,2387.0,1
0004,7,old_m2l7.wav,r,3801.0,1
0004,7,m1l7k1t5e2.wav,y,3389.0,1
0004,7,m2l7k1t7e3.wav,y,3029.0,1
0004,7,m2l7k2t5e2.wav,y,3971.0,1
0004,7,old_m1l7.wav,r,3010.0,1
0004,7,m1l7k2t5e1.wav,y,2577.0,1
0004,7,old_m3l7.wav,r,2890.0,1
0004,7,old_m3l7.wav,r,3688.0,1
0004,7,m2l7k1t7e2.wav,y,2681.0,1
0004,7,m2l7k2t5e3.wav,y,3016.0,1
0004,7,old_m2l7.wav,y,3039.0,1
0004,7,m1l7k2t5e3.wav,y,2918.0,1
0004,7,m3l7k2t5e1.wav,y,3481.0,1
0004,7,old_m1l7.wav,r,2754.0,1
0004,7,m2l7k1t5e3.wav,y,2694.0,1
0004,7,old_m1l7.wav,r,2862.0,1
0004,7,old_m1l7.wav,y,3972.0,1
0004,7,old_m1l7.wav,r,3063.0,1
0004,7,old_m3l7.wav,y,3259.0,1
0004,7,old_m1l7.wav,r,3266.0,1
0004,7,m3l7k1t7e3.wav,r,3353.0,1
0004,7,old_m2l7.wav,r,2926.0,1
0004,7,old_m3l7.wav,r,2883.0,1
0004,7,old_m2l7.wav,y,3554.0,1
0004,7,m1l7k1t7e3.wav,r,3015.0,1
0004,7,m2l7k2t7e3.wav,y,3256.0,1
0004,7,old_m3l7.wav,r,2684.0,1
0004,7,m3l7k1t5e2.wav,0,4500.0,1
0004,7,m3l7k2t5e2.wav,y,2830.0,1
0004,7,m1l7k1t7e1.wav,y,3052.0,1
0004,7,old_m2l7.wav,r,2727.0,1
0004,7,m3l7k1t5e1.wav,y,3465.0,1
0004,7,m3l7k2t5e3.wav,y,3077.0,1
0004,7,old_m2l7.wav,r,3004.0,1
0004,7,m1l7k2t5e2.wav,y,2889.0,1
0004,7,old_m2l7.wav,0,4500.0,1
0004,7,old_m2l7.wav,y,2977.0,1
0004,7,m3l7k1t7e2.wav,y,3015.0,1
0004,7,old_m2l7.wav,r,2790.0,1
0004,7,m2l7k2t7e1.wav,y,2805.0,1
0004,7,old_m1l7.wav,y,3952.0,1
0004,7,m2l7k2t7e2.wav,y,2730.0,1
0004,7,m3l7k2t7e1.wav,y,3224.0,1
0004,7,m1l7k1t5e1.wav,y,2858.0,1
0004,7,m1l7k2t7e3.wav,y,2855.0,1
0004,7,old_m1l7.wav,y,2680.0,1
0004,7,m3l7k2t7e2.wav,y,2818.0,1
0004,7,old_m3l7.wav,y,3024.0,1
0004,7,m2l7k1t5e2.wav,r,3070.0,1
0004,7,m3l7k2t7e3.wav,y,2966.0,1
0004,7,old_m1l7.wav,y,2913.0,1
0004,7,m1l7k1t7e2.wav,y,4079.0,1
0004,7,old_m2l7.wav,y,2814.0,1
0004,7,old_m1l7.wav,y,3265.0,1
0004,7,old_m3l7.wav,r,4416.0,1
0004,7,old_m3l7.wav,y,3144.0,1
0004,7,old_m3l7.wav,r,2824.0,1
0004,7,m3l7k1t7e1.wav,y,3510.0,1
0004,7,m1l7k1t5e3.wav,y,3578.0,1
0004,7,m1l7k2t7e2.wav,y,4083.0,1
0004,7,m2l7k2t5e1.wav,y,3045.0,1
0004,7,m2l7k1t7e1.wav,r,3394.0,1
0004,7,old_m2l7.wav,y,2725.0,1
0004,7,m3l7k1t5e3.wav,r,2722.0,1
0004,7,old_m1l7.wav,y,3232.0,1
0004,7,m2l7k1t5e1.wav,y,2997.0,1
0004,7,old_m3l7.wav,r,2771.0,1
0004,7,old_m2l7.wav,y,2872.0,1
0004,7,old_m3l7.wav,y,3610.0,1
0004,7,old_m3l7.wav,y,2919.0,1
0004,7,m1l7k2t7e1.wav,y,2853.0,1
0004,7,old_m1l7.wav,y,2464.0,1
0007,3,old_m1l3.wav,r,2142.0,1
0007,3,old_m2l3.wav,r,1379.0,1
0007,3,m3l3k2t2e2.wav,y,1369.0,1
0007,3,m3l3k2t3e1.wav,y,1460.0,1
0007,3,old_m2l3.wav,r,1582.0,1
0007,3,old_m2l3.wav,r,1415.0,1
0007,3,m3l3k2t3e2.wav,y,1397.0,1
0007,3,old_m2l3.wav,r,2646.0,1
0007,3,old_m3l3.wav,r,2177.0,1
0007,3,m1l3k2t3e1.wav,y,1976.0,1
0007,3,old_m1l3.wav,r,1728.0,1
0007,3,old_m1l3.wav,r,1319.0,1
0007,3,old_m3l3.wav,r,2517.0,1
0007,3,old_m1l3.wav,r,2500.0,1
0007,3,m3l3k1t3e1.wav,0,3000.0,1
0007,3,old_m3l3.wav,r,2436.0,1
0007,3,m3l3k1t2e2.wav,y,1287.0,1
0007,3,m3l3k1t2e1.wav,y,1288.0,1
0007,3,m1l3k2t2e3.wav,y,1387.0,1
0007,3,old_m3l3.wav,r,1435.0,1
0007,3,m2l3k2t3e3.wav,y,1389.0,1
0007,3,m3l3k2t3e3.wav,y,1349.0,1
0007,3,m1l3k1t3e2.wav,y,1391.0,1
0007,3,old_m3l3.wav,r,1725.0,1
0007,3,m2l3k2t2e2.wav,y,1169.0,1
0007,3,m2l3k1t2e1.wav,y,1632.0,1
0007,3,m1l3k1t2e3.wav,0,3000.0,1
0007,3,old_m1l3.wav,r,1707.0,1
0007,3,m2l3k1t2e2.wav,y,2332.0,1
0007,3,old_m2l3.wav,r,1979.0,1
0007,3,m2l3k2t3e1.wav,y,1513.0,1
0007,3,m1l3k1t2e2.wav,y,1988.0,1
0007,3,m2l3k2t3e2.wav,y,1593.0,1
0007,3,m2l3k1t3e3.wav,y,1566.0,1
0007,3,m1l3k2t2e1.wav,y,1397.0,1
0007,3,m1l3k1t2e1.wav,y,2072.0,1
0007,3,m2l3k1t3e2.wav,y,1537.0,1
0007,3,m3l3k2t2e1.wav,y,1377.0,1
0007,3,m1l3k2t3e3.wav,y,1522.0,1
0007,3,old_m2l3.wav,r,1929.0,1
0007,3,m3l3k1t2e3.wav,y,1437.0,1
0007,3,old_m2l3.wav,r,2817.0,1
0007,3,m1l3k1t3e3.wav,y,1367.0,1
0007,3,old_m2l3.wav,r,1301.0,1
0007,3,old_m1l3.wav,r,1879.0,1
0007,3,old_m3l3.wav,r,1583.0,1
0007,3,old_m3l3.wav,r,1533.0,1
0007,3,old_m3l3.wav,r,1645.0,1
0007,3,old_m1l3.wav,r,1585.0,1
0007,3,m3l3k2t2e3.wav,0,3000.0,1
0007,3,old_m3l3.wav,y,1512.0,1
0007,3,old_m1l3.wav,r,1536.0,1
0007,3,m1l3k1t3e1.wav,y,1309.0,1
0007,3,old_m1l3.wav,r,1782.0,1
0007,3,old_m2l3.wav,r,2221.0,1
0007,3,old_m1l3.wav,r,1891.0,1
0007,3,old_m3l3.wav,r,2797.0,1
0007,3,m2l3k1t3e1.wav,y,1730.0,1
0007,3,old_m3l3.wav,r,1705.0,1
0007,3,m1l3k2t2e2.wav,y,1961.0,1
0007,3,old_m3l3.wav,r,1954.0,1
0007,3,m2l3k1t2e3.wav,y,1422.0,1
0007,3,m3l3k1t3e2.wav,y,1509.0,1
0007,3,m1l3k2t3e2.wav,y,1332.0,1
0007,3,m2l3k2t2e1.wav,y,1132.0,1
0007,3,old_m2l3.wav,r,2026.0,1
0007,3,old_m1l3.wav,0,3000.0,1
0007,3,m3l3k1t3e3.wav,y,1153.0,1
0007,3,m2l3k2t2e3.wav,y,1329.0,1
0007,3,old_m1l3.wav,r,1233.0,1
0007,3,old_m2l3.wav,y,1232.0,1
0007,3,old_m2l3.wav,r,2687.0,1
0007,5,m3l5k2t3e1.wav,r,2781.0,1
0007,5,m1l5k2t5e2.wav,r,3044.0,1
0007,5,old_m3l5.wav,r,2098.0,1
0007,5,m1l5k1t5e3.wav,0,3700.0,1
0007,5,old_m1l5.wav,r,2223.0,1
0007,5,old_m2l5.wav,y,2240.0,1
0007,5,m2l5k2t5e3.wav,y,2162.0,1
0007,5,m1l5k1t3e2.wav,y,2088.0,1
0007,5,old_m2l5.wav,y,2589.0,1
0007,5,old_m2l5.wav,y,1833.0,1
0007,5,m1l5k2t3e2.wav,y,2106.0,1
0007,5,m1l5k1t5e2.wav,y,2358.0,1
0007,5,m3l5k1t5e1.wav,y,2230.0,1
0007,5,old_m1l5.wav,r,2461.0,1
0007,5,old_m3l5.wav,r,2929.0,1
0007,5,m2l5k1t5e3.wav,y,2107.0,1
0007,5,old_m2l5.wav,y,2237.0,1
0007,5,m1l5k2t3e1.wav,y,2452.0,1
0007,5,m2l5k2t5e1.wav,y,2437.0,1
0007,5,old_m2l5.wav,0,3700.0,1
0007,5,old_m3l5.wav,y,2650.0,1
0007,5,m3l5k2t3e2.wav,y,2276.0,1
0007,5,m1l5k2t5e1.wav,y,2329.0,1
0007,5,m2l5k2t3e1.wav,y,2444.0,1
0007,5,m3l5k2t5e1.wav,y,2204.0,1
0007,5,old_m1l5.wav,r,2079.0,1
0007,5,old_m1l5.wav,r,3429.0,1
0007,5,m2l5k2t5e2.wav,y,2236.0,1
0007,5,m1l5k1t3e1.wav,y,2236.0,1
0007,5,old_m3l5.wav,0,3700.0,1
0007,5,old_m1l5.wav,r,2176.0,1
0007,5,m1l5k1t3e3.wav,y,2010.0,1
0007,5,old_m1l5.wav,r,2339.0,1
0007,5,m2l5k1t5e1.wav,y,2189.0,1
0007,5,old_m3l5.wav,y,2156.0,1
0007,5,m3l5k2t5e3.wav,y,2178.0,1
0007,5,old_m1l5.wav,y,2008.0,1
0007,5,m3l5k1t5e3.wav,y,2232.0,1
0007,5,m2l5k1t3e1.wav,y,1916.0,1
0007,5,m2l5k2t3e2.wav,y,1929.0,1
0007,5,m3l5k1t3e2.wav,y,2160.0,1
0007,5,old_m1l5.wav,r,2811.0,1
0007,5,old_m2l5.wav,y,2153.0,1
0007,5,old_m3l5.wav,y,2550.0,1
0007,5,old_m3l5.wav,y,2503.0,1
0007,5,old_m1l5.wav,r,2087.0,1
0007,5,m3l5k1t3e1.wav,y,2374.0,1
0007,5,m2l5k1t3e2.wav,y,2234.0,1
0007,5,old_m3l5.wav,y,2502.0,1
0007,5,old_m2l5.wav,y,2467.0,1
0007,5,m3l5k1t3e3.wav,y,2266.0,1
0007,5,m3l5k2t5e2.wav,y,2180.0,1
0007,5,old_m1l5.wav,r,2172.0,1
0007,5,old_m2l5.wav,0,3700.0,1
0007,5,old_m2l5.wav,r,2162.0,1
0007,5,old_m2l5.wav,r,3489.0,1
0007,5,m2l5k1t5e2.wav,y,2326.0,1
0007,5,old_m3l5.wav,y,3006.0,1
0007,5,m2l5k2t3e3.wav,0,3700.0,1
0007,5,old_m2l5.wav,0,3700.0,1
0007,5,old_m3l5.wav,r,3065.0,1
0007,5,old_m1l5.wav,r,3010.0,1
0007,5,m1l5k2t3e3.wav,y,1815.0,1
0007,5,old_m3l5.wav,r,2484.0,1
0007,5,old_m1l5.wav,r,2338.0,1
0007,5,m1l5k1t5e1.wav,y,2249.0,1
0007,5,old_m3l5.wav,r,2688.0,1
0007,5,m3l5k2t3e3.wav,y,2047.0,1
0007,5,m1l5k2t5e3.wav,y,2284.0,1
0007,5,old_m2l5.wav,r,2246.0,1
0007,5,m3l5k1t5e2.wav,0,3700.0,1
0007,5,m2l5k1t3e3.wav,y,2514.0,1
0007,7,m1l7k1t5e2.wav,0,4500.0,1
0007,7,m1l7k2t5e1.wav,y,2999.0,1
0007,7,old_m3l7.wav,r,2692.0,1
0007,7,old_m2l7.wav,r,2904.0,1
0007,7,m2l7k1t5e1.wav,y,2724.0,1
0007,7,m2l7k2t5e1.wav,y,2798.0,1
0007,7,old_m1l7.wav,r,2676.0,1
0007,7,old_m2l7.wav,y,3361.0,1
0007,7,old_m1l7.wav,r,2598.0,1
0007,7,old_m2l7.wav,r,4100.0,1
0007,7,m1l7k1t7e2.wav,y,2953.0,1
0007,7,m3l7k2t5e1.wav,y,2845.0,1
0007,7,m3l7k1t5e2.wav,y,2920.0,1
0007,7,old_m3l7.wav,r,3925.0,1
0007,7,m2l7k2t7e2.wav,y,2902.0,1
0007,7,m2l7k2t5e2.wav,y,3656.0,1
0007,7,m1l7k1t5e1.wav,y,2908.0,1
0007,7,old_m2l7.wav,y,3211.0,1
0007,7,old_m3l7.wav,r,3961.0,1
0007,7,m1l7k2t7e1.wav,y,2889.0,1
0007,7,m1l7k2t7e3.wav,y,3366.0,1
0007,7,old_m1l7.wav,0,4500.0,1
0007,7,old_m2l7.wav,r,3922.0,1
0007,7,old_m1l7.wav,r,3742.0,1
0007,7,m1l7k2t5e3.wav,y,2789.0,1
0007,7,m3l7k2t7e2.wav,y,2974.0,1
0007,7,old_m2l7.wav,0,4500.0,1
0007,7,old_m1l7.wav,r,2987.0,1
0007,7,m2l7k1t7e1.wav,y,2945.0,1
0007,7,m1l7k2t5e2.wav,y,2811.0,1
0007,7,old_m3l7.wav,y,3102.0,1
0007,7,m3l7k1t7e2.wav,y,3057.0,1
0007,7,old_m2l7.wav,y,2668.0,1
0007,7,m2l7k1t5e3.wav,y,2786.0,1
0007,7,old_m2l7.wav,y,2747.0,1
0007,7,m3l7k2t5e3.wav,y,2773.0,1
0007,7,old_m2l7.wav,y,3176.0,1
0007,7,m1l7k1t7e1.wav,y,2901.0,1
0007,7,m1l7k1t7e3.wav,y,2890.0,1
0007,7,m2l7k2t7e1.wav,y,3839.0,1
0007,7,old_m3l7.wav,r,3624.0,1
0007,7,old_m3l7.wav,y,4060.0,1
0007,7,old_m1l7.wav,r,3999.0,1
0007,7,old_m1l7.wav,r,3891.0,1
0007,7,old_m1l7.wav,r,4082.0,1
0007,7,m3l7k1t7e3.wav,y,3032.0,1
0007,7,old_m3l7.wav,y,3745.0,1
0007,7,m3l7k2t7e3.wav,y,3080.0,1
0007,7,old_m3l7.wav,y,3435.0,1
0007,7,m3l7k1t5e1.wav,y,2799.0,1
0007,7,old_m1l7.wav,r,3291.0,1
0007,7,m2l7k2t7e3.wav,y,3102.0,1
0007,7,m3l7k2t5e2.wav,y,2887.0,1
0007,7,old_m2l7.wav,y,3247.0,1
0007,7,old_m1l7.wav,r,2873.0,1
0007,7,old_m2l7.wav,r,3474.0,1
0007,7,old_m3l7.wav,y,3220.0,1
0007,7,m2l7k1t5e2.wav,y,2679.0,1
0007,7,m2l7k1t7e3.wav,y,3665.0,1
0007,7,old_m1l7.wav,r,3014.0,1
0007,7,m2l7k2t5e3.wav,y,3195.0,1
0007,7,old_m3l7.wav,y,4346.0,1
0007,7,old_m3l7.wav,r,2941.0,1
0007,7,m3l7k2t7e1.wav,y,3142.0,1
0007,7,m1l7k2t7e2.wav,y,2964.0,1
0007,7,m3l7k1t7e1.wav,y,2885.0,1
0007,7,old_m1l7.wav,r,2741.0,1
0007,7,old_m3l7.wav,r,2950.0,1
0007,7,m1l7k1t5e3.wav,y,2835.0,1
0007,7,m2l7k1t7e2.wav,y,3010.0,1
0007,7,old_m2l7.wav,r,3184.0,1
0007,7,m3l7k1t5e3.wav,y,2946.0,1
0008,3,m3l3k1t2e3.wav,0,3000.0,1
0008,3,m2l3k1t3e2.wav,0,3000.0,1
0008,3,old_m1l3.wav,r,2768.0,1
0008,3,old_m3l3.wav,r,1820.0,1
0008,3,m3l3k2t2e3.wav,0,3000.0,1
0008,3,old_m2l3.wav,r,1614.0,1
0008,3,old_m1l3.wav,r,1562.0,1
0008,3,m1l3k2t2e1.wav,y,1531.0,1
0008,3,m2l3k1t2e3.wav,y,1504.0,1
0008,3,old_m3l3.wav,y,2286.0,1
0008,3,m1l3k2t2e2.wav,y,1681.0,1
0008,3,m3l3k1t3e1.wav,r,2946.0,1
0008,3,m3l3k1t2e1.wav,y,1462.0,1
0008,3,m3l3k2t3e2.wav,0,3000.0,1
0008,3,m3l3k2t3e1.wav,y,2034.0,1
0008,3,m3l3k1t3e2.wav,0,3000.0,1
0008,3,old_m2l3.wav,0,3000.0,1
0008,3,m3l3k2t2e2.wav,y,1677.0,1
0008,3,old_m2l3.wav,r,1348.0,1
0008,3,old_m1l3.wav,0,3000.0,1
0008,3,m3l3k1t2e2.wav,y,1437.0,1
0008,3,old_m2l3.wav,r,2072.0,1
0008,3,old_m1l3.wav,y,1906.0,1
0008,3,old_m1l3.wav,y,1801.0,1
0008,3,m1l3k1t3e3.wav,0,3000.0,1
0008,3,old_m3l3.wav,y,1295.0,1
0008,3,m1l3k2t2e3.wav,y,1554.0,1
0008,3,old_m2l3.wav,0,3000.0,1
0008,3,old_m2l3.wav,y,2623.0,1
0008,3,m2l3k2t3e3.wav,r,2973.0,1
0008,3,m1l3k1t3e2.wav,y,1565.0,1
0008,3,old_m3l3.wav,y,1448.0,1
0008,3,m2l3k1t2e1.wav,y,1384.0,1
0008,3,old_m3l3.wav,r,2727.0,1
0008,3,old_m1l3.wav,r,1618.0,1
0008,3,m3l3k2t3e3.wav,0,3000.0,1
0008,3,m2l3k1t3e3.wav,y,1969.0,1
0008,3,old_m1l3.wav,r,1284.0,1
0008,3,m2l3k2t3e1.wav,y,1579.0,1
0008,3,old_m2l3.wav,r,2818.0,1
0008,3,m1l3k2t3e3.wav,0,3000.0,1
0008,3,m3l3k2t2e1.wav,y,1514.0,1
0008,3,m1l3k1t3e1.wav,0,3000.0,1
0008,3,old_m3l3.wav,r,1737.0,1
0008,3,old_m3l3.wav,y,2179.0,1
0008,3,m1l3k2t3e1.wav,y,1778.0,1
0008,3,m1l3k1t2e2.wav,y,1582.0,1
0008,3,old_m3l3.wav,r,1938.0,1
0008,3,m2l3k1t2e2.wav,y,1572.0,1
0008,3,old_m3l3.wav,r,1399.0,1
0008,3,old_m1l3.wav,r,1326.0,1
0008,3,old_m3l3.wav,y,2389.0,1
0008,3,old_m2l3.wav,0,3000.0,1
0008,3,m2l3k2t2e3.wav,y,1327.0,1
0008,3,m3l3k1t3e3.wav,0,3000.0,1
0008,3,old_m1l3.wav,r,1251.0,1
0008,3,m1l3k1t2e1.wav,y,2895.0,1
0008,3,m1l3k1t2e3.wav,r,1445.0,1
0008,3,m2l3k2t2e1.wav,y,1376.0,1
0008,3,m1l3k2t3e2.wav,y,2332.0,1
0008,3,old_m1l3.wav,r,1163.0,1
0008,3,m2l3k2t2e2.wav,y,1580.0,1
0008,3,old_m3l3.wav,r,2457.0,1
0008,3,old_m1l3.wav,r,1475.0,1
0008,3,old_m2l3.wav,0,3000.0,1
0008,3,m2l3k2t3e2.wav,r,2271.0,1
0008,3,old_m3l3.wav,y,1562.0,1
0008,3,old_m2l3.wav,r,1701.0,1
0008,3,old_m2l3.wav,r,1631.0,1
0008,3,m2l3k1t3e1.wav,r,2284.0,1
0008,3,old_m2l3.wav,y,2118.0,1
0008,3,old_m1l3.wav,y,1157.0,1
0008,5,old_m1l5.wav,r,2430.0,1
0008,5,m1l5k2t5e3.wav,r,3257.0,1
0008,5,old_m2l5.wav,r,2331.0,1
0008,5,m1l5k1t3e3.wav,y,2062.0,1
0008,5,old_m1l5.wav,r,2084.0,1
0008,5,old_m3l5.wav,r,2718.0,1
0008,5,old_m1l5.wav,r,2005.0,1
0008,5,old_m2l5.wav,r,2600.0,1
0008,5,old_m3l5.wav,r,2719.0,1
0008,5,m2l5k2t3e1.wav,y,2145.0,1
0008,5,old_m2l5.wav,r,2829.0,1
0008,5,m3l5k2t5e2.wav,r,2821.0,1
0008,5,m3l5k1t3e2.wav,y,2319.0,1
0008,5,m1l5k2t3e2.wav,0,3700.0,1
0008,5,old_m1l5.wav,r,3097.0,1
0008,5,old_m1l5.wav,r,2247.0,1
0008,5,old_m2l5.wav,0,3700.0,1
0008,5,m2l5k1t5e1.wav,y,2253.0,1
0008,5,m2l5k1t5e3.wav,y,2042.0,1
0008,5,m2l5k1t5e2.wav,r,2568.0,1
0008,5,m3l5k2t3e1.wav,y,2114.0,1
0008,5,m1l5k1t3e2.wav,y,2067.0,1
0008,5,old_m3l5.wav,y,2345.0,1
0008,5,m3l5k1t5e1.wav,y,2277.0,1
0008,5,old_m2l5.wav,0,3700.0,1
0008,5,m3l5k1t5e3.wav,y,1894.0,1
0008,5,m1l5k1t5e2.wav,r,3224.0,1
0008,5,m3l5k2t5e3.wav,0,3700.0,1
0008,5,m3l5k2t3e3.wav,y,2290.0,1
0008,5,old_m2l5.wav,r,2533.0,1
0008,5,m2l5k2t5e3.wav,r,2867.0,1
0008,5,m2l5k2t3e2.wav,y,2266.0,1
0008,5,m2l5k2t3e3.wav,y,2327.0,1
0008,5,old_m1l5.wav,r,2305.0,1
0008,5,old_m1l5.wav,r,2482.0,1
0008,5,m2l5k2t5e2.wav,y,2460.0,1
0008,5,m1l5k1t5e3.wav,r,2210.0,1
0008,5,m1l5k2t3e3.wav,y,2163.0,1
0008,5,m1l5k1t3e1.wav,y,2088.0,1
0008,5,old_m2l5.wav,r,2452.0,1
0008,5,m2l5k1t3e3.wav,y,2186.0,1
0008,5,m3l5k2t5e1.wav,y,2231.0,1
0008,5,old_m2l5.wav,r,3187.0,1
0008,5,old_m2l5.wav,y,2758.0,1
0008,5,old_m1l5.wav,r,2183.0,1
0008,5,old_m1l5.wav,r,2341.0,1
0008,5,old_m1l5.wav,r,2526.0,1
0008,5,old_m1l5.wav,0,3700.0,1
0008,5,m2l5k2t5e1.wav,y,3587.0,1
0008,5,old_m3l5.wav,r,2799.0,1
0008,5,old_m2l5.wav,y,2995.0,1
0008,5,m1l5k2t3e1.wav,y,1939.0,1
0008,5,m3l5k2t3e2.wav,y,1857.0,1
0008,5,m3l5k1t3e1.wav,y,2184.0,1
0008,5,old_m2l5.wav,y,3230.0,1
0008,5,old_m3l5.wav,y,3318.0,1
0008,5,old_m3l5.wav,r,1928.0,1
0008,5,old_m1l5.wav,0,3700.0,1
0008,5,m3l5k1t3e3.wav,y,2121.0,1
0008,5,old_m3l5.wav,y,3509.0,1
0008,5,old_m2l5.wav,y,3183.0,1
0008,5,m2l5k1t3e1.wav,y,2408.0,1
0008,5,m1l5k2t5e1.wav,y,3324.0,1
0008,5,m1l5k2t5e2.wav,y,2338.0,1
0008,5,old_m3l5.wav,y,2844.0,1
0008,5,old_m3l5.wav,0,3700.0,1
0008,5,old_m3l5.wav,r,3192.0,1
0008,5,old_m3l5.wav,y,3421.0,1
0008,5,m1l5k1t5e1.wav,y,2312.0,1
0008,5,m3l5k1t5e2.wav,r,3407.0,1
0008,5,old_m3l5.wav,r,2067.0,1
0008,5,m2l5k1t3e2.wav,y,2038.0,1
0008,7,old_m3l7.wav,r,3111.0,1
0008,7,old_m2l7.wav,r,4084.0,1
0008,7,old_m3l7.wav,r,4002.0,1
0008,7,old_m2l7.wav,0,4500.0,1
0008,7,m3l7k1t7e3.wav,y,4395.0,1
0008,7,old_m1l7.wav,r,2977.0,1
0008,7,old_m1l7.wav,r,2915.0,1
0008,7,old_m1l7.wav,0,4500.0,1
0008,7,m2l7k2t5e2.wav,0,4500.0,1
0008,7,old_m3l7.wav,r,3895.0,1
0008,7,m2l7k2t7e3.wav,y,3693.0,1
0008,7,m1l7k1t5e1.wav,y,3154.0,1
0008,7,old_m3l7.wav,r,3077.0,1
0008,7,old_m2l7.wav,r,4044.0,1
0008,7,m2l7k1t5e2.wav,y,2734.0,1
0008,7,old_m3l7.wav,y,4393.0,1
0008,7,old_m2l7.wav,r,2903.0,1
0008,7,m3l7k2t7e3.wav,y,3987.0,1
0008,7,old_m2l7.wav,r,4401.0,1
0008,7,m3l7k2t5e3.wav,y,2895.0,1
0008,7,old_m3l7.wav,y,4425.0,1
0008,7,old_m1l7.wav,r,4029.0,1
0008,7,m3l7k1t7e2.wav,y,3112.0,1
0008,7,old_m1l7.wav,r,3894.0,1
0008,7,old_m2l7.wav,r,3383.0,1
0008,7,old_m2l7.wav,r,3657.0,1
0008,7,m2l7k2t7e1.wav,y,3062.0,1
0008,7,old_m2l7.wav,r,4424.0,1
0008,7,old_m2l7.wav,y,2708.0,1
0008,7,old_m1l7.wav,r,3128.0,1
0008,7,m3l7k2t5e1.wav,y,2874.0,1
0008,7,old_m1l7.wav,0,4500.0,1
0008,7,m2l7k1t5e3.wav,y,2747.0,1
0008,7,old_m2l7.wav,r,3449.0,1
0008,7,m2l7k2t5e3.wav,y,3140.0,1
0008,7,old_m2l7.wav,r,3257.0,1
0008,7,old_m3l7.wav,y,3838.0,1
0008,7,m3l7k1t7e1.wav,y,3510.0,1
0008,7,m2l7k1t7e3.wav,y,3074.0,1
0008,7,m3l7k2t7e2.wav,y,3049.0,1
0008,7,m3l7k1t5e1.wav,y,3083.0,1
0008,7,m2l7k1t5e1.wav,y,2926.0,1
0008,7,m2l7k1t7e2.wav,y,3053.0,1
0008,7,m3l7k2t5e2.wav,r,3826.0,1
0008,7,old_m1l7.wav,r,3118.0,1
0008,7,old_m3l7.wav,y,4399.0,1
0008,7,m2l7k2t5e1.wav,y,3848.0,1
0008,7,old_m3l7.wav,r,3691.0,1
0008,7,old_m3l7.wav,r,3705.0,1
0008,7,m1l7k1t7e2.wav,y,3344.0,1
0008,7,m3l7k1t5e2.wav,r,3361.0,1
0008,7,m1l7k2t7e2.wav,y,4133.0,1
0008,7,old_m1l7.wav,r,3386.0,1
0008,7,m2l7k2t7e2.wav,y,3400.0,1
0008,7,m3l7k1t5e3.wav,0,4500.0,1
0008,7,m1l7k2t5e3.wav,y,3296.0,1
0008,7,m1l7k1t5e3.wav,y,3111.0,1
0008,7,old_m2l7.wav,r,2914.0,1
0008,7,old_m3l7.wav,y,2834.0,1
0008,7,m1l7k2t5e1.wav,y,2819.0,1
0008,7,old_m1l7.wav,y,100.0,1
0008,7,old_m3l7.wav,y,3836.0,1
0008,7,m1l7k1t7e3.wav,0,4500.0,1
0008,7,m1l7k1t5e2.wav,y,3530.0,1
0008,7,m1l7k2t7e1.wav,y,3442.0,1
0008,7,old_m1l7.wav,r,3051.0,1
0008,7,m1l7k2t5e2.wav,y,3424.0,1
0008,7,m2l7k1t7e1.wav,y,3024.0,1
0008,7,m1l7k1t7e1.wav,y,3100.0,1
0008,7,m3l7k2t7e1.wav,y,3164.0,1
0008,7,old_m1l7.wav,0,4500.0,1
0008,7,m1l7k2t7e3.wav,r,3050.0,1
0009,3,m1l3k1t2e3.wav,y,2869.0,1
0009,3,m1l3k2t3e2.wav,0,3000.0,1
0009,3,m1l3k1t2e1.wav,y,1545.0,1
0009,3,old_m1l3.wav,r,1442.0,1
0009,3,old_m3l3.wav,r,1323.0,1
0009,3,m2l3k2t3e1.wav,y,2253.0,1
0009,3,m1l3k2t2e3.wav,y,1189.0,1
0009,3,m3l3k1t3e1.wav,y,1523.0,1
0009,3,m3l3k2t2e1.wav,y,1319.0,1
0009,3,old_m1l3.wav,r,1352.0,1
0009,3,old_m3l3.wav,r,2368.0,1
0009,3,old_m2l3.wav,r,1162.0,1
0009,3,old_m1l3.wav,r,1267.0,1
0009,3,old_m2l3.wav,r,1102.0,1
0009,3,m1l3k1t3e3.wav,y,1374.0,1
0009,3,old_m3l3.wav,r,1218.0,1
0009,3,m2l3k2t3e2.wav,y,1294.0,1
0009,3,m1l3k1t2e2.wav,y,1239.0,1
0009,3,old_m2l3.wav,r,1632.0,1
0009,3,old_m3l3.wav,r,1865.0,1
0009,3,m2l3k1t2e1.wav,y,1674.0,1
0009,3,old_m2l3.wav,y,1288.0,1
0009,3,old_m3l3.wav,r,1506.0,1
0009,3,m3l3k2t2e2.wav,y,1042.0,1
0009,3,old_m1l3.wav,r,1278.0,1
0009,3,m3l3k2t3e3.wav,y,1757.0,1
0009,3,old_m1l3.wav,r,1308.0,1
0009,3,m2l3k1t2e2.wav,y,1455.0,1
0009,3,m1l3k2t2e1.wav,y,1841.0,1
0009,3,old_m2l3.wav,r,1695.0,1
0009,3,m1l3k2t2e2.wav,y,1122.0,1
0009,3,old_m1l3.wav,r,1255.0,1
0009,3,old_m1l3.wav,r,1102.0,1
0009,3,m3l3k1t3e2.wav,y,1263.0,1
0009,3,old_m3l3.wav,r,1258.0,1
0009,3,old_m3l3.wav,r,1754.0,1
0009,3,old_m3l3.wav,r,1578.0,1
0009,3,m2l3k2t3e3.wav,y,1428.0,1
0009,3,old_m2l3.wav,r,1334.0,1
0009,3,old_m3l3.wav,r,1491.0,1
0009,3,old_m1l3.wav,r,1607.0,1
0009,3,old_m1l3.wav,r,1105.0,1
0009,3,m1l3k1t3e1.wav,r,2182.0,1
0009,3,m1l3k1t3e2.wav,y,1460.0,1
0009,3,m2l3k1t2e3.wav,y,1220.0,1
0009,3,old_m1l3.wav,r,1149.0,1
0009,3,old_m2l3.wav,r,1322.0,1
0009,3,old_m2l3.wav,r,1077.0,1
0009,3,m1l3k2t3e3.wav,y,1291.0,1
0009,3,old_m3l3.wav,r,1185.0,1
0009,3,m3l3k1t2e1.wav,y,1488.0,1
0009,3,m3l3k1t3e3.wav,y,1385.0,1
0009,3,m2l3k1t3e2.wav,y,1396.0,1
0009,3,old_m2l3.wav,r,1374.0,1
0009,3,old_m2l3.wav,r,1114.0,1
0009,3,m1l3k2t3e1.wav,y,1397.0,1
0009,3,old_m3l3.wav,r,1125.0,1
0009,3,old_m1l3.wav,r,1316.0,1
0009,3,m2l3k2t2e1.wav,y,1317.0,1
0009,3,old_m1l3.wav,r,1499.0,1
0009,3,m2l3k1t3e3.wav,y,1343.0,1
0009,3,m3l3k2t2e3.wav,y,1142.0,1
0009,3,m2l3k2t2e3.wav,y,1218.0,1
0009,3,m3l3k2t3e1.wav,r,1741.0,1
0009,3,old_m2l3.wav,r,1121.0,1
0009,3,old_m3l3.wav,r,1100.0,1
0009,3,m3l3k2t3e2.wav,y,1977.0,1
0009,3,old_m2l3.wav,r,1177.0,1
0009,3,m2l3k1t3e1.wav,y,1935.0,1
0009,3,m3l3k1t2e3.wav,y,1490.0,1
0009,3,m3l3k1t2e2.wav,y,1125.0,1
0009,3,m2l3k2t2e2.wav,y,1201.0,0
0009,7,m3l7k1t5e2.wav,y,4016.0,1
0009,7,m1l7k2t7e2.wav,y,3156.0,1
0009,7,m2l7k1t5e3.wav,y,3111.0,1
0009,7,m2l7k1t5e1.wav,y,3022.0,1
0009,7,m2l7k1t7e3.wav,y,3039.0,1
0009,7,old_m3l7.wav,r,3266.0,1
0009,7,m3l7k2t7e3.wav,y,3107.0,1
0009,7,m1l7k2t5e1.wav,y,2770.0,1
0009,7,old_m3l7.wav,r,4398.0,1
0009,7,m2l7k1t7e1.wav,y,3078.0,1
0009,7,m1l7k1t7e1.wav,y,2798.0,1
0009,7,old_m1l7.wav,r,3330.0,1
0009,7,m3l7k2t7e2.wav,y,2941.0,1
0009,7,old_m3l7.wav,r,3026.0,1
0009,7,old_m1l7.wav,r,3028.0,1
0009,7,m1l7k1t5e1.wav,y,2885.0,1
0009,7,m3l7k1t7e2.wav,r,4101.0,1
0009,7,old_m1l7.wav,r,2986.0,1
0009,7,m2l7k2t5e2.wav,y,2787.0,1
0009,7,old_m3l7.wav,r,2857.0,1
0009,7,old_m3l7.wav,r,2742.0,1
0009,7,m3l7k1t5e1.wav,y,2720.0,1
0009,7,m1l7k1t7e3.wav,y,2969.0,1
0009,7,old_m1l7.wav,r,3073.0,1
0009,7,old_m3l7.wav,r,3299.0,1
0009,7,m3l7k1t7e1.wav,y,2751.0,1
0009,7,old_m1l7.wav,r,3043.0,1
0009,7,m1l7k2t7e1.wav,y,3407.0,1
0009,7,m3l7k2t5e3.wav,y,2696.0,1
0009,7,old_m1l7.wav,r,2923.0,1
0009,7,m1l7k2t7e3.wav,y,2866.0,1
0009,7,m1l7k1t7e2.wav,y,3892.0,1
0009,7,m3l7k1t7e3.wav,y,2917.0,1
0009,7,old_m1l7.wav,r,2595.0,1
0009,7,old_m1l7.wav,r,2766.0,1
0009,7,m1l7k1t5e2.wav,y,2619.0,1
0009,7,old_m2l7.wav,r,2926.0,1
0009,7,m3l7k2t7e1.wav,y,3344.0,1
0009,7,m2l7k2t7e2.wav,y,2879.0,1
0009,7,old_m2l7.wav,r,2992.0,1
0009,7,old_m3l7.wav,r,2629.0,1
0009,7,m2l7k1t5e2.wav,y,2562.0,1
0009,7,old_m2l7.wav,y,3325.0,1
0009,7,old_m2l7.wav,r,2816.0,1
0009,7,m2l7k2t7e1.wav,y,2938.0,1
0009,7,old_m2l7.wav,r,2891.0,1
0009,7,old_m1l7.wav,r,2649.0,1
0009,7,old_m2l7.wav,r,2721.0,1
0009,7,m2l7k2t5e3.wav,y,2843.0,1
0009,7,old_m3l7.wav,r,2844.0,1
0009,7,old_m2l7.wav,r,2762.0,1
0009,7,old_m3l7.wav,r,3007.0,1
0009,7,old_m2l7.wav,r,3331.0,1
0009,7,old_m2l7.wav,r,3100.0,1
0009,7,m1l7k2t5e3.wav,y,2608.0,1
0009,7,old_m3l7.wav,r,2790.0,1
0009,7,m3l7k2t5e2.wav,y,2654.0,1
0009,7,old_m2l7.wav,r,2616.0,1
0009,7,m2l7k1t7e2.wav,y,2999.0,1
0009,7,old_m1l7.wav,r,2448.0,1
0009,7,m3l7k2t5e1.wav,y,2719.0,1
0009,7,m2l7k2t7e3.wav,y,2887.0,1
0009,7,m1l7k1t5e3.wav,y,2525.0,1
0009,7,old_m2l7.wav,r,2719.0,1
0009,7,old_m3l7.wav,r,2598.0,1
0009,7,old_m2l7.wav,r,2732.0,1
0009,7,old_m3l7.wav,r,2767.0,1
0009,7,m2l7k2t5e1.wav,y,2638.0,1
0009,7,m1l7k2t5e2.wav,y,2631.0,1
0009,7,m3l7k1t5e3.wav,y,2670.0,1
0009,7,old_m1l7.wav,r,2604.0,1
0009,7,old_m1l7.wav,r,2868.0,1
0010,3,old_m1l3.wav,r,2557.0,1
0010,3,m3l3k1t2e3.wav,y,1635.0,1
0010,3,m1l3k1t2e2.wav,y,1296.0,1
0010,3,old_m1l3.wav,y,2005.0,1
0010,3,old_m2l3.wav,r,1545.0,1
0010,3,m1l3k2t2e2.wav,y,1279.0,1
0010,3,old_m1l3.wav,r,1222.0,1
0010,3,old_m2l3.wav,r,1171.0,1
0010,3,m2l3k2t2e1.wav,y,1170.0,1
0010,3,old_m2l3.wav,y,1780.0,1
0010,3,old_m3l3.wav,r,1253.0,1
0010,3,m3l3k2t3e3.wav,y,1466.0,1
0010,3,old_m2l3.wav,r,1192.0,1
0010,3,m1l3k1t2e3.wav,y,2203.0,1
0010,3,m2l3k1t3e1.wav,r,1520.0,1
0010,3,m2l3k2t2e2.wav,y,1204.0,1
0010,3,m3l3k1t3e2.wav,y,2410.0,1
0010,3,old_m3l3.wav,r,1362.0,1
0010,3,m2l3k2t2e3.wav,y,1110.0,1
0010,3,old_m1l3.wav,r,1056.0,1
0010,3,m1l3k2t3e1.wav,y,1353.0,1
0010,3,old_m3l3.wav,r,1212.0,1
0010,3,old_m3l3.wav,r,1400.0,1
0010,3,old_m3l3.wav,r,1367.0,1
0010,3,m3l3k2t3e2.wav,y,1225.0,1
0010,3,m2l3k1t3e3.wav,y,1419.0,1
0010,3,m2l3k2t3e2.wav,y,2033.0,1
0010,3,old_m1l3.wav,r,1236.0,1
0010,3,m2l3k1t2e2.wav,y,1443.0,1
0010,3,old_m1l3.wav,r,1123.0,1
0010,3,old_m3l3.wav,r,1333.0,1
0010,3,m1l3k1t2e1.wav,y,1294.0,1
0010,3,m3l3k2t3e1.wav,y,2113.0,1
0010,3,old_m1l3.wav,r,1144.0,1
0010,3,old_m3l3.wav,r,1770.0,1
0010,3,m1l3k2t2e1.wav,y,1086.0,1
0010,3,old_m3l3.wav,r,1221.0,1
0010,3,old_m2l3.wav,r,2115.0,1
0010,3,m3l3k2t2e3.wav,y,1416.0,1
0010,3,old_m3l3.wav,r,1656.0,1
0010,3,m2l3k1t3e2.wav,y,2040.0,1
0010,3,old_m2l3.wav,r,2038.0,1
0010,3,m3l3k1t2e1.wav,y,1175.0,1
0010,3,old_m2l3.wav,r,1371.0,1
0010,3,old_m3l3.wav,r,1919.0,1
0010,3,m1l3k1t3e3.wav,y,1612.0,1
0010,3,old_m2l3.wav,r,1167.0,1
0010,3,m2l3k2t3e3.wav,y,1270.0,1
0010,3,old_m1l3.wav,r,1052.0,1
0010,3,m3l3k2t2e2.wav,y,1054.0,1
0010,3,m2l3k1t2e1.wav,y,1150.0,1
0010,3,old_m2l3.wav,y,2052.0,1
0010,3,m1l3k2t2e3.wav,y,1278.0,1
0010,3,old_m1l3.wav,r,1102.0,1
0010,3,old_m2l3.wav,r,1555.0,1
0010,3,old_m1l3.wav,r,1506.0,1
0010,3,m1l3k1t3e1.wav,y,2090.0,1
0010,3,old_m2l3.wav,r,1167.0,1
0010,3,m3l3k2t2e1.wav,y,1225.0,1
0010,3,old_m1l3.wav,r,1182.0,1
0010,3,m1l3k1t3e2.wav,y,1302.0,1
0010,3,m1l3k2t3e2.wav,y,1403.0,1
0010,3,m2l3k2t3e1.wav,y,2549.0,1
0010,3,m3l3k1t2e2.wav,y,1315.0,1
0010,3,old_m2l3.wav,r,1506.0,1
0010,3,m3l3k1t3e3.wav,y,2134.0,1
0010,3,old_m1l3.wav,r,1045.0,1
0010,3,m3l3k1t3e1.wav,r,2416.0,1
0010,3,m1l3k2t3e3.wav,y,1322.0,1
0010,3,m2l3k1t2e3.wav,y,1718.0,1
0010,3,old_m3l3.wav,r,1507.0,1
0010,3,old_m3l3.wav,r,2678.0,1
0010,5,m3l5k1t5e3.wav,y,2418.0,1
0010,5,m1l5k1t3e2.wav,y,1944.0,1
0010,5,m1l5k1t3e1.wav,y,2694.0,1
0010,5,old_m3l5.wav,r,2548.0,1
0010,5,m3l5k2t5e3.wav,y,2149.0,1
0010,5,old_m3l5.wav,r,2554.0,1
0010,5,old_m2l5.wav,r,2048.0,1
0010,5,old_m3l5.wav,r,3224.0,1
0010,5,old_m3l5.wav,r,1971.0,1
0010,5,m3l5k2t5e1.wav,y,2181.0,1
0010,5,old_m3l5.wav,r,2247.0,1
0010,5,old_m1l5.wav,r,2650.0,1
0010,5,old_m1l5.wav,r,2047.0,1
0010,5,m2l5k1t3e1.wav,y,2039.0,1
0010,5,old_m1l5.wav,r,2048.0,1
0010,5,old_m3l5.wav,r,3160.0,1
0010,5,old_m3l5.wav,r,1908.0,1
0010,5,m3l5k2t3e2.wav,y,2179.0,1
0010,5,old_m1l5.wav,r,2061.0,1
0010,5,old_m2l5.wav,r,2624.0,1
0010,5,old_m1l5.wav,r,3038.0,1
0010,5,old_m3l5.wav,r,3240.0,1
0010,5,m2l5k1t5e2.wav,y,2174.0,1
0010,5,m2l5k2t5e1.wav,r,2171.0,1
0010,5,m3l5k2t3e3.wav,y,2457.0,1
0010,5,old_m2l5.wav,r,2222.0,1
0010,5,old_m3l5.wav,r,2692.0,1
0010,5,old_m2l5.wav,r,2287.0,1
0010,5,m2l5k2t3e2.wav,y,2137.0,1
0010,5,m1l5k1t5e1.wav,y,2987.0,1
0010,5,old_m2l5.wav,r,2072.0,1
0010,5,old_m1l5.wav,y,3403.0,1
0010,5,m1l5k2t3e1.wav,y,2151.0,1
0010,5,m2l5k2t3e3.wav,y,2009.0,1
0010,5,old_m1l5.wav,r,2101.0,1
0010,5,m1l5k2t5e3.wav,y,2132.0,1
0010,5,m2l5k1t3e3.wav,y,2209.0,1
0010,5,m3l5k1t3e3.wav,y,2263.0,1
0010,5,old_m1l5.wav,r,2084.0,1
0010,5,m2l5k1t5e3.wav,y,2844.0,1
0010,5,m2l5k1t3e2.wav,y,2495.0,1
0010,5,m2l5k2t3e1.wav,y,3658.0,1
0010,5,m3l5k2t3e1.wav,r,2860.0,1
0010,5,m3l5k1t5e2.wav,y,3115.0,1
0010,5,old_m2l5.wav,r,2366.0,1
0010,5,old_m2l5.wav,r,2027.0,1
0010,5,old_m2l5.wav,r,1993.0,1
0010,5,m2l5k1t5e1.wav,y,2122.0,1
0010,5,m1l5k2t5e2.wav,y,2610.0,1
0010,5,m2l5k2t5e2.wav,y,2044.0,1
0010,5,m1l5k1t3e3.wav,y,1967.0,1
0010,5,old_m3l5.wav,r,2255.0,1
0010,5,m1l5k1t5e3.wav,y,2076.0,1
0010,5,m1l5k1t5e2.wav,y,3200.0,1
0010,5,old_m1l5.wav,r,2084.0,1
0010,5,old_m2l5.wav,r,2198.0,1
0010,5,m3l5k1t3e1.wav,y,2154.0,1
0010,5,m1l5k2t5e1.wav,y,2007.0,1
0010,5,m3l5k1t3e2.wav,y,2918.0,1
0010,5,m3l5k1t5e1.wav,y,2359.0,1
0010,5,old_m2l5.wav,r,2563.0,1
0010,5,old_m2l5.wav,r,2373.0,1
0010,5,old_m3l5.wav,r,2711.0,1
0010,5,old_m1l5.wav,r,1880.0,1
0010,5,old_m3l5.wav,r,2173.0,1
0010,5,old_m1l5.wav,r,2086.0,1
0010,5,m1l5k2t3e2.wav,y,2235.0,1
0010,5,old_m1l5.wav,r,2011.0,1
0010,5,m3l5k2t5e2.wav,y,2049.0,1
0010,5,old_m2l5.wav,r,1981.0,1
0010,5,m1l5k2t3e3.wav,y,3088.0,1
0010,5,m2l5k2t5e3.wav,y,2048.0,1
0010,7,old_m3l7.wav,0,4500.0,1
0010,7,m2l7k1t7e2.wav,0,4500.0,1
0010,7,m2l7k1t5e1.wav,0,4500.0,1
0010,7,old_m1l7.wav,0,4500.0,1
0010,7,old_m3l7.wav,0,4500.0,1
0010,7,old_m1l7.wav,0,4500.0,1
0010,7,m3l7k2t7e2.wav,0,4500.0,1
0010,7,m2l7k2t5e1.wav,y,3825.0,1
0010,7,old_m3l7.wav,y,3743.0,1
0010,7,m3l7k1t7e2.wav,y,3567.0,1
0010,7,old_m2l7.wav,r,3130.0,1
0010,7,old_m2l7.wav,r,3029.0,1
0010,7,m3l7k1t7e1.wav,y,3245.0,1
0010,7,m2l7k2t7e1.wav,r,3563.0,1
0010,7,m2l7k1t7e1.wav,y,3098.0,1
0010,7,m3l7k2t5e1.wav,y,2870.0,1
0010,7,m2l7k2t5e3.wav,y,3016.0,1
0010,7,m2l7k2t7e2.wav,y,3309.0,1
0010,7,m1l7k2t5e1.wav,r,4050.0,1
0010,7,old_m1l7.wav,r,3254.0,1
0010,7,m3l7k2t5e3.wav,y,3093.0,1
0010,7,m1l7k1t7e3.wav,y,3012.0,1
0010,7,old_m2l7.wav,r,3071.0,1
0010,7,old_m1l7.wav,r,3659.0,1
0010,7,old_m2l7.wav,r,3245.0,1
0010,7,m1l7k1t7e2.wav,y,3391.0,1
0010,7,m1l7k2t5e3.wav,y,3166.0,1
0010,7,m2l7k2t7e3.wav,y,3211.0,1
0010,7,m3l7k1t5e2.wav,y,3136.0,1
0010,7,old_m2l7.wav,r,4410.0,1
0010,7,m1l7k1t5e2.wav,y,2850.0,1
0010,7,m3l7k2t5e2.wav,y,2609.0,1
0010,7,old_m1l7.wav,r,3752.0,1
0010,7,m1l7k1t7e1.wav,y,2917.0,1
0010,7,old_m2l7.wav,r,3632.0,1
0010,7,old_m2l7.wav,r,3039.0,1
0010,7,old_m2l7.wav,r,3320.0,1
0010,7,old_m3l7.wav,y,3881.0,1
0010,7,old_m2l7.wav,r,2860.0,1
0010,7,old_m1l7.wav,r,3007.0,1
0010,7,m1l7k2t5e2.wav,y,2857.0,1
0010,7,old_m1l7.wav,r,3755.0,1
0010,7,m3l7k1t5e3.wav,y,2783.0,1
0010,7,old_m1l7.wav,r,3258.0,1
0010,7,m3l7k1t5e1.wav,y,3634.0,1
0010,7,old_m3l7.wav,y,4111.0,1
0010,7,old_m3l7.wav,0,4500.0,1
0010,7,old_m1l7.wav,0,4500.0,1
0010,7,old_m1l7.wav,0,4500.0,1
0010,7,m1l7k2t7e1.wav,y,2874.0,1
0010,7,m1l7k1t5e3.wav,y,2766.0,1
0010,7,old_m3l7.wav,y,4025.0,1
0010,7,old_m3l7.wav,r,3166.0,1
0010,7,old_m3l7.wav,r,2700.0,1
0010,7,old_m2l7.wav,r,3812.0,1
0010,7,old_m3l7.wav,y,3382.0,1
0010,7,old_m1l7.wav,r,3709.0,1
0010,7,m3l7k2t7e1.wav,y,4098.0,1
0010,7,m3l7k2t7e3.wav,y,2912.0,1
0010,7,m1l7k2t7e3.wav,y,2868.0,1
0010,7,old_m2l7.wav,r,3130.0,1
0010,7,m2l7k1t5e3.wav,y,2755.0,1
0010,7,m1l7k1t5e1.wav,y,2846.0,1
0010,7,m3l7k1t7e3.wav,y,2779.0,1
0010,7,old_m3l7.wav,r,3498.0,1
0010,7,m2l7k1t7e3.wav,y,3755.0,1
0010,7,m2l7k2t5e2.wav,y,3084.0,1
0010,7,old_m1l7.wav,r,3695.0,1
0010,7,old_m3l7.wav,r,3347.0,1
0010,7,old_m2l7.wav,r,3062.0,1
0010,7,m2l7k1t5e2.wav,y,2588.0,1
0010,7,m1l7k2t7e2.wav,y,2929.0,1
0011,3,old_m3l3.wav,r,2667.0,1
0011,3,old_m3l3.wav,r,1453.0,1
0011,3,m2l3k2t3e3.wav,y,1414.0,1
0011,3,m3l3k1t2e3.wav,y,1418.0,1
0011,3,m3l3k2t2e1.wav,y,1291.0,1
0011,3,old_m2l3.wav,r,1146.0,1
0011,3,old_m2l3.wav,r,1053.0,1
0011,3,m3l3k2t3e3.wav,y,1342.0,1
0011,3,m2l3k1t3e3.wav,y,1353.0,1
0011,3,old_m2l3.wav,r,1185.0,1
0011,3,old_m1l3.wav,r,1444.0,1
0011,3,old_m3l3.wav,r,1537.0,1
0011,3,old_m1l3.wav,r,1536.0,1
0011,3,m1l3k1t3e3.wav,y,1401.0,1
0011,3,m2l3k2t3e2.wav,y,1274.0,1
0011,3,old_m2l3.wav,r,1159.0,1
0011,3,old_m2l3.wav,r,1567.0,1
0011,3,old_m2l3.wav,r,1272.0,1
0011,3,old_m1l3.wav,r,1829.0,1
0011,3,m3l3k1t3e2.wav,y,1239.0,1
0011,3,m1l3k1t2e3.wav,y,1690.0,1
0011,3,m1l3k2t3e1.wav,y,1329.0,1
0011,3,m3l3k2t3e1.wav,y,1408.0,1
0011,3,m1l3k1t2e2.wav,y,1041.0,1
0011,3,m1l3k1t2e1.wav,y,2954.0,1
0011,3,m1l3k2t2e2.wav,y,1133.0,1
0011,3,m2l3k2t2e1.wav,y,1168.0,1
0011,3,old_m3l3.wav,r,1352.0,1
0011,3,m1l3k1t3e2.wav,y,1273.0,1
0011,3,m3l3k2t2e3.wav,y,101.0,1
0011,3,m3l3k1t2e2.wav,0,3000.0,1
0011,3,old_m2l3.wav,r,1106.0,1
0011,3,m2l3k1t2e2.wav,y,1250.0,1
0011,3,old_m3l3.wav,r,1147.0,1
0011,3,old_m1l3.wav,r,1188.0,1
0011,3,m2l3k1t3e1.wav,y,1765.0,1
0011,3,old_m2l3.wav,r,1269.0,1
0011,3,old_m1l3.wav,r,1497.0,1
0011,3,old_m2l3.wav,r,1170.0,1
0011,3,old_m3l3.wav,y,1708.0,1
0011,3,m3l3k1t3e3.wav,y,1335.0,1
0011,3,m2l3k1t2e3.wav,0,3000.0,1
0011,3,old_m1l3.wav,r,1130.0,1
0011,3,old_m3l3.wav,0,3000.0,1
0011,3,m2l3k2t3e1.wav,y,1278.0,1
0011,3,m1l3k2t2e1.wav,y,1253.0,1
0011,3,old_m1l3.wav,r,1314.0,1
0011,3,old_m1l3.wav,r,1238.0,1
0011,3,m2l3k1t3e2.wav,y,1576.0,1
0011,3,m2l3k2t2e2.wav,y,1198.0,1
0011,3,old_m1l3.wav,r,1239.0,1
0011,3,m3l3k1t2e1.wav,y,1164.0,1
0011,3,m3l3k2t2e2.wav,y,945.0,1
0011,3,old_m2l3.wav,r,1239.0,1
0011,3,m2l3k2t2e3.wav,y,1226.0,1
0011,3,old_m3l3.wav,y,1808.0,1
0011,3,old_m3l3.wav,r,1577.0,1
0011,3,m1l3k1t3e1.wav,y,1312.0,1
0011,3,old_m1l3.wav,y,1389.0,1
0011,3,old_m2l3.wav,r,1058.0,1
0011,3,m2l3k1t2e1.wav,y,1280.0,1
0011,3,old_m1l3.wav,r,1111.0,1
0011,3,m1l3k2t2e3.wav,y,1326.0,1
0011,3,m3l3k2t3e2.wav,y,1192.0,1
0011,3,old_m3l3.wav,0,3000.0,1
0011,3,old_m2l3.wav,r,1281.0,1
0011,3,m1l3k2t3e3.wav,y,1282.0,1
0011,3,m1l3k2t3e2.wav,y,1443.0,1
0011,3,old_m1l3.wav,r,1835.0,1
0011,3,old_m3l3.wav,y,1498.0,1
0011,3,old_m3l3.wav,y,1539.0,1
0011,3,m3l3k1t3e1.wav,r,2183.0,1
0011,7,m2l7k1t7e3.wav,y,4209.0,1
0011,7,old_m3l7.wav,r,4080.0,1
0011,7,old_m2l7.wav,r,3727.0,1
0011,7,old_m3l7.wav,y,3398.0,1
0011,7,m2l7k2t7e2.wav,y,3107.0,1
0011,7,m1l7k2t5e3.wav,y,2813.0,1
0011,7,m1l7k1t7e2.wav,y,3321.0,1
0011,7,m3l7k2t5e3.wav,y,2892.0,1
0011,7,old_m1l7.wav,r,2973.0,1
0011,7,old_m3l7.wav,y,3910.0,1
0011,7,old_m1l7.wav,r,2744.0,1
0011,7,old_m1l7.wav,r,4123.0,1
0011,7,old_m1l7.wav,r,3888.0,1
0011,7,old_m2l7.wav,r,2889.0,1
0011,7,m3l7k1t5e2.wav,y,2768.0,1
0011,7,old_m1l7.wav,r,2976.0,1
0011,7,m1l7k2t5e1.wav,y,2847.0,1
0011,7,m1l7k1t7e1.wav,y,2879.0,1
0011,7,m2l7k2t7e3.wav,y,3296.0,1
0011,7,old_m2l7.wav,r,2857.0,1
0011,7,old_m3l7.wav,y,2891.0,1
0011,7,old_m2l7.wav,r,2727.0,1
0011,7,old_m2l7.wav,r,2826.0,1
0011,7,old_m2l7.wav,r,2885.0,1
0011,7,old_m1l7.wav,r,2783.0,1
0011,7,m3l7k1t7e3.wav,y,2773.0,1
0011,7,m3l7k1t5e3.wav,y,2734.0,1
0011,7,m2l7k2t5e2.wav,y,2858.0,1
0011,7,old_m1l7.wav,r,2763.0,1
0011,7,old_m3l7.wav,r,4009.0,1
0011,7,old_m3l7.wav,y,3047.0,1
0011,7,old_m3l7.wav,0,4500.0,1
0011,7,m2l7k1t5e1.wav,y,2805.0,1
0011,7,m1l7k2t5e2.wav,y,2769.0,1
0011,7,m2l7k1t7e2.wav,y,2778.0,1
0011,7,m3l7k1t7e1.wav,y,2876.0,1
0011,7,old_m3l7.wav,y,3918.0,1
0011,7,m1l7k1t5e2.wav,y,2943.0,1
0011,7,old_m2l7.wav,r,2700.0,1
0011,7,m2l7k1t7e1.wav,y,3459.0,1
0011,7,m1l7k1t7e3.wav,y,2720.0,1
0011,7,m3l7k2t7e1.wav,0,4500.0,1
0011,7,m3l7k2t5e2.wav,y,2856.0,1
0011,7,m2l7k2t5e1.wav,y,2712.0,1
0011,7,m3l7k1t5e1.wav,y,2682.0,1
0011,7,m1l7k2t7e1.wav,y,2791.0,1
0011,7,old_m1l7.wav,r,3532.0,1
0011,7,m2l7k2t7e1.wav,r,4003.0,1
0011,7,old_m2l7.wav,0,4500.0,1
0011,7,old_m3l7.wav,y,4033.0,1
0011,7,m3l7k2t7e3.wav,y,470.0,1
0011,7,old_m1l7.wav,0,4500.0,1
0011,7,old_m2l7.wav,y,3180.0,1
0011,7,old_m3l7.wav,y,4264.0,1
0011,7,m1l7k1t5e3.wav,y,3429.0,1
0011,7,m1l7k1t5e1.wav,y,2569.0,1
0011,7,m2l7k2t5e3.wav,r,3754.0,1
0011,7,old_m2l7.wav,r,2880.0,1
0011,7,old_m2l7.wav,r,3076.0,1
0011,7,old_m1l7.wav,r,3035.0,1
0011,7,old_m1l7.wav,r,4435.0,1
0011,7,m3l7k2t7e2.wav,y,2788.0,1
0011,7,m3l7k2t5e1.wav,y,2917.0,1
0011,7,old_m3l7.wav,r,4058.0,1
0011,7,m1l7k2t7e3.wav,y,2820.0,1
0011,7,m3l7k1t7e2.wav,r,4344.0,1
0011,7,old_m1l7.wav,r,3230.0,1
0011,7,m2l7k1t5e2.wav,y,2783.0,1
0011,7,m2l7k1t5e3.wav,y,3669.0,1
0011,7,old_m2l7.wav,r,2843.0,1
0011,7,m1l7k2t7e2.wav,y,2831.0,1
0011,7,old_m3l7.wav,r,3901.0,1
0012,3,m3l3k2t2e1.wav,y,1624.0,1
0012,3,old_m1l3.wav,r,1603.0,1
0012,3,m1l3k1t3e1.wav,r,2222.0,1
0012,3,old_m3l3.wav,0,3000.0,1
0012,3,old_m3l3.wav,0,3000.0,1
0012,3,old_m3l3.wav,y,2105.0,1
0012,3,old_m2l3.wav,r,2382.0,1
0012,3,m1l3k2t3e3.wav,y,1841.0,1
0012,3,old_m1l3.wav,0,3000.0,1
0012,3,old_m3l3.wav,r,454.0,1
0012,3,m2l3k1t2e1.wav,y,1337.0,1
0012,3,old_m2l3.wav,r,1541.0,1
0012,3,old_m2l3.wav,r,2344.0,1
0012,3,m2l3k1t2e3.wav,0,3000.0,1
0012,3,old_m1l3.wav,r,2199.0,1
0012,3,m3l3k2t3e1.wav,r,1974.0,1
0012,3,old_m1l3.wav,r,1664.0,0
0012,3,m3l3k1t2e2.wav,y,2260.0,0
0012,3,m1l3k2t3e2.wav,y,1376.0,0
0012,3,m3l3k1t3e1.wav,r,2260.0,0
0012,3,m1l3k1t3e2.wav,y,2227.0,0
0012,3,m3l3k2t3e2.wav,y,2304.0,0
0012,3,m3l3k1t3e2.wav,0,3000.0,0
0012,3,old_m2l3.wav,r,1690.0,0
0012,3,m3l3k2t2e3.wav,0,3000.0,0
0012,3,m1l3k2t2e2.wav,y,1100.0,0
0012,3,old_m3l3.wav,y,1586.0,0
0012,3,m1l3k1t2e1.wav,y,1615.0,0
0012,3,old_m2l3.wav,y,2215.0,0
0012,3,m2l3k1t3e1.wav,r,2563.0,0
0012,3,old_m1l3.wav,r,1613.0,0
0012,3,old_m3l3.wav,y,2587.0,0
0012,3,old_m1l3.wav,r,2477.0,0
0012,3,m2l3k1t3e2.wav,0,3000.0,0
0012,3,m2l3k2t2e1.wav,y,1133.0,0
0012,3,m3l3k1t2e1.wav,y,1323.0,0
0012,3,old_m2l3.wav,r,1221.0,0
0012,3,old_m3l3.wav,y,2446.0,0
0012,3,old_m2l3.wav,r,1390.0,0
0012,3,old_m2l3.wav,r,1774.0,0
0012,3,m1l3k2t2e1.wav,y,2129.0,0
0012,3,m3l3k1t3e3.wav,y,1503.0,0
0012,3,m2l3k1t2e2.wav,0,3000.0,0
0012,3,old_m3l3.wav,y,481.0,0
0012,3,old_m2l3.wav,r,1755.0,0
0012,3,m1l3k2t2e3.wav,y,2332.0,0
0012,3,old_m1l3.wav,y,2197.0,0
0012,3,m2l3k1t3e3.wav,y,2045.0,0
0012,3,old_m3l3.wav,0,3000.0,0
0012,3,m3l3k2t2e2.wav,y,1356.0,0
0012,3,m1l3k1t2e3.wav,0,3000.0,0
0012,3,m3l3k2t3e3.wav,r,2590.0,0
0012,3,old_m2l3.wav,0,3000.0,0
0012,3,old_m2l3.wav,0,3000.0,0
0012,3,m2l3k2t2e2.wav,y,2302.0,0
0012,3,old_m2l3.wav,0,3000.0,0
0012,3,old_m3l3.wav,y,2007.0,0
0012,3,m2l3k2t2e3.wav,0,3000.0,0
0012,3,m2l3k2t3e2.wav,0,3000.0,0
0012,3,old_m1l3.wav,0,3000.0,0
0012,3,old_m1l3.wav,r,1376.0,0
0012,3,old_m3l3.wav,0,3000.0,0
0012,3,old_m3l3.wav,0,3000.0,0
0012,3,m1l3k1t3e3.wav,y,2751.0,0
0012,3,m1l3k2t3e1.wav,0,3000.0,0
0012,3,m1l3k1t2e2.wav,y,1203.0,0
0012,3,m3l3k1t2e3.wav,r,2710.0,0
0012,3,m2l3k2t3e3.wav,y,1901.0,0
0012,3,old_m1l3.wav,0,3000.0,0
0012,3,old_m1l3.wav,0,3000.0,0
0012,3,m2l3k2t3e1.wav,y,2005.0,0
0012,3,old_m1l3.wav,r,2289.0,0
0012,5,m2l5k2t3e2.wav,y,3648.0,1
0012,5,m2l5k2t5e3.wav,y,2226.0,1
0012,5,old_m1l5.wav,r,3452.0,1
0012,5,old_m2l5.wav,r,3548.0,1
0012,5,m1l5k1t3e2.wav,y,2154.0,1
0012,5,m3l5k2t3e2.wav,y,2025.0,1
0012,5,m1l5k1t5e1.wav,y,2163.0,1
0012,5,m3l5k1t3e3.wav,y,1765.0,1
0012,5,m2l5k1t3e3.wav,y,2595.0,1
0012,5,m1l5k2t5e1.wav,y,2204.0,1
0012,5,m1l5k2t5e3.wav,y,2915.0,1
0012,5,old_m3l5.wav,y,2759.0,1
0012,5,old_m1l5.wav,r,2215.0,1
0012,5,old_m2l5.wav,r,3319.0,1
0012,5,m2l5k2t3e1.wav,y,2745.0,1
0012,5,old_m1l5.wav,r,3189.0,1
0012,5,m1l5k1t5e3.wav,y,2500.0,1
0012,5,m3l5k2t3e3.wav,y,2837.0,1
0012,5,old_m3l5.wav,0,3700.0,1
0012,5,old_m1l5.wav,r,2293.0,1
0012,5,m2l5k2t5e1.wav,0,3700.0,1
0012,5,old_m1l5.wav,r,3306.0,1
0012,5,m2l5k1t5e2.wav,y,2317.0,1
0012,5,old_m3l5.wav,r,3618.0,1
0012,5,m3l5k1t5e3.wav,y,2887.0,1
0012,5,old_m2l5.wav,r,2780.0,1
0012,5,m1l5k1t3e1.wav,y,3515.0,1
0012,5,old_m3l5.wav,0,3700.0,1
0012,5,old_m3l5.wav,r,2570.0,1
0012,5,m2l5k1t3e1.wav,0,3700.0,1
0012,5,m3l5k1t5e1.wav,y,2455.0,1
0012,5,m2l5k2t5e2.wav,y,2909.0,1
0012,5,old_m2l5.wav,r,2918.0,1
0012,5,old_m3l5.wav,y,3311.0,1
0012,5,m3l5k2t5e1.wav,y,2403.0,1
0012,5,old_m2l5.wav,r,2422.0,1
0012,5,old_m3l5.wav,r,2676.0,1
0012,5,old_m2l5.wav,r,2551.0,1
0012,5,m1l5k2t3e3.wav,0,3700.0,1
0012,5,m3l5k1t3e1.wav,y,2256.0,1
0012,5,old_m3l5.wav,y,2470.0,1
0012,5,old_m1l5.wav,r,2545.0,1
0012,5,m3l5k2t3e1.wav,0,3700.0,1
0012,5,m3l5k2t5e2.wav,0,3700.0,1
0012,5,old_m2l5.wav,r,3500.0,1
0012,5,old_m1l5.wav,0,3700.0,1
0012,5,old_m1l5.wav,r,3244.0,1
0012,5,m2l5k1t5e1.wav,0,3700.0,1
0012,5,m2l5k2t3e3.wav,y,2399.0,1
0012,5,old_m2l5.wav,r,3120.0,1
0012,5,old_m2l5.wav,r,2581.0,1
0012,5,m2l5k1t5e3.wav,y,3005.0,1
0012,5,m1l5k2t3e2.wav,y,2481.0,1
0012,5,m3l5k1t5e2.wav,y,2676.0,1
0012,5,old_m3l5.wav,r,3461.0,1
0012,5,old_m2l5.wav,0,3700.0,1
0012,5,m3l5k1t3e2.wav,y,2282.0,1
0012,5,m1l5k1t3e3.wav,y,1605.0,1
0012,5,m1l5k2t5e2.wav,y,2206.0,1
0012,5,old_m3l5.wav,r,3540.0,1
0012,5,m1l5k2t3e1.wav,0,3700.0,1
0012,5,old_m1l5.wav,r,3196.0,1
0012,5,old_m1l5.wav,0,3700.0,1
0012,5,old_m3l5.wav,r,2521.0,1
0012,5,old_m2l5.wav,y,3173.0,1
0012,5,old_m3l5.wav,0,3700.0,1
0012,5,old_m1l5.wav,0,3700.0,1
0012,5,m1l5k1t5e2.wav,y,2149.0,1
0012,5,m2l5k1t3e2.wav,y,2022.0,1
0012,5,old_m1l5.wav,r,2638.0,1
0012,5,old_m2l5.wav,0,3700.0,1
0012,5,m3l5k2t5e3.wav,y,3013.0,1
0012,7,m2l7k1t5e3.wav,y,3319.0,1
0012,7,old_m1l7.wav,r,3815.0,1
0012,7,old_m3l7.wav,r,3501.0,1
0012,7,m1l7k2t7e2.wav,y,2945.0,1
0012,7,m2l7k1t5e2.wav,y,2883.0,1
0012,7,old_m1l7.wav,r,3125.0,1
0012,7,old_m2l7.wav,y,3523.0,1
0012,7,old_m1l7.wav,r,3674.0,1
0012,7,old_m3l7.wav,r,3271.0,1
0012,7,old_m2l7.wav,y,4022.0,1
0012,7,old_m1l7.wav,r,3410.0,1
0012,7,old_m1l7.wav,r,2680.0,1
0012,7,m1l7k1t5e3.wav,y,2411.0,1
0012,7,m1l7k2t7e1.wav,y,3007.0,1
0012,7,old_m2l7.wav,r,3338.0,1
0012,7,old_m2l7.wav,r,2431.0,1
0012,7,old_m1l7.wav,r,2575.0,1
0012,7,m1l7k1t7e3.wav,y,2922.0,1
0012,7,m2l7k1t7e3.wav,y,3618.0,1
0012,7,m2l7k2t7e2.wav,y,2918.0,1
0012,7,m2l7k2t5e2.wav,r,3611.0,1
0012,7,m2l7k1t7e2.wav,y,3126.0,1
0012,7,old_m2l7.wav,r,3717.0,1
0012,7,m3l7k1t5e3.wav,y,2921.0,1
0012,7,m2l7k1t7e1.wav,y,3189.0,1
0012,7,old_m3l7.wav,r,3949.0,1
0012,7,old_m3l7.wav,r,3218.0,1
0012,7,m3l7k2t5e1.wav,y,3187.0,1
0012,7,old_m3l7.wav,r,2897.0,1
0012,7,m1l7k1t5e1.wav,y,3017.0,1
0012,7,old_m2l7.wav,r,2897.0,1
0012,7,old_m3l7.wav,r,3216.0,1
0012,7,m3l7k2t7e2.wav,y,3016.0,1
0012,7,old_m2l7.wav,r,2728.0,1
0012,7,m1l7k1t7e2.wav,y,3187.0,1
0012,7,old_m2l7.wav,r,2999.0,1
0012,7,m2l7k1t5e1.wav,y,2571.0,1
0012,7,m1l7k2t7e3.wav,y,2795.0,1
0012,7,old_m3l7.wav,r,3774.0,1
0012,7,m3l7k2t7e3.wav,y,2968.0,1
0012,7,m2l7k2t7e1.wav,y,3629.0,1
0012,7,old_m2l7.wav,0,4500.0,1
0012,7,m3l7k1t7e1.wav,y,3179.0,1
0012,7,old_m3l7.wav,r,3496.0,1
0012,7,m3l7k1t5e1.wav,y,4049.0,1
0012,7,m3l7k1t5e2.wav,y,2441.0,1
0012,7,old_m3l7.wav,0,4500.0,1
0012,7,old_m1l7.wav,r,3124.0,1
0012,7,old_m2l7.wav,r,4154.0,1
0012,7,old_m3l7.wav,r,3260.0,1
0012,7,m3l7k2t7e1.wav,0,4500.0,1
0012,7,old_m2l7.wav,y,3165.0,1
0012,7,m3l7k1t7e2.wav,y,3174.0,1
0012,7,m1l7k1t5e2.wav,y,2794.0,1
0012,7,old_m2l7.wav,0,4500.0,1
0012,7,old_m3l7.wav,r,2886.0,1
0012,7,m2l7k2t5e1.wav,y,2887.0,1
0012,7,old_m1l7.wav,r,3180.0,1
0012,7,old_m1l7.wav,0,4500.0,1
0012,7,m2l7k2t7e3.wav,y,3599.0,1
0012,7,old_m1l7.wav,y,3826.0,1
0012,7,old_m1l7.wav,0,4500.0,1
0012,7,m3l7k1t7e3.wav,y,3957.0,1
0012,7,old_m3l7.wav,0,4500.0,1
0012,7,m2l7k2t5e3.wav,0,4500.0,1
0012,7,m1l7k2t5e2.wav,0,4500.0,1
0012,7,m1l7k2t5e1.wav,y,2835.0,1
0012,7,m3l7k2t5e3.wav,0,4500.0,1
0012,7,m1l7k2t5e3.wav,0,4500.0,1
0012,7,m1l7k1t7e1.wav,y,3178.0,1
0012,7,old_m1l7.wav,r,3743.0,1
0012,7,m3l7k2t5e2.wav,0,4500.0,1
0013,3,old_m2l3.wav,0,3000.0,1
0013,3,m3l3k2t2e3.wav,r,2004.0,1
0013,3,m2l3k2t2e2.wav,0,3000.0,1
0013,3,m1l3k1t2e2.wav,0,3000.0,1
0013,3,m1l3k2t2e2.wav,0,3000.0,1
0013,3,m1l3k1t2e1.wav,0,3000.0,1
0013,3,m3l3k1t2e1.wav,0,3000.0,1
0013,3,m1l3k1t3e2.wav,y,2326.0,1
0013,3,m3l3k1t3e1.wav,r,2158.0,1
0013,3,m3l3k2t3e1.wav,0,3000.0,1
0013,3,m3l3k2t3e2.wav,y,2626.0,1
0013,3,old_m1l3.wav,r,1705.0,1
0013,3,m1l3k1t2e3.wav,r,2027.0,1
0013,3,old_m2l3.wav,r,1588.0,1
0013,3,m3l3k1t2e3.wav,0,3000.0,1
0013,3,m2l3k2t3e3.wav,y,2195.0,1
0013,3,old_m2l3.wav,r,1584.0,1
0013,3,m2l3k1t3e3.wav,y,1838.0,1
0013,3,old_m1l3.wav,r,1528.0,1
0013,3,old_m2l3.wav,r,1714.0,1
0013,3,old_m3l3.wav,r,2105.0,1
0013,3,old_m1l3.wav,r,1513.0,1
0013,3,m1l3k2t2e1.wav,y,1883.0,1
0013,3,old_m3l3.wav,r,1738.0,1
0013,3,m3l3k1t2e2.wav,y,1973.0,1
0013,3,old_m1l3.wav,r,1541.0,1
0013,3,old_m1l3.wav,r,1460.0,1
0013,3,old_m2l3.wav,r,1662.0,1
0013,3,m3l3k1t3e3.wav,y,1779.0,1
0013,3,old_m1l3.wav,r,1401.0,1
0013,3,old_m3l3.wav,r,2076.0,1
0013,3,old_m2l3.wav,r,1538.0,1
0013,3,old_m2l3.wav,r,2127.0,1
0013,3,old_m1l3.wav,r,1531.0,1
0013,3,m2l3k1t2e1.wav,y,1385.0,1
0013,3,old_m3l3.wav,r,1518.0,1
0013,3,old_m1l3.wav,r,1296.0,1
0013,3,m2l3k2t2e3.wav,y,1357.0,1
0013,3,old_m3l3.wav,r,1447.0,1
0013,3,old_m2l3.wav,r,1657.0,1
0013,3,old_m2l3.wav,r,1204.0,1
0013,3,old_m1l3.wav,r,1461.0,1
0013,3,old_m2l3.wav,r,1410.0,1
0013,3,m2l3k1t2e3.wav,y,1377.0,1
0013,3,m3l3k2t2e1.wav,y,1718.0,1
0013,3,m1l3k2t3e1.wav,y,1712.0,1
0013,3,old_m3l3.wav,r,1614.0,1
0013,3,old_m3l3.wav,y,2360.0,1
0013,3,m2l3k2t3e1.wav,y,1549.0,1
0013,3,old_m1l3.wav,r,1722.0,1
0013,3,m1l3k2t3e2.wav,y,1741.0,1
0013,3,old_m2l3.wav,r,1794.0,1
0013,3,m1l3k1t3e1.wav,y,1978.0,1
0013,3,old_m3l3.wav,r,1440.0,1
0013,3,m2l3k1t3e1.wav,y,1348.0,1
0013,3,old_m3l3.wav,r,1797.0,1
0013,3,old_m3l3.wav,y,2454.0,1
0013,3,m2l3k1t3e2.wav,y,1518.0,1
0013,3,m1l3k2t2e3.wav,y,2453.0,1
0013,3,m3l3k2t2e2.wav,y,1278.0,1
0013,3,m1l3k2t3e3.wav,y,1750.0,1
0013,3,m3l3k1t3e2.wav,y,1619.0,1
0013,3,m2l3k1t2e2.wav,0,3000.0,1
0013,3,old_m3l3.wav,r,1657.0,1
0013,3,m2l3k2t3e2.wav,0,3000.0,1
0013,3,old_m3l3.wav,r,1347.0,1
0013,3,old_m2l3.wav,r,2123.0,1
0013,3,old_m1l3.wav,0,3000.0,1
0013,3,old_m1l3.wav,0,3000.0,1
0013,3,m2l3k2t2e1.wav,y,1463.0,1
0013,3,m1l3k1t3e3.wav,y,1657.0,1
0013,3,m3l3k2t3e3.wav,y,1529.0,1
0013,5,m2l5k1t5e3.wav,y,3082.0,1
0013,5,old_m3l5.wav,y,2466.0,1
0013,5,old_m3l5.wav,y,3458.0,1
0013,5,old_m2l5.wav,y,2507.0,1
0013,5,old_m3l5.wav,0,3700.0,1
0013,5,old_m2l5.wav,0,3700.0,1
0013,5,old_m3l5.wav,r,2735.0,1
0013,5,m2l5k2t3e3.wav,y,2135.0,1
0013,5,old_m3l5.wav,r,2432.0,1
0013,5,old_m3l5.wav,r,2386.0,1
0013,5,old_m2l5.wav,0,3700.0,1
0013,5,m2l5k2t5e1.wav,r,2455.0,1
0013,5,m1l5k2t3e2.wav,y,2309.0,1
0013,5,m1l5k2t5e2.wav,y,2858.0,1
0013,5,old_m1l5.wav,0,3700.0,1
0013,5,old_m1l5.wav,r,2375.0,1
0013,5,old_m3l5.wav,r,2199.0,1
0013,5,old_m2l5.wav,y,3609.0,1
0013,5,m2l5k1t3e1.wav,y,1799.0,1
0013,5,m3l5k1t5e2.wav,y,2528.0,1
0013,5,old_m2l5.wav,r,2257.0,1
0013,5,m2l5k1t3e3.wav,y,2359.0,1
0013,5,m2l5k2t5e3.wav,y,3063.0,1
0013,5,m3l5k2t5e1.wav,y,2368.0,1
0013,5,m3l5k1t3e3.wav,y,2605.0,1
0013,5,m2l5k1t5e2.wav,y,2468.0,1
0013,5,old_m3l5.wav,r,2666.0,1
0013,5,old_m3l5.wav,r,2271.0,1
0013,5,m1l5k1t5e1.wav,y,2731.0,1
0013,5,old_m3l5.wav,r,2428.0,1
0013,5,old_m1l5.wav,r,2710.0,1
0013,5,m3l5k2t3e1.wav,r,2717.0,1
0013,5,m3l5k2t3e3.wav,y,3024.0,1
0013,5,m2l5k1t3e2.wav,y,2436.0,1
0013,5,m1l5k1t5e2.wav,y,2394.0,1
0013,5,old_m1l5.wav,0,3700.0,1
0013,5,old_m1l5.wav,y,3187.0,1
0013,5,old_m2l5.wav,r,2961.0,1
0013,5,m1l5k2t5e1.wav,y,2119.0,1
0013,5,m3l5k1t3e2.wav,y,2238.0,1
0013,5,m1l5k1t3e3.wav,y,2568.0,1
0013,5,old_m3l5.wav,r,3379.0,1
0013,5,old_m3l5.wav,r,2380.0,1
0013,5,m2l5k2t5e2.wav,y,2271.0,1
0013,5,old_m1l5.wav,r,2386.0,1
0013,5,old_m2l5.wav,y,2953.0,1
0013,5,old_m2l5.wav,r,2320.0,1
0013,5,m2l5k1t5e1.wav,y,2472.0,1
0013,5,old_m1l5.wav,r,2362.0,1
0013,5,m3l5k1t5e1.wav,y,2304.0,1
0013,5,old_m2l5.wav,y,3183.0,1
0013,5,m1l5k2t3e1.wav,y,2920.0,1
0013,5,m3l5k2t5e2.wav,y,2264.0,1
0013,5,m1l5k1t3e2.wav,y,2293.0,1
0013,5,old_m2l5.wav,r,2339.0,1
0013,5,m1l5k2t3e3.wav,y,2172.0,1
0013,5,m2l5k2t3e1.wav,y,2376.0,1
0013,5,old_m1l5.wav,r,2134.0,1
0013,5,old_m1l5.wav,r,2262.0,1
0013,5,old_m1l5.wav,r,2323.0,1
0013,5,old_m1l5.wav,r,2289.0,1
0013,5,old_m2l5.wav,r,3228.0,1
0013,5,m3l5k1t3e1.wav,y,2238.0,1
0013,5,m1l5k2t5e3.wav,y,2296.0,1
0013,5,old_m2l5.wav,y,3536.0,1
0013,5,m3l5k2t3e2.wav,y,2205.0,1
0013,5,m2l5k2t3e2.wav,y,2599.0,1
0013,5,old_m1l5.wav,r,2339.0,1
0013,5,m3l5k1t5e3.wav,y,2095.0,1
0013,5,m3l5k2t5e3.wav,y,2061.0,1
0013,5,m1l5k1t3e1.wav,y,2198.0,1
0013,5,m1l5k1t5e3.wav,y,2172.0,1
0013,7,m3l7k1t7e2.wav,y,3554.0,1
0013,7,old_m2l7.wav,r,3354.0,1
0013,7,m3l7k2t5e3.wav,y,3996.0,1
0013,7,m3l7k2t5e2.wav,r,3095.0,1
0013,7,old_m3l7.wav,r,3223.0,1
0013,7,m3l7k1t7e1.wav,y,2973.0,1
0013,7,m1l7k1t7e1.wav,y,4356.0,1
0013,7,old_m1l7.wav,r,3008.0,1
0013,7,old_m1l7.wav,r,2792.0,1
0013,7,m2l7k2t5e2.wav,y,3243.0,1
0013,7,m2l7k2t5e3.wav,r,2974.0,1
0013,7,m1l7k2t7e2.wav,y,3231.0,1
0013,7,m3l7k1t5e3.wav,y,2858.0,1
0013,7,old_m2l7.wav,r,3062.0,1
0013,7,m2l7k1t5e3.wav,y,2933.0,1
0013,7,m3l7k2t5e1.wav,y,2938.0,1
0013,7,old_m2l7.wav,r,3107.0,1
0013,7,old_m2l7.wav,r,3809.0,1
0013,7,m3l7k1t5e1.wav,y,3152.0,1
0013,7,old_m2l7.wav,r,3501.0,1
0013,7,m2l7k1t7e1.wav,y,2991.0,1
0013,7,old_m2l7.wav,r,3697.0,1
0013,7,old_m1l7.wav,r,2978.0,1
0013,7,old_m3l7.wav,y,3847.0,1
0013,7,old_m1l7.wav,r,3112.0,1
0013,7,m2l7k2t7e1.wav,y,3049.0,1
0013,7,m3l7k2t7e1.wav,y,2789.0,1
0013,7,m3l7k2t7e2.wav,y,2954.0,1
0013,7,old_m1l7.wav,r,2924.0,1
0013,7,old_m3l7.wav,y,3252.0,1
0013,7,m2l7k1t5e2.wav,y,2772.0,1
0013,7,old_m3l7.wav,y,3156.0,1
0013,7,old_m1l7.wav,r,2794.0,1
0013,7,m2l7k2t7e2.wav,y,2963.0,1
0013,7,m1l7k1t5e1.wav,y,3119.0,1
0013,7,old_m1l7.wav,r,2822.0,1
0013,7,old_m1l7.wav,r,2767.0,1
0013,7,old_m2l7.wav,0,4500.0,1
0013,7,m2l7k1t5e1.wav,y,2865.0,1
0013,7,old_m1l7.wav,r,3354.0,1
0013,7,m2l7k2t7e3.wav,y,2987.0,1
0013,7,m1l7k1t5e3.wav,r,3683.0,1
0013,7,old_m2l7.wav,r,2955.0,1
0013,7,m1l7k2t5e3.wav,y,2842.0,1
0013,7,m3l7k2t7e3.wav,y,2934.0,1
0013,7,m1l7k2t7e1.wav,y,3074.0,1
0013,7,old_m2l7.wav,r,2801.0,1
0013,7,m1l7k1t7e3.wav,y,2986.0,1
0013,7,m1l7k2t5e1.wav,r,2885.0,1
0013,7,m2l7k1t7e3.wav,y,3249.0,1
0013,7,m1l7k1t7e2.wav,y,2994.0,1
0013,7,m2l7k2t5e1.wav,y,3719.0,1
0013,7,old_m3l7.wav,y,2927.0,1
0013,7,old_m3l7.wav,y,2984.0,1
0013,7,old_m3l7.wav,y,3261.0,1
0013,7,old_m3l7.wav,y,3174.0,1
0013,7,old_m3l7.wav,y,3566.0,1
0013,7,m1l7k2t5e2.wav,y,3438.0,1
0013,7,m1l7k1t5e2.wav,y,3673.0,1
0013,7,old_m1l7.wav,r,3487.0,1
0013,7,old_m2l7.wav,r,3232.0,1
0013,7,m3l7k1t5e2.wav,y,4138.0,1
0013,7,old_m3l7.wav,r,2833.0,1
0013,7,old_m1l7.wav,0,4500.0,1
0013,7,m2l7k1t7e2.wav,y,2945.0,1
0013,7,old_m3l7.wav,r,3199.0,1
0013,7,old_m1l7.wav,r,4050.0,1
0013,7,old_m2l7.wav,r,2865.0,1
0013,7,old_m3l7.wav,r,3351.0,1
0013,7,old_m2l7.wav,r,2880.0,1
0013,7,m1l7k2t7e3.wav,y,2907.0,1
0013,7,m3l7k1t7e3.wav,y,3466.0,1
0014,3,old_m2l3.wav,0,3000.0,1
0014,3,m1l3k1t2e2.wav,0,3000.0,1
0014,3,m3l3k2t2e1.wav,0,3000.0,1
0014,3,m1l3k1t3e1.wav,r,2980.0,1
0014,3,old_m3l3.wav,0,3000.0,1
0014,3,m2l3k1t3e1.wav,0,3000.0,1
0014,3,m2l3k2t3e2.wav,r,2212.0,1
0014,3,m1l3k1t2e1.wav,0,3000.0,1
0014,3,m3l3k1t3e3.wav,y,2250.0,1
0014,3,m2l3k1t2e2.wav,y,2216.0,1
0014,3,m3l3k2t3e2.wav,y,1954.0,1
0014,3,old_m2l3.wav,y,2781.0,1
0014,3,old_m3l3.wav,0,3000.0,1
0014,3,m3l3k2t2e2.wav,y,2111.0,1
0014,3,m2l3k1t3e2.wav,y,2516.0,1
0014,3,m2l3k1t2e1.wav,y,1513.0,1
0014,3,old_m2l3.wav,r,2663.0,1
0014,3,m1l3k2t2e1.wav,0,3000.0,1
0014,3,old_m3l3.wav,0,3000.0,1
0014,3,old_m1l3.wav,r,2731.0,1
0014,3,old_m2l3.wav,y,2486.0,1
0014,3,old_m2l3.wav,0,3000.0,1
0014,3,old_m2l3.wav,r,2239.0,1
0014,3,old_m3l3.wav,0,3000.0,1
0014,3,m1l3k2t3e3.wav,y,1863.0,1
0014,3,old_m1l3.wav,r,1469.0,1
0014,3,m2l3k2t2e1.wav,y,1538.0,1
0014,3,m1l3k1t3e2.wav,y,1519.0,1
0014,3,m3l3k2t3e1.wav,0,3000.0,1
0014,3,old_m1l3.wav,r,2770.0,1
0014,3,m1l3k2t2e3.wav,y,2105.0,1
0014,3,m2l3k2t3e1.wav,y,2481.0,1
0014,3,m2l3k1t2e3.wav,0,3000.0,1
0014,3,m1l3k2t3e1.wav,0,3000.0,1
0014,3,m3l3k1t3e1.wav,r,2655.0,1
0014,3,old_m3l3.wav,r,1514.0,1
0014,3,m1l3k1t2e3.wav,r,1857.0,1
0014,3,m3l3k1t2e3.wav,y,1654.0,1
0014,3,old_m1l3.wav,0,3000.0,1
0014,3,m3l3k2t2e3.wav,y,1243.0,1
0014,3,old_m3l3.wav,r,1909.0,1
0014,3,old_m3l3.wav,0,3000.0,1
0014,3,old_m3l3.wav,r,2758.0,1
0014,3,m2l3k1t3e3.wav,y,1711.0,1
0014,3,m2l3k2t2e3.wav,y,1406.0,1
0014,3,old_m2l3.wav,0,3000.0,1
0014,3,old_m2l3.wav,r,1534.0,1
0014,3,old_m2l3.wav,r,2857.0,1
0014,3,old_m1l3.wav,y,2645.0,1
0014,3,m3l3k1t3e2.wav,0,3000.0,1
0014,3,m2l3k2t3e3.wav,0,3000.0,1
0014,3,old_m2l3.wav,r,2702.0,1
0014,3,old_m3l3.wav,0,3000.0,1
0014,3,old_m3l3.wav,r,1337.0,1
0014,3,old_m1l3.wav,r,1551.0,1
0014,3,m1l3k2t3e2.wav,y,1994.0,1
0014,3,old_m1l3.wav,r,1567.0,1
0014,3,m2l3k2t2e2.wav,y,1752.0,1
0014,3,old_m1l3.wav,0,3000.0,1
0014,3,m3l3k1t2e2.wav,0,3000.0,1
0014,3,old_m1l3.wav,r,1408.0,1
0014,3,old_m1l3.wav,r,1917.0,1
0014,3,old_m3l3.wav,r,2648.0,1
0014,3,old_m1l3.wav,r,1672.0,1
0014,3,old_m2l3.wav,r,2902.0,1
0014,3,m3l3k1t2e1.wav,y,1520.0,1
0014,3,m3l3k2t3e3.wav,y,1642.0,1
0014,3,old_m1l3.wav,0,3000.0,1
0014,3,old_m3l3.wav,y,1498.0,1
0014,3,m1l3k1t3e3.wav,y,1714.0,1
0014,3,old_m2l3.wav,r,2157.0,1
0014,3,m1l3k2t2e2.wav,0,3000.0,1
0014,5,old_m1l5.wav,0,3700.0,1
0014,5,old_m1l5.wav,r,2894.0,1
0014,5,m1l5k1t3e2.wav,y,3115.0,1
0014,5,old_m2l5.wav,y,2978.0,1
0014,5,m2l5k1t5e1.wav,y,3021.0,1
0014,5,old_m3l5.wav,0,3700.0,1
0014,5,old_m1l5.wav,r,2854.0,1
0014,5,old_m2l5.wav,r,3209.0,1
0014,5,m3l5k1t3e1.wav,0,3700.0,1
0014,5,old_m3l5.wav,0,3700.0,1
0014,5,old_m2l5.wav,r,2681.0,1
0014,5,old_m3l5.wav,r,2719.0,1
0014,5,m3l5k2t5e3.wav,y,2784.0,1
0014,5,m2l5k1t3e1.wav,y,2598.0,1
0014,5,old_m3l5.wav,r,3010.0,1
0014,5,old_m3l5.wav,r,2433.0,1
0014,5,old_m1l5.wav,r,2440.0,1
0014,5,m3l5k2t5e2.wav,y,2510.0,1
0014,5,m2l5k2t5e3.wav,y,2345.0,1
0014,5,old_m1l5.wav,r,2823.0,1
0014,5,old_m3l5.wav,r,3045.0,1
0014,5,m1l5k1t5e1.wav,y,2554.0,1
0014,5,old_m1l5.wav,r,3192.0,1
0014,5,old_m1l5.wav,r,3053.0,1
0014,5,old_m2l5.wav,0,3700.0,1
0014,5,old_m2l5.wav,r,2765.0,1
0014,5,m2l5k1t5e2.wav,y,2229.0,1
0014,5,old_m3l5.wav,r,3697.0,1
0014,5,old_m3l5.wav,r,3011.0,1
0014,5,m2l5k1t3e2.wav,y,3214.0,1
0014,5,old_m1l5.wav,0,3700.0,1
0014,5,m1l5k1t5e3.wav,y,2336.0,1
0014,5,m1l5k2t5e2.wav,y,2553.0,1
0014,5,m2l5k2t5e2.wav,y,2901.0,1
0014,5,old_m3l5.wav,0,3700.0,1
0014,5,m1l5k1t3e3.wav,y,3311.0,1
0014,5,old_m2l5.wav,y,3684.0,1
0014,5,old_m1l5.wav,0,3700.0,1
0014,5,old_m3l5.wav,0,3700.0,1
0014,5,m2l5k2t3e3.wav,y,2408.0,1
0014,5,m3l5k1t5e2.wav,y,3330.0,1
0014,5,m2l5k2t5e1.wav,0,3700.0,1
0014,5,old_m2l5.wav,y,3679.0,1
0014,5,old_m2l5.wav,y,2843.0,1
0014,5,m3l5k1t5e1.wav,y,2538.0,1
0014,5,old_m2l5.wav,y,3640.0,1
0014,5,old_m1l5.wav,0,3700.0,1
0014,5,m1l5k2t5e1.wav,y,2306.0,1
0014,5,m3l5k1t5e3.wav,y,2219.0,1
0014,5,m3l5k2t3e3.wav,r,3485.0,1
0014,5,old_m2l5.wav,0,3700.0,1
0014,5,m1l5k2t5e3.wav,y,2479.0,1
0014,5,m1l5k1t3e1.wav,y,2254.0,1
0014,5,old_m1l5.wav,0,3700.0,1
0014,5,m3l5k1t3e3.wav,y,1880.0,1
0014,5,m3l5k2t5e1.wav,y,2438.0,1
0014,5,m1l5k2t3e2.wav,0,3700.0,1
0014,5,m2l5k1t3e3.wav,y,2983.0,1
0014,5,m1l5k2t3e3.wav,y,3346.0,1
0014,5,m1l5k2t3e1.wav,0,3700.0,1
0014,5,m3l5k2t3e1.wav,0,3700.0,1
0014,5,m3l5k1t3e2.wav,0,3700.0,1
0014,5,old_m2l5.wav,r,2706.0,1
0014,5,old_m2l5.wav,r,2579.0,1
0014,5,m1l5k1t5e2.wav,y,2456.0,1
0014,5,m3l5k2t3e2.wav,0,3700.0,1
0014,5,m2l5k1t5e3.wav,y,2189.0,1
0014,5,old_m1l5.wav,r,2184.0,1
0014,5,m2l5k2t3e2.wav,y,2508.0,1
0014,5,m2l5k2t3e1.wav,y,3080.0,1
0014,5,old_m3l5.wav,r,2261.0,1
0014,5,old_m3l5.wav,0,3700.0,1
0014,7,old_m3l7.wav,r,4185.0,1
0014,7,m1l7k1t5e2.wav,0,4500.0,1
0014,7,m3l7k1t7e2.wav,y,3682.0,1
0014,7,old_m2l7.wav,y,3497.0,1
0014,7,m3l7k1t5e1.wav,y,3720.0,1
0014,7,old_m2l7.wav,y,3070.0,1
0014,7,old_m2l7.wav,r,3643.0,1
0014,7,old_m3l7.wav,r,3166.0,1
0014,7,old_m1l7.wav,r,3474.0,1
0014,7,m2l7k2t5e1.wav,y,3655.0,1
0014,7,old_m1l7.wav,r,3461.0,1
0014,7,old_m1l7.wav,r,3013.0,1
0014,7,m2l7k2t7e2.wav,y,3794.0,1
0014,7,old_m2l7.wav,y,3477.0,1
0014,7,m2l7k2t7e3.wav,y,3100.0,1
0014,7,m1l7k1t5e1.wav,0,4500.0,1
0014,7,m3l7k2t5e3.wav,y,3819.0,1
0014,7,m2l7k2t5e3.wav,y,3566.0,1
0014,7,old_m2l7.wav,y,2891.0,1
0014,7,m1l7k1t5e3.wav,0,4500.0,1
0014,7,old_m2l7.wav,r,2886.0,1
0014,7,old_m1l7.wav,r,3324.0,1
0014,7,old_m1l7.wav,r,2921.0,1
0014,7,m2l7k1t7e3.wav,y,2986.0,1
0014,7,old_m1l7.wav,r,3065.0,1
0014,7,m2l7k1t5e1.wav,0,4500.0,1
0014,7,old_m3l7.wav,0,4500.0,1
0014,7,old_m3l7.wav,r,3033.0,1
0014,7,m1l7k2t7e3.wav,y,3023.0,1
0014,7,old_m3l7.wav,y,2873.0,1
0014,7,old_m1l7.wav,0,4500.0,1
0014,7,m1l7k2t5e3.wav,0,4500.0,1
0014,7,old_m3l7.wav,y,4033.0,1
0014,7,m3l7k1t5e2.wav,y,2930.0,1
0014,7,old_m2l7.wav,y,2922.0,1
0014,7,m3l7k2t5e1.wav,y,3022.0,1
0014,7,m2l7k1t7e2.wav,y,3534.0,1
0014,7,m1l7k1t7e2.wav,y,3909.0,1
0014,7,old_m2l7.wav,0,4500.0,1
0014,7,old_m1l7.wav,r,3652.0,1
0014,7,old_m3l7.wav,r,3200.0,1
0014,7,old_m1l7.wav,r,2863.0,1
0014,7,m3l7k2t7e1.wav,y,3062.0,1
0014,7,m2l7k2t5e2.wav,y,3849.0,1
0014,7,m2l7k1t5e3.wav,y,3076.0,1
0014,7,old_m3l7.wav,r,4138.0,1
0014,7,m3l7k2t7e2.wav,r,3126.0,1
0014,7,old_m1l7.wav,0,4500.0,1
0014,7,m1l7k2t5e1.wav,y,3044.0,1
0014,7,m3l7k1t5e3.wav,0,4500.0,1
0014,7,old_m3l7.wav,0,4500.0,1
0014,7,m1l7k2t7e1.wav,y,3040.0,1
0014,7,old_m2l7.wav,r,3872.0,1
0014,7,m3l7k1t7e3.wav,0,4500.0,1
0014,7,m3l7k2t7e3.wav,0,4500.0,1
0014,7,m2l7k1t7e1.wav,y,3139.0,1
0014,7,m2l7k1t5e2.wav,y,2900.0,1
0014,7,old_m2l7.wav,y,4191.0,1
0014,7,old_m3l7.wav,y,4243.0,1
0014,7,m3l7k1t7e1.wav,y,3057.0,1
0014,7,old_m3l7.wav,0,4500.0,1
0014,7,m2l7k2t7e1.wav,r,3203.0,1
0014,7,old_m1l7.wav,0,4500.0,1
0014,7,old_m1l7.wav,r,3498.0,1
0014,7,m3l7k2t5e2.wav,0,4500.0,1
0014,7,m1l7k1t7e1.wav,y,3105.0,1
0014,7,old_m2l7.wav,0,4500.0,1
0014,7,m1l7k1t7e3.wav,y,4420.0,1
0014,7,m1l7k2t5e2.wav,y,3367.0,1
0014,7,old_m3l7.wav,r,3328.0,1
0014,7,m1l7k2t7e2.wav,y,2920.0,1
0014,7,old_m2l7.wav,r,3318.0,1
0015,3,old_m1l3.wav,r,2078.0,1
0015,3,old_m2l3.wav,r,1762.0,1
0015,3,m2l3k1t2e3.wav,y,1128.0,1
0015,3,m3l3k2t2e3.wav,r,1410.0,1
0015,3,m3l3k2t3e1.wav,y,1214.0,1
0015,3,m1l3k1t3e1.wav,y,1359.0,1
0015,3,m2l3k2t3e1.wav,y,1358.0,1
0015,3,old_m2l3.wav,r,1287.0,1
0015,3,m1l3k1t3e3.wav,y,1271.0,1
0015,3,old_m1l3.wav,r,1120.0,1
0015,3,old_m1l3.wav,r,1111.0,1
0015,3,old_m2l3.wav,r,1227.0,1
0015,3,old_m3l3.wav,r,1319.0,1
0015,3,m2l3k1t3e2.wav,y,1330.0,1
0015,3,m1l3k2t3e3.wav,y,1199.0,1
0015,3,m2l3k2t2e1.wav,y,1358.0,1
0015,3,m1l3k2t3e2.wav,y,1343.0,1
0015,3,old_m3l3.wav,r,1412.0,1
0015,3,m3l3k2t2e1.wav,y,1167.0,1
0015,3,old_m3l3.wav,r,1927.0,1
0015,3,old_m1l3.wav,r,1116.0,1
0015,3,old_m1l3.wav,r,1066.0,1
0015,3,old_m2l3.wav,r,1087.0,1
0015,3,old_m1l3.wav,r,1068.0,1
0015,3,old_m1l3.wav,r,1292.0,1
0015,3,old_m2l3.wav,r,1125.0,1
0015,3,old_m3l3.wav,y,1990.0,1
0015,3,m3l3k1t3e2.wav,y,1224.0,1
0015,3,old_m1l3.wav,r,1063.0,1
0015,3,old_m3l3.wav,r,2089.0,1
0015,3,m2l3k1t2e1.wav,y,1195.0,1
0015,3,m1l3k1t3e2.wav,y,1166.0,1
0015,3,m2l3k1t3e3.wav,y,1336.0,1
0015,3,m3l3k1t3e1.wav,y,1193.0,1
0015,3,m2l3k2t2e2.wav,y,1431.0,1
0015,3,old_m1l3.wav,r,1069.0,1
0015,3,old_m2l3.wav,r,1054.0,1
0015,3,m3l3k1t3e3.wav,y,1164.0,1
0015,3,m2l3k1t2e2.wav,y,1009.0,1
0015,3,m1l3k2t3e1.wav,y,1168.0,1
0015,3,old_m3l3.wav,r,1294.0,1
0015,3,m1l3k2t2e2.wav,y,1041.0,1
0015,3,old_m2l3.wav,r,1214.0,1
0015,3,old_m2l3.wav,r,1190.0,1
0015,3,m3l3k1t2e2.wav,y,1156.0,1
0015,3,old_m2l3.wav,r,1239.0,1
0015,3,old_m2l3.wav,r,1572.0,1
0015,3,old_m3l3.wav,y,1366.0,1
0015,3,m3l3k2t3e2.wav,y,1235.0,1
0015,3,m1l3k2t2e1.wav,y,1185.0,1
0015,3,m2l3k1t3e1.wav,y,1167.0,1
0015,3,old_m3l3.wav,r,1621.0,1
0015,3,old_m2l3.wav,r,1153.0,1
0015,3,m2l3k2t2e3.wav,y,1149.0,1
0015,3,m1l3k1t2e1.wav,y,1242.0,1
0015,3,m3l3k1t2e3.wav,y,1331.0,1
0015,3,old_m3l3.wav,y,1125.0,1
0015,3,m1l3k2t2e3.wav,y,922.0,1
0015,3,m3l3k2t2e2.wav,y,924.0,1
0015,3,m2l3k2t3e3.wav,y,1124.0,1
0015,3,m2l3k2t3e2.wav,y,1343.0,1
0015,3,old_m1l3.wav,r,1126.0,1
0015,3,m3l3k1t2e1.wav,y,1093.0,1
0015,3,m3l3k2t3e3.wav,y,1148.0,1
0015,3,old_m3l3.wav,y,2060.0,1
0015,3,m1l3k1t2e2.wav,y,1085.0,1
0015,3,old_m3l3.wav,r,1219.0,1
0015,3,old_m3l3.wav,r,1241.0,1
0015,3,old_m1l3.wav,r,1117.0,1
0015,3,old_m1l3.wav,r,1072.0,1
0015,3,old_m2l3.wav,r,1054.0,1
0015,3,m1l3k1t2e3.wav,y,1325.0,1
0015,5,m3l5k1t3e1.wav,0,3700.0,1
0015,5,old_m3l5.wav,y,2780.0,1
0015,5,m2l5k2t3e2.wav,y,2238.0,1
0015,5,m2l5k1t5e3.wav,r,2788.0,1
0015,5,m1l5k1t3e1.wav,y,2208.0,1
0015,5,m1l5k1t3e2.wav,y,2188.0,1
0015,5,m2l5k1t3e1.wav,y,2672.0,1
0015,5,old_m2l5.wav,r,1898.0,1
0015,5,m2l5k1t5e2.wav,r,2367.0,1
0015,5,m2l5k1t3e2.wav,y,2464.0,1
0015,5,m1l5k1t5e3.wav,r,2365.0,1
0015,5,m3l5k1t5e2.wav,r,2893.0,1
0015,5,old_m3l5.wav,r,2080.0,1
0015,5,old_m3l5.wav,y,2123.0,1
0015,5,m1l5k2t5e3.wav,y,2084.0,1
0015,5,old_m1l5.wav,r,1703.0,1
0015,5,m3l5k2t5e3.wav,y,1962.0,1
0015,5,old_m1l5.wav,r,1758.0,1
0015,5,m3l5k2t3e2.wav,y,1837.0,1
0015,5,old_m3l5.wav,r,2004.0,1
0015,5,old_m3l5.wav,y,2219.0,1
0015,5,m3l5k2t3e3.wav,y,1698.0,1
0015,5,m3l5k1t5e3.wav,y,1918.0,1
0015,5,m3l5k2t5e2.wav,y,1921.0,1
0015,5,m1l5k2t3e3.wav,y,1502.0,1
0015,5,old_m1l5.wav,r,1775.0,1
0015,5,old_m2l5.wav,r,1991.0,1
0015,5,old_m2l5.wav,r,1725.0,1
0015,5,old_m3l5.wav,r,1747.0,1
0015,5,old_m1l5.wav,r,1780.0,1
0015,5,m3l5k1t3e3.wav,y,1487.0,1
0015,5,old_m1l5.wav,r,1720.0,1
0015,5,old_m1l5.wav,r,1745.0,1
0015,5,old_m3l5.wav,r,2928.0,1
0015,5,old_m2l5.wav,r,1833.0,1
0015,5,m1l5k2t3e2.wav,y,1379.0,1
0015,5,m2l5k2t5e2.wav,y,1855.0,1
0015,5,old_m1l5.wav,r,1776.0,1
0015,5,m2l5k2t5e1.wav,y,2188.0,1
0015,5,old_m2l5.wav,r,1757.0,1
0015,5,m2l5k1t3e3.wav,y,1536.0,1
0015,5,m3l5k1t3e2.wav,y,1432.0,1
0015,5,m2l5k2t5e3.wav,y,1918.0,1
0015,5,old_m1l5.wav,r,1768.0,1
0015,5,m1l5k2t5e1.wav,y,1867.0,1
0015,5,m3l5k2t5e1.wav,y,1887.0,1
0015,5,old_m2l5.wav,r,1911.0,1
0015,5,old_m1l5.wav,r,1917.0,1
0015,5,old_m2l5.wav,r,1845.0,1
0015,5,m2l5k2t3e3.wav,y,1500.0,1
0015,5,old_m2l5.wav,r,1747.0,1
0015,5,old_m1l5.wav,r,1683.0,1
0015,5,old_m1l5.wav,r,1726.0,1
0015,5,old_m3l5.wav,r,2107.0,1
0015,5,old_m3l5.wav,r,1879.0,1
0015,5,m1l5k2t3e1.wav,y,1769.0,1
0015,5,old_m3l5.wav,r,2166.0,1
0015,5,m3l5k1t5e1.wav,y,2063.0,1
0015,5,m1l5k1t5e2.wav,y,1956.0,1
0015,5,old_m3l5.wav,r,1876.0,1
0015,5,m1l5k1t5e1.wav,r,2554.0,1
0015,5,old_m2l5.wav,r,1811.0,1
0015,5,m1l5k2t5e2.wav,y,1900.0,1
0015,5,m3l5k2t3e1.wav,y,2127.0,1
0015,5,old_m2l5.wav,r,1885.0,1
0015,5,old_m3l5.wav,r,1733.0,1
0015,5,m1l5k1t3e3.wav,y,1898.0,1
0015,5,old_m2l5.wav,r,1743.0,1
0015,5,m2l5k2t3e1.wav,y,2125.0,1
0015,5,old_m1l5.wav,r,1746.0,1
0015,5,m2l5k1t5e1.wav,y,1898.0,1
0015,5,old_m2l5.wav,r,1787.0,1
0015,7,old_m2l7.wav,0,4500.0,1
0015,7,old_m2l7.wav,r,3793.0,1
0015,7,m1l7k2t5e2.wav,y,3246.0,1
0015,7,old_m1l7.wav,r,3140.0,1
0015,7,old_m2l7.wav,r,2894.0,1
0015,7,m2l7k1t7e1.wav,y,3173.0,1
0015,7,old_m2l7.wav,r,3689.0,1
0015,7,old_m2l7.wav,r,3223.0,1
0015,7,old_m3l7.wav,r,3381.0,1
0015,7,m1l7k2t5e1.wav,y,2702.0,1
0015,7,old_m3l7.wav,r,2850.0,1
0015,7,old_m3l7.wav,r,3327.0,1
0015,7,m3l7k1t7e2.wav,y,3722.0,1
0015,7,old_m1l7.wav,r,2847.0,1
0015,7,m1l7k1t5e1.wav,y,2750.0,1
0015,7,old_m1l7.wav,r,2698.0,1
0015,7,m1l7k2t7e3.wav,y,2875.0,1
0015,7,old_m3l7.wav,r,2772.0,1
0015,7,old_m1l7.wav,r,2941.0,1
0015,7,m2l7k2t7e1.wav,r,4346.0,1
0015,7,m1l7k1t7e2.wav,y,3029.0,1
0015,7,m1l7k1t5e2.wav,y,2242.0,1
0015,7,m1l7k1t7e3.wav,y,2793.0,1
0015,7,old_m3l7.wav,r,2780.0,1
0015,7,old_m2l7.wav,r,2710.0,1
0015,7,m2l7k2t5e2.wav,y,2855.0,1
0015,7,m1l7k2t7e2.wav,y,4335.0,1
0015,7,old_m1l7.wav,r,2727.0,1
0015,7,m3l7k2t5e3.wav,y,2630.0,1
0015,7,m1l7k1t7e1.wav,y,3294.0,1
0015,7,old_m3l7.wav,r,2674.0,1
0015,7,old_m2l7.wav,r,2608.0,1
0015,7,old_m1l7.wav,r,2673.0,1
0015,7,m3l7k1t5e1.wav,y,2746.0,1
0015,7,old_m2l7.wav,r,2523.0,1
0015,7,m3l7k1t5e3.wav,y,2273.0,1
0015,7,m3l7k2t7e1.wav,r,2658.0,1
0015,7,m3l7k2t5e1.wav,y,2217.0,1
0015,7,old_m2l7.wav,r,2539.0,1
0015,7,m2l7k1t5e1.wav,0,4500.0,1
0015,7,old_m3l7.wav,r,2598.0,1
0015,7,m2l7k1t5e3.wav,y,2580.0,1
0015,7,m3l7k2t5e2.wav,y,3106.0,1
0015,7,m2l7k1t7e2.wav,0,4500.0,1
0015,7,old_m2l7.wav,r,2472.0,1
0015,7,m1l7k2t7e1.wav,y,3020.0,1
0015,7,old_m1l7.wav,r,2526.0,1
0015,7,old_m1l7.wav,r,2543.0,1
0015,7,m2l7k2t7e3.wav,y,2776.0,1
0015,7,m2l7k1t5e2.wav,y,2770.0,1
0015,7,m2l7k2t5e1.wav,y,2955.0,1
0015,7,m2l7k2t7e2.wav,y,4111.0,1
0015,7,old_m1l7.wav,r,2451.0,1
0015,7,old_m3l7.wav,r,2624.0,1
0015,7,old_m2l7.wav,r,2653.0,1
0015,7,m1l7k1t5e3.wav,0,4500.0,1
0015,7,old_m3l7.wav,r,2510.0,1
0015,7,m2l7k2t5e3.wav,0,4500.0,1
0015,7,old_m1l7.wav,r,2456.0,1
0015,7,old_m2l7.wav,r,2382.0,1
0015,7,m3l7k1t5e2.wav,y,2426.0,1
0015,7,m3l7k1t7e1.wav,0,4500.0,1
0015,7,m3l7k1t7e3.wav,y,2841.0,1
0015,7,m1l7k2t5e3.wav,0,4500.0,1
0015,7,old_m1l7.wav,r,2447.0,1
0015,7,m2l7k1t7e3.wav,y,3334.0,1
0015,7,m3l7k2t7e3.wav,y,2878.0,1
0015,7,old_m3l7.wav,r,2580.0,1
0015,7,old_m1l7.wav,r,2444.0,1
0015,7,old_m3l7.wav,r,2934.0,1
0015,7,old_m3l7.wav,r,2703.0,1
0015,7,m3l7k2t7e2.wav,y,2910.0,1
0016,3,m1l3k2t3e2.wav,y,2304.0,1
0016,3,old_m1l3.wav,r,2138.0,1
0016,3,m2l3k1t3e3.wav,y,2167.0,1
0016,3,m1l3k2t3e3.wav,y,1969.0,1
0016,3,old_m3l3.wav,r,1860.0,1
0016,3,old_m1l3.wav,r,1813.0,1
0016,3,m2l3k2t3e1.wav,y,1914.0,1
0016,3,m2l3k2t3e2.wav,y,1696.0,1
0016,3,old_m2l3.wav,r,1667.0,1
0016,3,m1l3k2t2e2.wav,y,1575.0,1
0016,3,old_m3l3.wav,r,2006.0,1
0016,3,old_m3l3.wav,r,1783.0,1
0016,3,m2l3k2t2e1.wav,y,1537.0,1
0016,3,m1l3k1t2e1.wav,y,1491.0,1
0016,3,old_m3l3.wav,y,1614.0,1
0016,3,m2l3k2t2e2.wav,y,1578.0,1
0016,3,m3l3k1t3e3.wav,y,1556.0,1
0016,3,old_m3l3.wav,y,1994.0,1
0016,3,m2l3k2t2e3.wav,y,1446.0,1
0016,3,old_m2l3.wav,r,1994.0,1
0016,3,old_m1l3.wav,r,1635.0,1
0016,3,old_m1l3.wav,r,1490.0,1
0016,3,old_m2l3.wav,r,1436.0,1
0016,3,m3l3k2t2e1.wav,y,1528.0,1
0016,3,old_m1l3.wav,r,1471.0,1
0016,3,m3l3k2t3e2.wav,y,1371.0,1
0016,3,old_m3l3.wav,r,2584.0,1
0016,3,m3l3k2t3e1.wav,y,1504.0,1
0016,3,old_m3l3.wav,y,1333.0,1
0016,3,old_m2l3.wav,r,1718.0,1
0016,3,m2l3k2t3e3.wav,y,1574.0,1
0016,3,m2l3k1t2e2.wav,0,3000.0,1
0016,3,m3l3k1t2e2.wav,y,2133.0,1
0016,3,old_m2l3.wav,r,1624.0,1
0016,3,m1l3k1t2e2.wav,y,1550.0,1
0016,3,old_m2l3.wav,r,1519.0,1
0016,3,m3l3k2t2e2.wav,y,1509.0,1
0016,3,m2l3k1t3e2.wav,y,1850.0,1
0016,3,m3l3k2t2e3.wav,y,1532.0,1
0016,3,old_m3l3.wav,y,1482.0,1
0016,3,m1l3k1t3e3.wav,y,1748.0,1
0016,3,m1l3k2t3e1.wav,y,1618.0,1
0016,3,old_m1l3.wav,y,1755.0,1
0016,3,m1l3k1t3e1.wav,y,1628.0,1
0016,3,old_m1l3.wav,r,1753.0,1
0016,3,old_m2l3.wav,r,1484.0,1
0016,3,m2l3k1t2e1.wav,y,1764.0,1
0016,3,old_m2l3.wav,r,1919.0,1
0016,3,old_m3l3.wav,r,2302.0,1
0016,3,m3l3k1t3e2.wav,y,1703.0,1
0016,3,m3l3k2t3e3.wav,y,1541.0,1
0016,3,m3l3k1t2e3.wav,y,1963.0,1
0016,3,old_m1l3.wav,r,2076.0,1
0016,3,old_m3l3.wav,r,1769.0,1
0016,3,m2l3k1t3e1.wav,y,2639.0,1
0016,3,old_m2l3.wav,0,3000.0,1
0016,3,m1l3k1t2e3.wav,y,1886.0,1
0016,3,old_m2l3.wav,0,3000.0,1
0016,3,old_m2l3.wav,y,1892.0,1
0016,3,m3l3k1t3e1.wav,y,1932.0,1
0016,3,old_m1l3.wav,r,2549.0,1
0016,3,old_m3l3.wav,y,1358.0,1
0016,3,m2l3k1t2e3.wav,y,1638.0,1
0016,3,old_m1l3.wav,r,1740.0,1
0016,3,old_m2l3.wav,y,2119.0,1
0016,3,m1l3k1t3e2.wav,y,1796.0,1
0016,3,old_m1l3.wav,r,1607.0,1
0016,3,old_m1l3.wav,r,1727.0,1
0016,3,old_m3l3.wav,y,1775.0,1
0016,3,m1l3k2t2e1.wav,y,1882.0,1
0016,3,m3l3k1t2e1.wav,y,1676.0,1
0016,3,m1l3k2t2e3.wav,y,1520.0,1
0016,5,old_m3l5.wav,r,2778.0,1
0016,5,m3l5k2t3e2.wav,y,2091.0,1
0016,5,m3l5k1t5e3.wav,y,2245.0,1
0016,5,old_m1l5.wav,r,2139.0,1
0016,5,old_m2l5.wav,r,3230.0,1
0016,5,old_m3l5.wav,r,2516.0,1
0016,5,m1l5k2t3e2.wav,y,1886.0,1
0016,5,m3l5k2t5e1.wav,y,2377.0,1
0016,5,m1l5k1t5e2.wav,r,3514.0,1
0016,5,old_m1l5.wav,r,1997.0,1
0016,5,m1l5k2t3e3.wav,0,3700.0,1
0016,5,old_m3l5.wav,0,3700.0,1
0016,5,m2l5k1t3e2.wav,y,2480.0,1
0016,5,old_m2l5.wav,y,2365.0,1
0016,5,m2l5k1t3e3.wav,y,2482.0,1
0016,5,m2l5k2t3e2.wav,0,3700.0,1
0016,5,m2l5k2t3e3.wav,y,2177.0,1
0016,5,m3l5k2t3e3.wav,y,2017.0,1
0016,5,m2l5k2t5e2.wav,y,2334.0,1
0016,5,old_m3l5.wav,r,3234.0,1
0016,5,m3l5k1t5e1.wav,r,2946.0,1
0016,5,m3l5k1t3e1.wav,r,2826.0,1
0016,5,m1l5k2t5e3.wav,y,2278.0,1
0016,5,old_m1l5.wav,r,3429.0,1
0016,5,m1l5k2t3e1.wav,y,2463.0,1
0016,5,old_m3l5.wav,r,2330.0,1
0016,5,old_m3l5.wav,0,3700.0,1
0016,5,m1l5k2t5e1.wav,0,3700.0,1
0016,5,old_m3l5.wav,y,3199.0,1
0016,5,m3l5k1t3e3.wav,0,3700.0,1
0016,5,m3l5k2t5e3.wav,y,2296.0,1
0016,5,old_m3l5.wav,0,3700.0,1
0016,5,old_m2l5.wav,r,3668.0,1
0016,5,old_m3l5.wav,r,2102.0,1
0016,5,old_m2l5.wav,r,2443.0,1
0016,5,m1l5k1t3e1.wav,y,2157.0,1
0016,5,old_m2l5.wav,0,3700.0,1
0016,5,m2l5k1t5e1.wav,y,2279.0,1
0016,5,old_m1l5.wav,0,3700.0,1
0016,5,m2l5k2t5e1.wav,r,2136.0,1
0016,5,m3l5k2t5e2.wav,y,2509.0,1
0016,5,old_m1l5.wav,r,2177.0,1
0016,5,old_m1l5.wav,r,2378.0,1
0016,5,old_m2l5.wav,0,3700.0,1
0016,5,old_m2l5.wav,y,2197.0,1
0016,5,old_m3l5.wav,y,2717.0,1
0016,5,m2l5k1t3e1.wav,y,1900.0,1
0016,5,m3l5k2t3e1.wav,y,2679.0,1
0016,5,m2l5k2t3e1.wav,y,2094.0,1
0016,5,m2l5k1t5e3.wav,y,2380.0,1
0016,5,m1l5k2t5e2.wav,y,2358.0,1
0016,5,old_m1l5.wav,0,3700.0,1
0016,5,m1l5k1t3e3.wav,0,3700.0,1
0016,5,m3l5k1t5e2.wav,y,2379.0,1
0016,5,old_m1l5.wav,r,2575.0,1
0016,5,old_m1l5.wav,r,2103.0,1
0016,5,old_m1l5.wav,0,3700.0,1
0016,5,old_m2l5.wav,0,3700.0,1
0016,5,m2l5k2t5e3.wav,0,3700.0,1
0016,5,old_m1l5.wav,r,3243.0,1
0016,5,old_m3l5.wav,r,2446.0,1
0016,5,old_m2l5.wav,0,3700.0,1
0016,5,old_m1l5.wav,0,3700.0,1
0016,5,m2l5k1t5e2.wav,0,3700.0,1
0016,5,m1l5k1t5e3.wav,0,3700.0,1
0016,5,old_m2l5.wav,0,3700.0,1
0016,5,m1l5k1t5e1.wav,0,3700.0,1
0016,5,m1l5k1t3e2.wav,0,3700.0,1
0016,5,old_m3l5.wav,0,3700.0,1
0016,5,old_m2l5.wav,0,3700.0,1
0016,5,m3l5k1t3e2.wav,0,3700.0,1
0016,5,old_m2l5.wav,r,2146.0,1
0016,7,m2l7k2t5e1.wav,y,3439.0,1
0016,7,old_m2l7.wav,y,3408.0,1
0016,7,m3l7k1t5e3.wav,y,2950.0,1
0016,7,m2l7k2t7e3.wav,y,3072.0,1
0016,7,old_m2l7.wav,r,3973.0,1
0016,7,m3l7k1t7e3.wav,y,2995.0,1
0016,7,m1l7k2t7e1.wav,y,3229.0,1
0016,7,old_m2l7.wav,r,3368.0,1
0016,7,old_m3l7.wav,r,3352.0,1
0016,7,m1l7k2t5e1.wav,y,2839.0,1
0016,7,old_m1l7.wav,r,3588.0,1
0016,7,old_m3l7.wav,r,3086.0,1
0016,7,m2l7k2t7e1.wav,r,3424.0,1
0016,7,m3l7k1t5e2.wav,y,2572.0,1
0016,7,old_m3l7.wav,r,3162.0,1
0016,7,m2l7k1t7e3.wav,y,3024.0,1
0016,7,old_m2l7.wav,y,3524.0,1
0016,7,m2l7k2t7e2.wav,y,3551.0,1
0016,7,m1l7k1t5e3.wav,y,2920.0,1
0016,7,old_m3l7.wav,y,4039.0,1
0016,7,m3l7k2t7e3.wav,y,3008.0,1
0016,7,old_m1l7.wav,r,3305.0,1
0016,7,m1l7k1t7e3.wav,y,3124.0,1
0016,7,old_m2l7.wav,r,3149.0,1
0016,7,old_m2l7.wav,r,2999.0,1
0016,7,m3l7k1t7e2.wav,y,3330.0,1
0016,7,m2l7k1t5e2.wav,y,3478.0,1
0016,7,old_m1l7.wav,r,2863.0,1
0016,7,m3l7k2t5e3.wav,y,2970.0,1
0016,7,old_m3l7.wav,y,3490.0,1
0016,7,m1l7k2t5e3.wav,0,4500.0,1
0016,7,old_m1l7.wav,r,3021.0,1
0016,7,m3l7k2t5e2.wav,y,2859.0,1
0016,7,old_m1l7.wav,r,3614.0,1
0016,7,m3l7k1t5e1.wav,0,4500.0,1
0016,7,m1l7k2t7e3.wav,y,3035.0,1
0016,7,old_m2l7.wav,r,2703.0,1
0016,7,old_m3l7.wav,r,3228.0,1
0016,7,old_m3l7.wav,r,3105.0,1
0016,7,m2l7k1t5e3.wav,r,4305.0,1
0016,7,old_m1l7.wav,r,2930.0,1
0016,7,old_m3l7.wav,r,2868.0,1
0016,7,m2l7k1t5e1.wav,y,3436.0,1
0016,7,old_m2l7.wav,y,3623.0,1
0016,7,old_m1l7.wav,y,1664.0,1
0016,7,m3l7k2t7e2.wav,y,3467.0,1
0016,7,m3l7k2t5e1.wav,y,3032.0,1
0016,7,m1l7k1t7e2.wav,y,3137.0,1
0016,7,m2l7k1t7e1.wav,y,3495.0,1
0016,7,m3l7k2t7e1.wav,y,3041.0,1
0016,7,m1l7k1t7e1.wav,0,4500.0,1
0016,7,old_m1l7.wav,y,3353.0,1
0016,7,old_m3l7.wav,r,4056.0,1
0016,7,old_m1l7.wav,r,2995.0,1
0016,7,old_m3l7.wav,y,2865.0,1
0016,7,m1l7k2t5e2.wav,y,3435.0,1
0016,7,m1l7k1t5e2.wav,y,3116.0,1
0016,7,old_m1l7.wav,r,2899.0,1
0016,7,old_m2l7.wav,0,4500.0,1
0016,7,old_m2l7.wav,y,3564.0,1
0016,7,old_m3l7.wav,r,3119.0,1
0016,7,old_m3l7.wav,r,3037.0,1
0016,7,m1l7k2t7e2.wav,y,2940.0,1
0016,7,m3l7k1t7e1.wav,y,2937.0,1
0016,7,m2l7k1t7e2.wav,y,3419.0,1
0016,7,old_m1l7.wav,r,3258.0,1
0016,7,m2l7k2t5e2.wav,r,3324.0,1
0016,7,old_m2l7.wav,r,3336.0,1
0016,7,old_m2l7.wav,0,4500.0,1
0016,7,old_m1l7.wav,r,2947.0,1
0016,7,m2l7k2t5e3.wav,y,3257.0,1
0016,7,m1l7k1t5e1.wav,y,3084.0,1
0017,3,m1l3k1t2e1.wav,0,3000.0,1
0017,3,old_m2l3.wav,r,1400.0,1
0017,3,m3l3k2t2e3.wav,y,1266.0,1
0017,3,m3l3k2t2e2.wav,y,1392.0,1
0017,3,old_m2l3.wav,r,1332.0,1
0017,3,m1l3k1t3e3.wav,y,1311.0,1
0017,3,m3l3k1t2e2.wav,y,1332.0,1
0017,3,old_m1l3.wav,r,1500.0,1
0017,3,m2l3k1t2e2.wav,y,1291.0,1
0017,3,m2l3k2t3e3.wav,y,1658.0,1
0017,3,old_m1l3.wav,r,1756.0,1
0017,3,m3l3k1t3e2.wav,r,1986.0,1
0017,3,m2l3k2t2e3.wav,y,1294.0,1
0017,3,m1l3k2t2e2.wav,y,1406.0,1
0017,3,m2l3k1t3e3.wav,y,1319.0,1
0017,3,m2l3k2t3e1.wav,y,1641.0,1
0017,3,m3l3k1t3e3.wav,y,1628.0,1
0017,3,m3l3k2t3e2.wav,y,1686.0,1
0017,3,old_m3l3.wav,r,1436.0,1
0017,3,m1l3k1t3e1.wav,r,1916.0,1
0017,3,old_m3l3.wav,r,1384.0,1
0017,3,m2l3k2t2e1.wav,y,1340.0,1
0017,3,old_m1l3.wav,r,1584.0,1
0017,3,old_m2l3.wav,r,1363.0,1
0017,3,old_m2l3.wav,r,1361.0,1
0017,3,m2l3k1t2e3.wav,y,1368.0,1
0017,3,old_m3l3.wav,r,1759.0,1
0017,3,old_m2l3.wav,y,2066.0,1
0017,3,m1l3k1t2e3.wav,y,1563.0,1
0017,3,m1l3k2t3e1.wav,y,1783.0,1
0017,3,old_m3l3.wav,y,2062.0,1
0017,3,old_m1l3.wav,r,1679.0,1
0017,3,m3l3k1t3e1.wav,y,1381.0,1
0017,3,m2l3k1t3e2.wav,y,1320.0,1
0017,3,m1l3k1t3e2.wav,y,1563.0,1
0017,3,old_m3l3.wav,y,2518.0,1
0017,3,old_m3l3.wav,y,1963.0,1
0017,3,old_m3l3.wav,r,2180.0,1
0017,3,old_m1l3.wav,r,1510.0,1
0017,3,m2l3k1t3e1.wav,y,1751.0,1
0017,3,old_m1l3.wav,r,1954.0,1
0017,3,m2l3k2t3e2.wav,y,1308.0,1
0017,3,old_m3l3.wav,r,1441.0,1
0017,3,m1l3k2t2e1.wav,y,1378.0,1
0017,3,old_m2l3.wav,r,1476.0,1
0017,3,old_m2l3.wav,r,1520.0,1
0017,3,old_m1l3.wav,r,1469.0,1
0017,3,m3l3k1t2e1.wav,y,1549.0,1
0017,3,m2l3k2t2e2.wav,y,1305.0,1
0017,3,old_m3l3.wav,r,1919.0,1
0017,3,m1l3k2t3e3.wav,y,1418.0,1
0017,3,m3l3k2t2e1.wav,y,1544.0,1
0017,3,m1l3k2t2e3.wav,y,1434.0,1
0017,3,old_m3l3.wav,r,1528.0,1
0017,3,m3l3k2t3e1.wav,y,1748.0,1
0017,3,old_m1l3.wav,r,1404.0,1
0017,3,m2l3k1t2e1.wav,y,1313.0,1
0017,3,old_m3l3.wav,r,1619.0,1
0017,3,m3l3k1t2e3.wav,y,1539.0,1
0017,3,old_m2l3.wav,r,1757.0,1
0017,3,old_m1l3.wav,r,1566.0,1
0017,3,old_m1l3.wav,r,2142.0,1
0017,3,m1l3k1t2e2.wav,y,1312.0,1
0017,3,old_m3l3.wav,r,1517.0,1
0017,3,old_m1l3.wav,r,1496.0,1
0017,3,m3l3k2t3e3.wav,y,1552.0,1
0017,3,old_m1l3.wav,r,1292.0,1
0017,3,old_m2l3.wav,r,1834.0,1
0017,3,m1l3k2t3e2.wav,y,1322.0,1
0017,3,old_m2l3.wav,r,1528.0,1
0017,3,old_m2l3.wav,r,1244.0,1
0017,3,old_m2l3.wav,r,1335.0,1
0017,5,old_m2l5.wav,r,2735.0,1
0017,5,old_m1l5.wav,r,2357.0,1
0017,5,m3l5k2t5e2.wav,y,2197.0,1
0017,5,old_m1l5.wav,r,2164.0,1
0017,5,m1l5k2t5e3.wav,y,2206.0,1
0017,5,m1l5k1t3e1.wav,y,1872.0,1
0017,5,old_m3l5.wav,r,2098.0,1
0017,5,old_m3l5.wav,r,2126.0,1
0017,5,old_m3l5.wav,r,2104.0,1
0017,5,m1l5k1t5e1.wav,y,2189.0,1
0017,5,old_m1l5.wav,r,2322.0,1
0017,5,old_m2l5.wav,y,2819.0,1
0017,5,old_m3l5.wav,y,2330.0,1
0017,5,old_m2l5.wav,y,2768.0,1
0017,5,old_m2l5.wav,y,2195.0,1
0017,5,old_m2l5.wav,y,2124.0,1
0017,5,old_m2l5.wav,y,2153.0,1
0017,5,old_m1l5.wav,r,2225.0,1
0017,5,old_m3l5.wav,r,2270.0,1
0017,5,m1l5k2t5e1.wav,y,2104.0,1
0017,5,old_m3l5.wav,y,2443.0,1
0017,5,m3l5k1t5e2.wav,y,2140.0,1
0017,5,m1l5k1t5e3.wav,y,2012.0,1
0017,5,m2l5k1t3e1.wav,y,1757.0,1
0017,5,m2l5k1t5e3.wav,y,2124.0,1
0017,5,old_m2l5.wav,r,2054.0,1
0017,5,old_m3l5.wav,r,2116.0,1
0017,5,old_m1l5.wav,r,2028.0,1
0017,5,m1l5k2t3e3.wav,y,1905.0,1
0017,5,m3l5k1t5e1.wav,y,2061.0,1
0017,5,m2l5k2t3e1.wav,y,1798.0,1
0017,5,m2l5k1t3e2.wav,y,2047.0,1
0017,5,old_m1l5.wav,r,2056.0,1
0017,5,old_m3l5.wav,r,2012.0,1
0017,5,old_m1l5.wav,r,2022.0,1
0017,5,m1l5k1t5e2.wav,y,2218.0,1
0017,5,old_m1l5.wav,r,1993.0,1
0017,5,m3l5k2t3e2.wav,y,1908.0,1
0017,5,m3l5k1t5e3.wav,y,2203.0,1
0017,5,m3l5k1t3e2.wav,y,1871.0,1
0017,5,old_m2l5.wav,r,2419.0,1
0017,5,m3l5k2t5e3.wav,y,2025.0,1
0017,5,old_m3l5.wav,r,1959.0,1
0017,5,m1l5k1t3e3.wav,y,2080.0,1
0017,5,old_m2l5.wav,y,2308.0,1
0017,5,m2l5k2t5e1.wav,y,2088.0,1
0017,5,m2l5k2t3e3.wav,y,1756.0,1
0017,5,old_m2l5.wav,r,1971.0,1
0017,5,m1l5k2t3e2.wav,y,1692.0,1
0017,5,m3l5k1t3e3.wav,y,1470.0,1
0017,5,old_m2l5.wav,r,1986.0,1
0017,5,old_m3l5.wav,r,1945.0,1
0017,5,old_m1l5.wav,r,1962.0,1
0017,5,old_m1l5.wav,r,2026.0,1
0017,5,old_m3l5.wav,r,2072.0,1
0017,5,m2l5k2t5e2.wav,y,2255.0,1
0017,5,m1l5k2t5e2.wav,y,2162.0,1
0017,5,m2l5k2t5e3.wav,y,2044.0,1
0017,5,old_m1l5.wav,r,2202.0,1
0017,5,m3l5k1t3e1.wav,y,2161.0,1
0017,5,old_m3l5.wav,y,2244.0,1
0017,5,m2l5k2t3e2.wav,y,1591.0,1
0017,5,m1l5k1t3e2.wav,y,1869.0,1
0017,5,m3l5k2t5e1.wav,y,2020.0,1
0017,5,m2l5k1t5e2.wav,y,2481.0,1
0017,5,m2l5k1t5e1.wav,y,2484.0,1
0017,5,m3l5k2t3e1.wav,y,2172.0,1
0017,5,m3l5k2t3e3.wav,y,2127.0,1
0017,5,m2l5k1t3e3.wav,y,2151.0,1
0017,5,old_m1l5.wav,r,2042.0,1
0017,5,old_m2l5.wav,y,2478.0,1
0017,5,m1l5k2t3e1.wav,y,1970.0,1
0017,7,old_m1l7.wav,r,4376.0,1
0017,7,m2l7k1t7e2.wav,0,4500.0,1
0017,7,m2l7k2t7e3.wav,y,3575.0,1
0017,7,m2l7k1t5e1.wav,y,3587.0,1
0017,7,m1l7k2t5e2.wav,y,2736.0,1
0017,7,old_m2l7.wav,y,3337.0,1
0017,7,m1l7k1t5e3.wav,y,3072.0,1
0017,7,old_m1l7.wav,r,3160.0,1
0017,7,m2l7k1t5e2.wav,y,2710.0,1
0017,7,m1l7k1t7e3.wav,y,2878.0,1
0017,7,m1l7k1t7e2.wav,y,3383.0,1
0017,7,old_m1l7.wav,r,3233.0,1
0017,7,old_m3l7.wav,r,3234.0,1
0017,7,m3l7k2t5e2.wav,y,2837.0,1
0017,7,old_m1l7.wav,r,3063.0,1
0017,7,m2l7k1t7e3.wav,y,2943.0,1
0017,7,m3l7k2t5e1.wav,y,2720.0,1
0017,7,old_m2l7.wav,r,2992.0,1
0017,7,old_m2l7.wav,r,2924.0,1
0017,7,m1l7k2t7e3.wav,y,2885.0,1
0017,7,old_m3l7.wav,r,3180.0,1
0017,7,m1l7k2t7e1.wav,y,2833.0,1
0017,7,old_m3l7.wav,r,2997.0,1
0017,7,old_m3l7.wav,r,3013.0,1
0017,7,old_m1l7.wav,r,3199.0,1
0017,7,old_m1l7.wav,r,3194.0,1
0017,7,m3l7k2t7e2.wav,y,2942.0,1
0017,7,old_m2l7.wav,r,3146.0,1
0017,7,m3l7k2t5e3.wav,y,2878.0,1
0017,7,old_m1l7.wav,r,3378.0,1
0017,7,m3l7k1t5e1.wav,y,2938.0,1
0017,7,m3l7k2t7e3.wav,y,2953.0,1
0017,7,m1l7k2t5e3.wav,y,2815.0,1
0017,7,m2l7k1t7e1.wav,y,2937.0,1
0017,7,m1l7k2t5e1.wav,y,2825.0,1
0017,7,old_m2l7.wav,r,3055.0,1
0017,7,old_m2l7.wav,r,2957.0,1
0017,7,old_m2l7.wav,r,3233.0,1
0017,7,m3l7k1t5e2.wav,y,2723.0,1
0017,7,m1l7k1t7e1.wav,y,2911.0,1
0017,7,m3l7k1t5e3.wav,y,3003.0,1
0017,7,m2l7k2t5e2.wav,y,3049.0,1
0017,7,old_m1l7.wav,r,2808.0,1
0017,7,old_m2l7.wav,r,3008.0,1
0017,7,old_m3l7.wav,y,2833.0,1
0017,7,m1l7k1t5e1.wav,y,2755.0,1
0017,7,m2l7k2t7e2.wav,y,2809.0,1
0017,7,m2l7k2t7e1.wav,y,2900.0,1
0017,7,m2l7k1t5e3.wav,y,3320.0,1
0017,7,old_m2l7.wav,y,3463.0,1
0017,7,old_m2l7.wav,r,2808.0,1
0017,7,m2l7k2t5e1.wav,y,2808.0,1
0017,7,old_m2l7.wav,r,2840.0,1
0017,7,m3l7k1t7e3.wav,y,2788.0,1
0017,7,old_m3l7.wav,r,2953.0,1
0017,7,m2l7k2t5e3.wav,y,2792.0,1
0017,7,old_m1l7.wav,r,3220.0,1
0017,7,m1l7k2t7e2.wav,y,2722.0,1
0017,7,m3l7k2t7e1.wav,y,2831.0,1
0017,7,old_m1l7.wav,r,2866.0,1
0017,7,old_m3l7.wav,y,3007.0,1
0017,7,old_m1l7.wav,y,2937.0,1
0017,7,m3l7k1t7e1.wav,y,2878.0,1
0017,7,old_m3l7.wav,r,2918.0,1
0017,7,old_m1l7.wav,r,3129.0,1
0017,7,old_m3l7.wav,r,3081.0,1
0017,7,m3l7k1t7e2.wav,y,2819.0,1
0017,7,old_m3l7.wav,y,2670.0,1
0017,7,old_m3l7.wav,y,2650.0,1
0017,7,old_m2l7.wav,r,2912.0,1
0017,7,old_m3l7.wav,y,2995.0,1
0017,7,m1l7k1t5e2.wav,y,2798.0,1
0018,5,m3l5k2t5e3.wav,y,2013.0,1
0018,5,old_m2l5.wav,r,1799.0,1
0018,5,old_m3l5.wav,r,1805.0,1
0018,5,old_m3l5.wav,r,1904.0,1
0018,5,old_m2l5.wav,r,1833.0,1
0018,5,m1l5k2t5e3.wav,y,2035.0,1
0018,5,old_m1l5.wav,r,1857.0,1
0018,5,old_m3l5.wav,r,1910.0,1
0018,5,old_m2l5.wav,r,1925.0,1
0018,5,old_m3l5.wav,r,1813.0,1
0018,5,old_m1l5.wav,r,2055.0,1
0018,5,m2l5k1t5e2.wav,y,2079.0,1
0018,5,old_m1l5.wav,r,1829.0,1
0018,5,m2l5k1t3e3.wav,y,1454.0,1
0018,5,m1l5k1t3e1.wav,y,1423.0,1
0018,5,m3l5k2t3e2.wav,y,1407.0,1
0018,5,m2l5k1t5e1.wav,y,2074.0,1
0018,5,m3l5k2t3e1.wav,y,2563.0,1
0018,5,old_m2l5.wav,r,2376.0,1
0018,5,m3l5k1t5e3.wav,y,2024.0,1
0018,5,m3l5k1t3e3.wav,y,1413.0,1
0018,5,m1l5k1t5e1.wav,y,2119.0,1
0018,5,old_m2l5.wav,r,1896.0,1
0018,5,old_m1l5.wav,r,1795.0,1
0018,5,m2l5k1t3e2.wav,y,1472.0,1
0018,5,m2l5k2t5e2.wav,y,1988.0,1
0018,5,m3l5k1t3e2.wav,y,1455.0,1
0018,5,old_m1l5.wav,r,1713.0,1
0018,5,old_m1l5.wav,r,1955.0,1
0018,5,old_m1l5.wav,r,2048.0,1
0018,5,m1l5k1t3e2.wav,y,1734.0,1
0018,5,old_m3l5.wav,r,2310.0,1
0018,5,old_m3l5.wav,r,1854.0,1
0018,5,m2l5k2t5e3.wav,y,1961.0,1
0018,5,old_m2l5.wav,r,1934.0,1
0018,5,m3l5k1t5e2.wav,y,2020.0,1
0018,5,m1l5k2t5e1.wav,y,2036.0,1
0018,5,m3l5k1t5e1.wav,y,2059.0,1
0018,5,old_m1l5.wav,y,1882.0,1
0018,5,m1l5k2t3e2.wav,y,1401.0,1
0018,5,old_m2l5.wav,r,1930.0,1
0018,5,m1l5k2t3e1.wav,y,1401.0,1
0018,5,old_m1l5.wav,r,1849.0,1
0018,5,m1l5k2t5e2.wav,y,1939.0,1
0018,5,old_m2l5.wav,r,2445.0,1
0018,5,old_m1l5.wav,r,1977.0,1
0018,5,old_m2l5.wav,r,3537.0,1
0018,5,m2l5k1t3e1.wav,y,1491.0,1
0018,5,m3l5k1t3e1.wav,y,1830.0,1
0018,5,m2l5k2t3e1.wav,y,1424.0,1
0018,5,old_m3l5.wav,r,1894.0,1
0018,5,m1l5k1t5e2.wav,y,2083.0,1
0018,5,m1l5k2t3e3.wav,y,1511.0,1
0018,5,old_m3l5.wav,r,1944.0,1
0018,5,old_m1l5.wav,r,1800.0,1
0018,5,m1l5k1t5e3.wav,y,1983.0,1
0018,5,m3l5k2t3e3.wav,y,1673.0,1
0018,5,m2l5k2t3e3.wav,y,1887.0,1
0018,5,m3l5k2t5e2.wav,y,1979.0,1
0018,5,old_m3l5.wav,r,1851.0,1
0018,5,old_m3l5.wav,r,1874.0,1
0018,5,m3l5k2t5e1.wav,y,2049.0,1
0018,5,old_m2l5.wav,r,1868.0,1
0018,5,old_m3l5.wav,r,2189.0,1
0018,5,m2l5k1t5e3.wav,y,1965.0,1
0018,5,m1l5k1t3e3.wav,y,1522.0,1
0018,5,old_m2l5.wav,r,1896.0,1
0018,5,old_m3l5.wav,r,1925.0,1
0018,5,m2l5k2t5e1.wav,y,1996.0,1
0018,5,old_m1l5.wav,r,1856.0,1
0018,5,old_m2l5.wav,r,1944.0,1
0018,5,m2l5k2t3e2.wav,y,1447.0,1
0018,7,old_m1l7.wav,r,3253.0,1
0018,7,old_m1l7.wav,r,3654.0,1
0018,7,m3l7k1t7e2.wav,y,3107.0,1
0018,7,m3l7k1t5e1.wav,y,2747.0,1
0018,7,old_m3l7.wav,r,2924.0,1
0018,7,m2l7k1t7e1.wav,y,2828.0,1
0018,7,m1l7k1t7e3.wav,y,3022.0,1
0018,7,old_m3l7.wav,r,2894.0,1
0018,7,m2l7k1t5e1.wav,y,2293.0,1
0018,7,old_m2l7.wav,r,2776.0,1
0018,7,old_m1l7.wav,r,2955.0,1
0018,7,old_m3l7.wav,r,2794.0,1
0018,7,old_m2l7.wav,r,2862.0,1
0018,7,m1l7k1t7e1.wav,y,2903.0,1
0018,7,m3l7k1t7e3.wav,y,2965.0,1
0018,7,m3l7k2t7e3.wav,y,2938.0,1
0018,7,old_m3l7.wav,r,2802.0,1
0018,7,m2l7k1t7e3.wav,y,2935.0,1
0018,7,old_m3l7.wav,r,2846.0,1
0018,7,m2l7k2t7e2.wav,y,2872.0,1
0018,7,m3l7k2t7e1.wav,y,3699.0,1
0018,7,m1l7k1t5e2.wav,y,2736.0,1
0018,7,m3l7k2t7e2.wav,y,2892.0,1
0018,7,m2l7k2t7e1.wav,y,4200.0,1
0018,7,m2l7k1t7e2.wav,y,2987.0,1
0018,7,old_m2l7.wav,r,3059.0,1
0018,7,m1l7k1t7e2.wav,y,2941.0,1
0018,7,old_m2l7.wav,r,2722.0,1
0018,7,old_m1l7.wav,r,2822.0,1
0018,7,m3l7k2t5e1.wav,y,2212.0,1
0018,7,m3l7k1t7e1.wav,y,2829.0,1
0018,7,old_m2l7.wav,r,2747.0,1
0018,7,m1l7k2t7e3.wav,y,2740.0,1
0018,7,old_m3l7.wav,r,3323.0,1
0018,7,old_m2l7.wav,r,2729.0,1
0018,7,old_m1l7.wav,r,2699.0,1
0018,7,m2l7k2t5e2.wav,y,2180.0,1
0018,7,old_m1l7.wav,r,2745.0,1
0018,7,old_m3l7.wav,r,2604.0,1
0018,7,m1l7k2t7e1.wav,y,2782.0,1
0018,7,old_m1l7.wav,r,2676.0,1
0018,7,m1l7k2t7e2.wav,y,2638.0,1
0018,7,old_m2l7.wav,r,2676.0,1
0018,7,old_m2l7.wav,r,2537.0,1
0018,7,m1l7k2t5e3.wav,y,2146.0,1
0018,7,m1l7k1t5e3.wav,y,2060.0,1
0018,7,m2l7k2t7e3.wav,y,2710.0,1
0018,7,m3l7k2t5e3.wav,y,2033.0,1
0018,7,old_m3l7.wav,0,4500.0,1
0018,7,m3l7k2t5e2.wav,y,2595.0,1
0018,7,old_m1l7.wav,r,2485.0,1
0018,7,old_m2l7.wav,r,2488.0,1
0018,7,old_m2l7.wav,r,2545.0,1
0018,7,old_m3l7.wav,r,3867.0,1
0018,7,m1l7k2t5e2.wav,y,2095.0,1
0018,7,old_m2l7.wav,r,2400.0,1
0018,7,old_m1l7.wav,r,2503.0,1
0018,7,m1l7k1t5e1.wav,y,2123.0,1
0018,7,m1l7k2t5e1.wav,y,2021.0,1
0018,7,old_m3l7.wav,0,4500.0,1
0018,7,m3l7k1t5e3.wav,y,2170.0,1
0018,7,old_m2l7.wav,r,2402.0,1
0018,7,old_m1l7.wav,r,2398.0,1
0018,7,old_m1l7.wav,r,2443.0,1
0018,7,m2l7k2t5e3.wav,y,2040.0,1
0018,7,old_m3l7.wav,y,2914.0,1
0018,7,m2l7k1t5e2.wav,y,2044.0,1
0018,7,m2l7k1t5e3.wav,y,2209.0,1
0018,7,old_m1l7.wav,r,2487.0,1
0018,7,old_m3l7.wav,0,4500.0,1
0018,7,m3l7k1t5e2.wav,y,2171.0,1
0018,7,m2l7k2t5e1.wav,y,2034.0,1
0019,3,m1l3k1t3e3.wav,y,2552.0,1
0019,3,m2l3k1t3e1.wav,y,1680.0,1
0019,3,m1l3k2t2e2.wav,y,1116.0,1
0019,3,m1l3k1t2e1.wav,y,1132.0,1
0019,3,old_m2l3.wav,y,732.0,1
0019,3,m3l3k1t3e2.wav,y,1193.0,1
0019,3,old_m1l3.wav,r,1034.0,1
0019,3,m1l3k2t2e3.wav,y,1183.0,1
0019,3,old_m3l3.wav,y,1018.0,1
0019,3,m2l3k1t3e3.wav,y,691.0,1
0019,3,m2l3k2t3e2.wav,y,730.0,1
0019,3,m3l3k2t3e3.wav,y,1079.0,1
0019,3,m2l3k2t2e3.wav,y,723.0,1
0019,3,old_m1l3.wav,r,1072.0,1
0019,3,old_m2l3.wav,y,1166.0,1
0019,3,old_m2l3.wav,y,596.0,1
0019,3,old_m3l3.wav,y,2059.0,1
0019,3,m1l3k2t3e3.wav,y,1331.0,1
0019,3,m3l3k2t3e1.wav,y,1075.0,1
0019,3,old_m2l3.wav,y,649.0,1
0019,3,old_m2l3.wav,y,668.0,1
0019,3,m2l3k1t3e2.wav,y,654.0,1
0019,3,old_m3l3.wav,y,1946.0,1
0019,3,m3l3k2t2e1.wav,y,1352.0,1
0019,3,old_m1l3.wav,r,1026.0,1
0019,3,m1l3k2t2e1.wav,y,1102.0,1
0019,3,m1l3k1t3e1.wav,y,1214.0,1
0019,3,old_m2l3.wav,y,748.0,1
0019,3,m3l3k2t2e2.wav,y,938.0,1
0019,3,old_m1l3.wav,r,1859.0,1
0019,3,m3l3k1t2e3.wav,y,1105.0,1
0019,3,m3l3k2t3e2.wav,y,1268.0,1
0019,3,old_m1l3.wav,r,1082.0,1
0019,3,old_m1l3.wav,y,2459.0,1
0019,3,m2l3k1t2e1.wav,y,789.0,1
0019,3,old_m3l3.wav,y,1709.0,1
0019,3,m1l3k1t2e2.wav,y,1215.0,1
0019,3,m3l3k1t3e1.wav,y,1161.0,1
0019,3,old_m3l3.wav,y,919.0,1
0019,3,old_m3l3.wav,y,896.0,1
0019,3,old_m2l3.wav,y,920.0,1
0019,3,old_m2l3.wav,y,973.0,1
0019,3,old_m3l3.wav,y,1666.0,1
0019,3,old_m2l3.wav,y,786.0,1
0019,3,m1l3k1t3e2.wav,y,1412.0,1
0019,3,m3l3k2t2e3.wav,y,1569.0,1
0019,3,m2l3k2t3e1.wav,y,1012.0,1
0019,3,old_m1l3.wav,r,1067.0,1
0019,3,m1l3k2t3e2.wav,y,1205.0,1
0019,3,old_m1l3.wav,r,1062.0,1
0019,3,old_m2l3.wav,y,797.0,1
0019,3,m3l3k1t3e3.wav,y,919.0,1
0019,3,old_m3l3.wav,y,1203.0,1
0019,3,old_m3l3.wav,y,1216.0,1
0019,3,m1l3k2t3e1.wav,y,1242.0,1
0019,3,m3l3k1t2e1.wav,y,1236.0,1
0019,3,m2l3k2t2e2.wav,y,785.0,1
0019,3,old_m1l3.wav,r,1134.0,1
0019,3,m2l3k1t2e3.wav,y,772.0,1
0019,3,old_m3l3.wav,y,1755.0,1
0019,3,old_m2l3.wav,y,801.0,1
0019,3,m2l3k2t3e3.wav,y,661.0,1
0019,3,m2l3k1t2e2.wav,y,949.0,1
0019,3,m1l3k1t2e3.wav,y,1197.0,1
0019,3,old_m1l3.wav,r,2604.0,1
0019,3,old_m3l3.wav,y,1042.0,1
0019,3,old_m3l3.wav,y,1070.0,1
0019,3,m3l3k1t2e2.wav,y,1064.0,1
0019,3,old_m1l3.wav,r,1361.0,1
0019,3,old_m2l3.wav,y,775.0,1
0019,3,m2l3k2t2e1.wav,y,1222.0,1
0019,3,old_m1l3.wav,r,1263.0,1
0019,5,m3l5k2t5e3.wav,y,2410.0,1
0019,5,m2l5k2t3e3.wav,y,2271.0,1
0019,5,old_m1l5.wav,r,2122.0,1
0019,5,m2l5k1t5e2.wav,y,2062.0,1
0019,5,old_m2l5.wav,y,1929.0,1
0019,5,old_m3l5.wav,r,1795.0,1
0019,5,old_m3l5.wav,y,2308.0,1
0019,5,old_m2l5.wav,y,1885.0,1
0019,5,old_m2l5.wav,y,1798.0,1
0019,5,m1l5k1t3e3.wav,y,1817.0,1
0019,5,m3l5k2t3e2.wav,y,1657.0,1
0019,5,m1l5k2t5e3.wav,y,2322.0,1
0019,5,old_m3l5.wav,r,1780.0,1
0019,5,m3l5k2t5e1.wav,r,1649.0,1
0019,5,old_m2l5.wav,r,2848.0,1
0019,5,old_m3l5.wav,r,2095.0,1
0019,5,m3l5k2t3e1.wav,r,3141.0,1
0019,5,old_m1l5.wav,r,1686.0,1
0019,5,m2l5k2t3e2.wav,y,1923.0,1
0019,5,old_m2l5.wav,r,2101.0,1
0019,5,old_m3l5.wav,r,1869.0,1
0019,5,m1l5k2t3e3.wav,y,2124.0,1
0019,5,old_m2l5.wav,r,2449.0,1
0019,5,old_m2l5.wav,y,2173.0,1
0019,5,m3l5k1t3e3.wav,y,2013.0,1
0019,5,old_m3l5.wav,r,1813.0,1
0019,5,m3l5k2t5e2.wav,y,2185.0,1
0019,5,old_m2l5.wav,r,1935.0,1
0019,5,old_m2l5.wav,r,2007.0,1
0019,5,m1l5k1t3e2.wav,y,1867.0,1
0019,5,m1l5k1t5e1.wav,y,2175.0,1
0019,5,m2l5k1t3e1.wav,y,2034.0,1
0019,5,old_m1l5.wav,r,1870.0,1
0019,5,m2l5k2t5e1.wav,y,2657.0,1
0019,5,m2l5k2t3e1.wav,y,1935.0,1
0019,5,m2l5k1t3e2.wav,y,1912.0,1
0019,5,old_m2l5.wav,r,1919.0,1
0019,5,old_m2l5.wav,r,1921.0,1
0019,5,m2l5k1t3e3.wav,y,2050.0,1
0019,5,m1l5k2t3e1.wav,y,2050.0,1
0019,5,old_m1l5.wav,r,2126.0,1
0019,5,m2l5k1t5e3.wav,y,2161.0,1
0019,5,old_m1l5.wav,r,1822.0,1
0019,5,m2l5k2t5e3.wav,r,2434.0,1
0019,5,m3l5k1t5e2.wav,y,2591.0,1
0019,5,m2l5k1t5e1.wav,r,1940.0,1
0019,5,old_m2l5.wav,r,2046.0,1
0019,5,old_m1l5.wav,r,1799.0,1
0019,5,old_m3l5.wav,y,2039.0,1
0019,5,m1l5k1t5e3.wav,y,2182.0,1
0019,5,old_m3l5.wav,r,2935.0,1
0019,5,old_m1l5.wav,r,1887.0,1
0019,5,old_m1l5.wav,0,3700.0,1
0019,5,old_m3l5.wav,r,1978.0,1
0019,5,old_m3l5.wav,y,2015.0,1
0019,5,m3l5k1t5e1.wav,y,2124.0,1
0019,5,m2l5k2t5e2.wav,y,2388.0,1
0019,5,m3l5k1t3e2.wav,y,2100.0,1
0019,5,m1l5k2t5e2.wav,y,3483.0,1
0019,5,old_m1l5.wav,r,2043.0,1
0019,5,old_m1l5.wav,r,1981.0,1
0019,5,m3l5k1t3e1.wav,y,1960.0,1
0019,5,m1l5k2t5e1.wav,y,2482.0,1
0019,5,old_m3l5.wav,y,2102.0,1
0019,5,old_m1l5.wav,r,1837.0,1
0019,5,m1l5k1t5e2.wav,y,2109.0,1
0019,5,m1l5k2t3e2.wav,y,1941.0,1
0019,5,m3l5k1t5e3.wav,y,2091.0,1
0019,5,m3l5k2t3e3.wav,y,2056.0,1
0019,5,old_m1l5.wav,r,1800.0,1
0019,5,m1l5k1t3e1.wav,y,1877.0,1
0019,5,old_m3l5.wav,r,1901.0,1
0019,7,old_m3l7.wav,0,4500.0,1
0019,7,m2l7k1t5e2.wav,y,2889.0,1
0019,7,old_m2l7.wav,y,2861.0,1
0019,7,old_m3l7.wav,r,2587.0,1
0019,7,m3l7k1t7e1.wav,y,2635.0,1
0019,7,m1l7k2t7e2.wav,y,3197.0,1
0019,7,old_m1l7.wav,r,2494.0,1
0019,7,old_m3l7.wav,r,2563.0,1
0019,7,m3l7k1t5e1.wav,y,2654.0,1
0019,7,m3l7k2t7e2.wav,r,2943.0,1
0019,7,m2l7k1t7e1.wav,y,2572.0,1
0019,7,m2l7k2t7e1.wav,y,2667.0,1
0019,7,m2l7k1t7e3.wav,y,2600.0,1
0019,7,old_m1l7.wav,r,2578.0,1
0019,7,old_m3l7.wav,y,2556.0,1
0019,7,m1l7k2t7e1.wav,y,2652.0,1
0019,7,old_m2l7.wav,y,2694.0,1
0019,7,m1l7k2t5e1.wav,y,2434.0,1
0019,7,old_m1l7.wav,r,2558.0,1
0019,7,m3l7k2t5e2.wav,y,2659.0,1
0019,7,m1l7k1t5e2.wav,y,2486.0,1
0019,7,old_m2l7.wav,y,2033.0,1
0019,7,m3l7k2t5e1.wav,y,2297.0,1
0019,7,m3l7k1t7e2.wav,y,2893.0,1
0019,7,old_m1l7.wav,r,2502.0,1
0019,7,m2l7k1t5e1.wav,y,1389.0,1
0019,7,m2l7k2t5e1.wav,y,726.0,1
0019,7,m2l7k2t5e2.wav,y,1474.0,1
0019,7,old_m3l7.wav,r,2510.0,1
0019,7,m2l7k1t5e3.wav,y,1930.0,1
0019,7,m2l7k2t7e3.wav,y,1909.0,1
0019,7,old_m3l7.wav,r,2548.0,1
0019,7,m1l7k2t5e2.wav,0,4500.0,1
0019,7,old_m1l7.wav,r,2576.0,1
0019,7,old_m2l7.wav,y,820.0,1
0019,7,old_m2l7.wav,y,843.0,1
0019,7,old_m3l7.wav,r,2739.0,1
0019,7,m1l7k2t7e3.wav,y,2801.0,1
0019,7,old_m1l7.wav,r,2465.0,1
0019,7,m1l7k1t5e1.wav,y,2225.0,1
0019,7,old_m2l7.wav,y,1081.0,1
0019,7,old_m2l7.wav,y,631.0,1
0019,7,old_m2l7.wav,y,675.0,1
0019,7,m3l7k1t5e2.wav,y,2322.0,1
0019,7,m1l7k1t7e3.wav,y,2695.0,1
0019,7,old_m1l7.wav,r,2610.0,1
0019,7,m1l7k1t7e2.wav,y,2639.0,1
0019,7,old_m2l7.wav,y,1402.0,1
0019,7,old_m1l7.wav,r,2453.0,1
0019,7,m3l7k2t7e1.wav,y,3537.0,1
0019,7,old_m1l7.wav,r,2427.0,1
0019,7,old_m3l7.wav,y,1310.0,1
0019,7,old_m2l7.wav,y,4196.0,1
0019,7,m2l7k2t5e3.wav,y,2174.0,1
0019,7,m3l7k2t5e3.wav,y,2053.0,1
0019,7,m3l7k2t7e3.wav,y,2593.0,1
0019,7,m1l7k1t5e3.wav,y,2077.0,1
0019,7,m1l7k2t5e3.wav,y,1902.0,1
0019,7,old_m2l7.wav,y,4375.0,1
0019,7,m3l7k1t5e3.wav,y,2376.0,1
0019,7,old_m3l7.wav,r,3048.0,1
0019,7,m3l7k1t7e3.wav,y,893.0,1
0019,7,old_m1l7.wav,r,2506.0,1
0019,7,old_m1l7.wav,r,2608.0,1
0019,7,old_m3l7.wav,y,2352.0,1
0019,7,m2l7k2t7e2.wav,y,2747.0,1
0019,7,old_m2l7.wav,y,905.0,1
0019,7,m1l7k1t7e1.wav,y,2713.0,1
0019,7,old_m3l7.wav,y,3024.0,1
0019,7,old_m3l7.wav,y,2170.0,1
0019,7,m2l7k1t7e2.wav,y,1222.0,1
0019,7,old_m1l7.wav,r,2564.0,1
0020,3,m1l3k1t2e2.wav,y,1374.0,1
0020,3,old_m2l3.wav,0,3000.0,1
0020,3,old_m2l3.wav,r,1534.0,1
0020,3,m1l3k2t3e3.wav,y,1629.0,1
0020,3,m2l3k1t3e3.wav,y,1511.0,1
0020,3,old_m3l3.wav,r,2816.0,1
0020,3,m2l3k2t3e3.wav,y,1465.0,1
0020,3,old_m2l3.wav,r,2151.0,1
0020,3,old_m1l3.wav,0,3000.0,1
0020,3,old_m2l3.wav,r,1931.0,1
0020,3,m1l3k2t2e2.wav,y,1235.0,1
0020,3,old_m1l3.wav,r,1340.0,1
0020,3,m2l3k1t3e2.wav,y,1504.0,1
0020,3,m1l3k1t2e3.wav,y,1563.0,1
0020,3,old_m3l3.wav,0,3000.0,1
0020,3,m2l3k1t3e1.wav,y,1394.0,1
0020,3,m3l3k2t3e1.wav,y,1429.0,1
0020,3,m3l3k1t2e2.wav,y,1299.0,1
0020,3,m3l3k2t3e3.wav,y,1282.0,1
0020,3,m1l3k1t3e2.wav,y,1456.0,1
0020,3,m3l3k1t3e1.wav,r,2343.0,1
0020,3,old_m3l3.wav,0,3000.0,1
0020,3,old_m2l3.wav,0,3000.0,1
0020,3,m2l3k1t2e3.wav,y,1424.0,1
0020,3,old_m3l3.wav,r,1658.0,1
0020,3,old_m3l3.wav,r,1422.0,1
0020,3,m2l3k2t2e2.wav,y,1382.0,1
0020,3,m3l3k1t2e1.wav,y,1704.0,1
0020,3,old_m2l3.wav,0,3000.0,1
0020,3,old_m1l3.wav,r,1448.0,1
0020,3,m3l3k2t2e3.wav,y,1307.0,1
0020,3,m3l3k2t2e2.wav,y,1414.0,1
0020,3,old_m1l3.wav,r,1450.0,1
0020,3,old_m1l3.wav,r,1317.0,1
0020,3,m3l3k1t3e2.wav,y,1377.0,1
0020,3,m2l3k2t3e2.wav,y,1486.0,1
0020,3,old_m2l3.wav,r,2928.0,1
0020,3,old_m1l3.wav,r,1397.0,1
0020,3,m3l3k2t3e2.wav,y,1340.0,1
0020,3,m1l3k1t3e1.wav,y,1602.0,1
0020,3,old_m2l3.wav,r,1592.0,1
0020,3,m1l3k1t2e1.wav,y,1291.0,1
0020,3,m1l3k2t2e3.wav,y,1143.0,1
0020,3,old_m3l3.wav,r,1985.0,1
0020,3,old_m1l3.wav,r,1327.0,1
0020,3,old_m3l3.wav,y,2775.0,1
0020,3,old_m1l3.wav,r,2141.0,1
0020,3,m1l3k2t3e1.wav,y,1451.0,1
0020,3,m1l3k2t2e1.wav,y,1398.0,1
0020,3,old_m2l3.wav,r,1630.0,1
0020,3,m3l3k1t3e3.wav,y,1491.0,1
0020,3,m2l3k1t2e1.wav,y,1395.0,1
0020,3,old_m3l3.wav,r,1685.0,1
0020,3,old_m3l3.wav,r,1584.0,1
0020,3,m2l3k2t3e1.wav,y,1373.0,1
0020,3,old_m3l3.wav,r,1394.0,1
0020,3,m2l3k2t2e3.wav,y,1528.0,1
0020,3,old_m2l3.wav,0,3000.0,1
0020,3,old_m2l3.wav,r,1691.0,1
0020,3,old_m1l3.wav,r,1543.0,1
0020,3,m1l3k2t3e2.wav,y,1440.0,1
0020,3,m1l3k1t3e3.wav,y,1560.0,1
0020,3,m2l3k2t2e1.wav,y,1377.0,1
0020,3,m2l3k1t2e2.wav,y,1896.0,1
0020,3,old_m3l3.wav,r,1877.0,1
0020,3,old_m1l3.wav,r,1571.0,1
0020,3,old_m3l3.wav,0,3000.0,1
0020,3,m3l3k1t2e3.wav,y,1645.0,1
0020,3,old_m1l3.wav,r,1439.0,1
0020,3,old_m1l3.wav,r,1407.0,1
0020,3,m3l3k2t2e1.wav,y,1499.0,1
0020,3,old_m2l3.wav,r,1659.0,1
0020,5,m1l5k1t3e1.wav,y,2373.0,1
0020,5,m1l5k1t5e1.wav,y,2118.0,1
0020,5,old_m3l5.wav,r,2495.0,1
0020,5,old_m2l5.wav,r,2309.0,1
0020,5,m3l5k1t5e1.wav,y,2224.0,1
0020,5,m2l5k1t5e3.wav,y,2154.0,1
0020,5,old_m3l5.wav,r,2309.0,1
0020,5,old_m1l5.wav,r,2222.0,1
0020,5,old_m2l5.wav,r,2239.0,1
0020,5,m2l5k2t3e1.wav,y,2263.0,1
0020,5,old_m3l5.wav,y,2708.0,1
0020,5,m3l5k1t3e2.wav,y,2823.0,1
0020,5,m3l5k1t5e2.wav,y,2595.0,1
0020,5,old_m1l5.wav,r,2173.0,1
0020,5,old_m3l5.wav,y,3438.0,1
0020,5,m2l5k2t5e1.wav,y,2224.0,1
0020,5,old_m2l5.wav,r,2114.0,1
0020,5,m1l5k1t5e2.wav,y,2051.0,1
0020,5,old_m3l5.wav,y,2820.0,1
0020,5,old_m1l5.wav,r,2204.0,1
0020,5,m3l5k2t3e1.wav,r,3074.0,1
0020,5,m3l5k1t3e1.wav,y,2083.0,1
0020,5,m2l5k1t5e1.wav,y,2116.0,1
0020,5,old_m1l5.wav,r,2263.0,1
0020,5,m2l5k2t3e2.wav,y,2540.0,1
0020,5,m3l5k2t3e3.wav,y,2104.0,1
0020,5,m2l5k2t5e2.wav,y,2044.0,1
0020,5,m2l5k1t3e2.wav,y,1954.0,1
0020,5,old_m1l5.wav,r,2227.0,1
0020,5,old_m2l5.wav,r,2305.0,1
0020,5,old_m1l5.wav,r,2178.0,1
0020,5,m1l5k1t3e3.wav,y,2117.0,1
0020,5,m1l5k2t5e3.wav,y,2166.0,1
0020,5,m1l5k2t3e2.wav,y,2293.0,1
0020,5,m1l5k2t5e2.wav,y,2127.0,1
0020,5,old_m2l5.wav,r,2075.0,1
0020,5,m1l5k1t5e3.wav,y,2135.0,1
0020,5,m3l5k2t5e2.wav,y,2323.0,1
0020,5,old_m2l5.wav,r,2141.0,1
0020,5,old_m3l5.wav,y,3622.0,1
0020,5,old_m2l5.wav,r,2080.0,1
0020,5,old_m3l5.wav,y,2286.0,1
0020,5,old_m3l5.wav,y,2536.0,1
0020,5,m1l5k2t3e3.wav,y,2121.0,1
0020,5,m2l5k1t5e2.wav,y,2134.0,1
0020,5,m3l5k1t3e3.wav,y,1998.0,1
0020,5,m2l5k1t3e3.wav,y,2076.0,1
0020,5,m1l5k2t3e1.wav,y,1992.0,1
0020,5,old_m2l5.wav,r,2125.0,1
0020,5,old_m2l5.wav,r,2071.0,1
0020,5,old_m3l5.wav,y,2571.0,1
0020,5,m2l5k2t3e3.wav,y,1997.0,1
0020,5,old_m2l5.wav,r,2123.0,1
0020,5,old_m3l5.wav,0,3700.0,1
0020,5,m3l5k1t5e3.wav,y,2272.0,1
0020,5,old_m3l5.wav,r,2218.0,1
0020,5,m3l5k2t3e2.wav,y,2043.0,1
0020,5,old_m2l5.wav,r,2071.0,1
0020,5,m3l5k2t5e3.wav,y,2033.0,1
0020,5,old_m1l5.wav,r,1947.0,1
0020,5,old_m1l5.wav,r,2002.0,1
0020,5,old_m1l5.wav,r,2211.0,1
0020,5,old_m2l5.wav,r,2255.0,1
0020,5,m1l5k1t3e2.wav,y,2030.0,1
0020,5,old_m1l5.wav,r,2065.0,1
0020,5,old_m1l5.wav,r,2157.0,1
0020,5,m2l5k2t5e3.wav,y,2189.0,1
0020,5,old_m1l5.wav,r,3120.0,1
0020,5,m1l5k2t5e1.wav,y,2149.0,1
0020,5,m3l5k2t5e1.wav,y,2175.0,1
0020,5,old_m3l5.wav,r,3151.0,1
0020,5,m2l5k1t3e1.wav,y,2024.0,1
0020,7,old_m2l7.wav,r,3668.0,1
0020,7,old_m1l7.wav,r,3477.0,1
0020,7,m3l7k2t7e3.wav,y,3610.0,1
0020,7,m1l7k1t5e1.wav,y,3358.0,1
0020,7,old_m2l7.wav,r,3629.0,1
0020,7,m3l7k1t7e3.wav,y,3237.0,1
0020,7,old_m2l7.wav,r,3202.0,1
0020,7,old_m3l7.wav,r,3174.0,1
0020,7,old_m3l7.wav,r,3198.0,1
0020,7,m2l7k2t7e1.wav,y,3531.0,1
0020,7,m1l7k2t7e1.wav,y,3272.0,1
0020,7,m3l7k2t7e1.wav,0,4500.0,1
0020,7,old_m1l7.wav,r,3255.0,1
0020,7,old_m1l7.wav,r,3032.0,1
0020,7,old_m3l7.wav,r,3132.0,1
0020,7,old_m3l7.wav,r,2991.0,1
0020,7,old_m2l7.wav,r,3051.0,1
0020,7,m1l7k2t7e2.wav,y,2941.0,1
0020,7,m1l7k1t5e2.wav,y,2984.0,1
0020,7,old_m1l7.wav,r,2964.0,1
0020,7,m2l7k2t5e1.wav,y,3048.0,1
0020,7,m1l7k1t7e2.wav,y,3064.0,1
0020,7,m3l7k2t5e2.wav,y,3027.0,1
0020,7,old_m2l7.wav,r,3002.0,1
0020,7,old_m2l7.wav,r,2947.0,1
0020,7,m3l7k1t7e1.wav,y,3063.0,1
0020,7,old_m1l7.wav,r,3092.0,1
0020,7,m3l7k1t5e2.wav,y,2829.0,1
0020,7,old_m1l7.wav,r,3158.0,1
0020,7,old_m2l7.wav,r,3037.0,1
0020,7,m3l7k2t5e3.wav,y,3199.0,1
0020,7,m2l7k1t5e1.wav,y,2993.0,1
0020,7,m2l7k1t5e3.wav,y,2850.0,1
0020,7,m1l7k1t7e1.wav,y,3020.0,1
0020,7,old_m2l7.wav,r,3182.0,1
0020,7,old_m2l7.wav,r,2998.0,1
0020,7,m3l7k1t5e3.wav,y,2874.0,1
0020,7,old_m3l7.wav,r,3189.0,1
0020,7,old_m2l7.wav,r,3201.0,1
0020,7,m2l7k2t5e3.wav,y,2874.0,1
0020,7,old_m3l7.wav,0,4500.0,1
0020,7,old_m1l7.wav,r,3822.0,1
0020,7,old_m3l7.wav,0,4500.0,1
0020,7,m1l7k2t5e3.wav,y,2743.0,1
0020,7,old_m3l7.wav,y,3310.0,1
0020,7,old_m1l7.wav,r,3236.0,1
0020,7,m2l7k2t5e2.wav,y,2820.0,1
0020,7,old_m1l7.wav,r,3053.0,1
0020,7,m2l7k1t5e2.wav,y,2719.0,1
0020,7,old_m3l7.wav,0,4500.0,1
0020,7,old_m1l7.wav,r,2699.0,1
0020,7,m2l7k2t7e2.wav,y,2983.0,1
0020,7,m1l7k2t7e3.wav,y,2921.0,1
0020,7,m1l7k1t5e3.wav,y,2953.0,1
0020,7,m2l7k1t7e3.wav,y,2976.0,1
0020,7,m3l7k1t5e1.wav,y,2909.0,1
0020,7,m2l7k2t7e3.wav,y,2998.0,1
0020,7,old_m3l7.wav,r,3378.0,1
0020,7,old_m1l7.wav,r,2950.0,1
0020,7,m2l7k1t7e2.wav,y,2913.0,1
0020,7,old_m2l7.wav,r,2943.0,1
0020,7,m3l7k1t7e2.wav,y,2978.0,1
0020,7,old_m3l7.wav,r,3202.0,1
0020,7,old_m2l7.wav,r,2985.0,1
0020,7,m2l7k1t7e1.wav,y,2848.0,1
0020,7,m1l7k2t5e1.wav,y,2852.0,1
0020,7,old_m3l7.wav,y,3888.0,1
0020,7,m1l7k2t5e2.wav,y,2711.0,1
0020,7,old_m1l7.wav,r,2985.0,1
0020,7,m3l7k2t5e1.wav,y,2725.0,1
0020,7,m1l7k1t7e3.wav,y,2829.0,1
0020,7,m3l7k2t7e2.wav,y,3424.0,1
0021,3,m1l3k2t3e1.wav,0,3000.0,1
0021,3,old_m3l3.wav,0,3000.0,1
0021,3,m2l3k1t2e3.wav,y,1958.0,1
0021,3,old_m2l3.wav,r,2398.0,1
0021,3,old_m1l3.wav,r,1686.0,1
0021,3,old_m2l3.wav,r,2521.0,1
0021,3,old_m2l3.wav,r,2234.0,1
0021,3,old_m3l3.wav,r,2594.0,1
0021,3,old_m3l3.wav,0,3000.0,1
0021,3,old_m1l3.wav,r,1734.0,1
0021,3,m2l3k2t2e3.wav,y,1567.0,1
0021,3,old_m2l3.wav,y,2845.0,1
0021,3,old_m1l3.wav,r,1949.0,1
0021,3,old_m3l3.wav,r,2508.0,1
0021,3,m2l3k1t3e3.wav,y,1798.0,1
0021,3,old_m3l3.wav,r,1652.0,1
0021,3,m2l3k2t2e2.wav,y,1667.0,1
0021,3,m1l3k2t2e1.wav,y,1528.0,1
0021,3,old_m1l3.wav,r,2075.0,1
0021,3,m3l3k2t2e3.wav,y,2214.0,1
0021,3,old_m2l3.wav,r,1641.0,1
0021,3,m1l3k1t3e2.wav,y,1668.0,1
0021,3,old_m1l3.wav,r,2035.0,1
0021,3,m2l3k2t3e1.wav,y,1607.0,1
0021,3,old_m1l3.wav,0,3000.0,1
0021,3,m1l3k1t2e1.wav,0,3000.0,1
0021,3,old_m1l3.wav,r,2096.0,1
0021,3,old_m2l3.wav,r,2357.0,1
0021,3,old_m3l3.wav,0,3000.0,1
0021,3,m1l3k2t2e3.wav,y,1953.0,1
0021,3,m1l3k2t2e2.wav,y,1399.0,1
0021,3,m2l3k2t3e3.wav,y,1542.0,1
0021,3,old_m2l3.wav,0,3000.0,1
0021,3,old_m1l3.wav,0,3000.0,1
0021,3,m1l3k2t3e2.wav,y,1546.0,1
0021,3,m3l3k2t3e2.wav,y,1523.0,1
0021,3,old_m2l3.wav,0,3000.0,1
0021,3,m3l3k2t2e1.wav,y,1274.0,1
0021,3,m3l3k1t3e3.wav,y,1437.0,1
0021,3,old_m2l3.wav,y,2140.0,1
0021,3,old_m3l3.wav,0,3000.0,1
0021,3,m1l3k1t2e2.wav,y,1453.0,1
0021,3,m1l3k1t3e3.wav,y,1512.0,1
0021,3,m3l3k2t3e1.wav,0,3000.0,1
0021,3,m2l3k1t3e1.wav,0,3000.0,1
0021,3,old_m2l3.wav,r,1529.0,1
0021,3,old_m1l3.wav,r,1429.0,1
0021,3,m3l3k2t2e2.wav,y,2687.0,1
0021,3,m1l3k2t3e3.wav,y,1586.0,1
0021,3,m2l3k2t2e1.wav,y,1266.0,1
0021,3,m1l3k1t2e3.wav,0,3000.0,1
0021,3,old_m1l3.wav,r,1575.0,1
0021,3,old_m2l3.wav,0,3000.0,1
0021,3,old_m1l3.wav,0,3000.0,1
0021,3,m1l3k1t3e1.wav,y,1410.0,1
0021,3,old_m3l3.wav,r,2770.0,1
0021,3,m2l3k1t2e2.wav,y,1247.0,1
0021,3,old_m3l3.wav,r,1517.0,1
0021,3,m2l3k1t3e2.wav,y,1435.0,1
0021,3,old_m1l3.wav,r,1926.0,1
0021,3,old_m3l3.wav,0,3000.0,1
0021,3,m3l3k2t3e3.wav,y,1589.0,1
0021,3,old_m2l3.wav,y,2323.0,1
0021,3,old_m3l3.wav,r,1659.0,1
0021,3,m3l3k1t2e3.wav,y,1405.0,1
0021,3,old_m3l3.wav,y,2269.0,1
0021,3,m2l3k1t2e1.wav,y,1326.0,1
0021,3,m3l3k1t3e1.wav,0,3000.0,1
0021,3,m3l3k1t3e2.wav,y,2506.0,1
0021,3,m3l3k1t2e1.wav,0,3000.0,1
0021,3,m3l3k1t2e2.wav,y,2280.0,1
0021,3,m2l3k2t3e2.wav,y,1794.0,1
0021,5,old_m2l5.wav,r,2474.0,1
0021,5,m2l5k1t3e1.wav,y,2020.0,1
0021,5,m1l5k2t3e3.wav,y,2161.0,1
0021,5,m1l5k2t5e2.wav,y,2279.0,1
0021,5,old_m3l5.wav,r,2192.0,1
0021,5,m1l5k1t3e1.wav,y,2150.0,1
0021,5,old_m3l5.wav,r,2264.0,1
0021,5,old_m3l5.wav,r,2219.0,1
0021,5,old_m1l5.wav,r,2046.0,1
0021,5,old_m2l5.wav,r,3530.0,1
0021,5,m1l5k2t3e1.wav,y,2532.0,1
0021,5,old_m2l5.wav,y,3294.0,1
0021,5,m1l5k1t3e2.wav,y,2812.0,1
0021,5,m3l5k1t3e2.wav,y,2152.0,1
0021,5,m1l5k1t5e2.wav,y,2289.0,1
0021,5,m3l5k2t5e1.wav,0,3700.0,1
0021,5,old_m2l5.wav,y,3634.0,1
0021,5,m1l5k1t3e3.wav,y,1839.0,1
0021,5,old_m1l5.wav,r,2976.0,1
0021,5,m2l5k2t3e1.wav,0,3700.0,1
0021,5,old_m2l5.wav,r,3004.0,1
0021,5,m2l5k2t3e3.wav,y,2026.0,1
0021,5,old_m2l5.wav,r,2446.0,1
0021,5,old_m1l5.wav,r,2135.0,1
0021,5,m1l5k2t5e3.wav,y,2213.0,1
0021,5,old_m2l5.wav,0,3700.0,1
0021,5,m3l5k1t5e3.wav,y,2164.0,1
0021,5,old_m1l5.wav,r,2070.0,1
0021,5,old_m2l5.wav,r,2854.0,1
0021,5,m2l5k2t5e1.wav,y,3538.0,1
0021,5,m3l5k1t3e3.wav,y,2122.0,1
0021,5,old_m3l5.wav,r,3558.0,1
0021,5,m2l5k2t5e2.wav,y,2125.0,1
0021,5,old_m1l5.wav,r,2140.0,1
0021,5,m3l5k1t5e2.wav,0,3700.0,1
0021,5,m3l5k1t5e1.wav,y,2287.0,1
0021,5,old_m3l5.wav,r,2172.0,1
0021,5,m1l5k1t5e3.wav,y,2096.0,1
0021,5,m2l5k2t3e2.wav,y,2137.0,1
0021,5,m2l5k1t3e3.wav,0,3700.0,1
0021,5,old_m1l5.wav,r,1929.0,1
0021,5,old_m3l5.wav,r,2233.0,1
0021,5,old_m3l5.wav,r,2228.0,1
0021,5,old_m1l5.wav,r,2482.0,1
0021,5,m3l5k2t5e2.wav,y,2198.0,1
0021,5,m1l5k2t5e1.wav,y,2113.0,1
0021,5,old_m3l5.wav,r,2100.0,1
0021,5,old_m3l5.wav,r,2096.0,1
0021,5,m3l5k2t3e2.wav,y,1857.0,1
0021,5,old_m2l5.wav,y,2593.0,1
0021,5,old_m1l5.wav,r,2222.0,1
0021,5,m2l5k1t3e2.wav,y,2087.0,1
0021,5,old_m1l5.wav,r,2607.0,1
0021,5,m3l5k2t3e1.wav,y,2042.0,1
0021,5,m2l5k1t5e2.wav,y,2368.0,1
0021,5,m1l5k1t5e1.wav,0,3700.0,1
0021,5,old_m3l5.wav,r,2890.0,1
0021,5,old_m3l5.wav,r,3527.0,1
0021,5,m2l5k1t5e1.wav,y,2156.0,1
0021,5,old_m3l5.wav,r,2881.0,1
0021,5,m2l5k2t5e3.wav,y,2031.0,1
0021,5,m3l5k2t3e3.wav,y,2573.0,1
0021,5,old_m2l5.wav,y,2801.0,1
0021,5,m3l5k2t5e3.wav,y,2161.0,1
0021,5,old_m1l5.wav,r,2499.0,1
0021,5,old_m1l5.wav,r,2071.0,1
0021,5,old_m2l5.wav,r,2065.0,1
0021,5,m3l5k1t3e1.wav,y,2230.0,1
0021,5,old_m1l5.wav,r,2106.0,1
0021,5,m2l5k1t5e3.wav,y,2216.0,1
0021,5,m1l5k2t3e2.wav,y,2117.0,1
0021,5,old_m2l5.wav,r,3171.0,1
0021,7,m1l7k2t7e1.wav,y,3126.0,1
0021,7,old_m1l7.wav,r,2910.0,1
0021,7,m3l7k1t7e2.wav,y,3174.0,1
0021,7,old_m1l7.wav,r,2956.0,1
0021,7,m1l7k1t7e1.wav,y,2930.0,1
0021,7,old_m3l7.wav,y,3003.0,1
0021,7,old_m1l7.wav,r,3689.0,1
0021,7,old_m1l7.wav,r,2955.0,1
0021,7,m3l7k2t5e2.wav,y,2995.0,1
0021,7,old_m3l7.wav,r,3646.0,1
0021,7,old_m3l7.wav,0,4500.0,1
0021,7,old_m2l7.wav,r,3068.0,1
0021,7,old_m1l7.wav,r,3311.0,1
0021,7,old_m3l7.wav,y,3601.0,1
0021,7,m3l7k1t7e1.wav,y,2958.0,1
0021,7,m2l7k2t7e1.wav,0,4500.0,1
0021,7,m1l7k1t7e2.wav,y,2948.0,1
0021,7,old_m3l7.wav,r,3966.0,1
0021,7,m2l7k1t5e3.wav,y,2989.0,1
0021,7,m1l7k1t5e1.wav,y,2864.0,1
0021,7,old_m2l7.wav,y,3004.0,1
0021,7,m2l7k2t5e1.wav,y,2929.0,1
0021,7,old_m3l7.wav,r,3719.0,1
0021,7,old_m2l7.wav,r,3382.0,1
0021,7,old_m2l7.wav,r,4107.0,1
0021,7,old_m3l7.wav,y,2900.0,1
0021,7,old_m1l7.wav,r,2853.0,1
0021,7,m3l7k2t7e2.wav,y,2872.0,1
0021,7,old_m1l7.wav,r,2863.0,1
0021,7,m2l7k2t5e2.wav,y,3129.0,1
0021,7,old_m2l7.wav,y,3328.0,1
0021,7,m1l7k1t7e3.wav,y,2914.0,1
0021,7,old_m2l7.wav,r,3701.0,1
0021,7,old_m1l7.wav,r,4019.0,1
0021,7,m2l7k1t7e2.wav,y,2968.0,1
0021,7,m2l7k2t7e3.wav,y,2758.0,1
0021,7,m3l7k1t5e1.wav,y,2864.0,1
0021,7,old_m1l7.wav,r,2894.0,1
0021,7,old_m2l7.wav,r,2976.0,1
0021,7,m3l7k2t5e1.wav,y,2997.0,1
0021,7,old_m3l7.wav,y,2855.0,1
0021,7,m1l7k1t5e2.wav,y,2780.0,1
0021,7,m3l7k2t7e3.wav,y,2920.0,1
0021,7,m1l7k2t5e1.wav,y,2796.0,1
0021,7,m2l7k1t5e2.wav,y,2750.0,1
0021,7,m1l7k1t5e3.wav,y,2959.0,1
0021,7,old_m3l7.wav,r,2930.0,1
0021,7,m1l7k2t7e2.wav,y,2999.0,1
0021,7,m3l7k2t5e3.wav,y,2809.0,1
0021,7,m2l7k1t7e3.wav,y,2929.0,1
0021,7,m2l7k1t7e1.wav,y,2965.0,1
0021,7,m3l7k2t7e1.wav,y,3485.0,1
0021,7,m3l7k1t5e3.wav,y,4087.0,1
0021,7,old_m2l7.wav,r,3077.0,1
0021,7,old_m3l7.wav,r,4004.0,1
0021,7,old_m2l7.wav,r,4410.0,1
0021,7,m1l7k2t5e3.wav,y,2841.0,1
0021,7,old_m1l7.wav,r,3237.0,1
0021,7,m2l7k1t5e1.wav,y,2912.0,1
0021,7,m1l7k2t7e3.wav,y,3089.0,1
0021,7,old_m1l7.wav,r,3223.0,1
0021,7,old_m3l7.wav,r,3762.0,1
0021,7,m3l7k1t7e3.wav,y,2850.0,1
0021,7,m2l7k2t7e2.wav,y,2911.0,1
0021,7,m3l7k1t5e2.wav,y,2963.0,1
0021,7,m2l7k2t5e3.wav,0,4500.0,1
0021,7,old_m2l7.wav,r,2787.0,1
0021,7,old_m2l7.wav,r,3926.0,1
0021,7,old_m3l7.wav,r,4151.0,1
0021,7,m1l7k2t5e2.wav,y,2965.0,1
0021,7,old_m1l7.wav,r,3231.0,1
0021,7,old_m2l7.wav,r,3587.0,1
0022,3,old_m1l3.wav,r,2591.0,1
0022,3,m1l3k1t3e1.wav,r,2238.0,1
0022,3,old_m2l3.wav,r,1645.0,1
0022,3,m2l3k1t3e2.wav,y,2925.0,1
0022,3,old_m1l3.wav,r,1483.0,1
0022,3,m1l3k1t2e3.wav,y,1880.0,1
0022,3,m1l3k1t3e2.wav,r,1282.0,1
0022,3,old_m2l3.wav,y,1344.0,1
0022,3,old_m2l3.wav,r,1640.0,1
0022,3,m1l3k1t3e3.wav,0,3000.0,1
0022,3,old_m3l3.wav,y,1926.0,1
0022,3,old_m1l3.wav,r,1816.0,1
0022,3,old_m3l3.wav,r,1371.0,1
0022,3,old_m3l3.wav,r,1280.0,1
0022,3,old_m2l3.wav,r,1983.0,1
0022,3,m1l3k2t2e2.wav,y,1570.0,1
0022,3,m2l3k2t2e1.wav,y,1908.0,1
0022,3,old_m1l3.wav,r,1607.0,1
0022,3,old_m2l3.wav,y,1926.0,1
0022,3,old_m3l3.wav,y,2016.0,1
0022,3,old_m1l3.wav,r,1672.0,1
0022,3,m1l3k2t3e2.wav,y,1537.0,1
0022,3,old_m1l3.wav,r,1173.0,1
0022,3,m2l3k2t2e3.wav,y,1439.0,1
0022,3,m1l3k2t2e1.wav,y,1437.0,1
0022,3,old_m3l3.wav,y,1655.0,1
0022,3,m2l3k2t3e2.wav,y,1665.0,1
0022,3,old_m3l3.wav,r,1174.0,1
0022,3,old_m1l3.wav,r,1529.0,1
0022,3,old_m1l3.wav,r,1732.0,1
0022,3,old_m1l3.wav,y,1985.0,1
0022,3,m2l3k2t3e3.wav,y,1298.0,1
0022,3,old_m2l3.wav,r,2507.0,1
0022,3,m1l3k2t3e3.wav,y,1247.0,1
0022,3,old_m3l3.wav,r,2933.0,1
0022,3,old_m3l3.wav,y,2032.0,1
0022,3,m3l3k1t2e3.wav,y,1825.0,1
0022,3,m3l3k2t2e3.wav,r,1552.0,1
0022,3,old_m2l3.wav,y,1346.0,1
0022,3,m3l3k1t2e1.wav,r,1364.0,1
0022,3,m3l3k2t3e2.wav,y,2150.0,1
0022,3,old_m3l3.wav,y,1378.0,1
0022,3,m3l3k2t3e3.wav,y,1601.0,1
0022,3,m3l3k1t3e3.wav,y,1932.0,1
0022,3,m1l3k2t2e3.wav,r,1517.0,1
0022,3,old_m2l3.wav,r,1209.0,1
0022,3,old_m3l3.wav,r,1105.0,1
0022,3,old_m2l3.wav,y,1318.0,1
0022,3,old_m3l3.wav,y,2042.0,1
0022,3,old_m2l3.wav,r,1659.0,1
0022,3,m2l3k2t2e2.wav,y,1223.0,1
0022,3,old_m2l3.wav,r,1697.0,1
0022,3,old_m1l3.wav,y,1189.0,1
0022,3,m3l3k2t2e2.wav,y,1745.0,1
0022,3,old_m3l3.wav,r,1476.0,1
0022,3,m3l3k1t2e2.wav,y,1385.0,1
0022,3,old_m1l3.wav,r,1356.0,1
0022,3,m2l3k1t2e3.wav,y,1700.0,1
0022,3,m2l3k1t3e1.wav,0,3000.0,1
0022,3,m3l3k2t3e1.wav,y,1721.0,1
0022,3,m1l3k1t2e2.wav,r,1793.0,1
0022,3,m2l3k2t3e1.wav,y,1613.0,1
0022,3,m2l3k1t2e1.wav,y,1401.0,1
0022,3,m1l3k1t2e1.wav,y,1825.0,1
0022,3,old_m2l3.wav,y,1049.0,1
0022,3,m3l3k2t2e1.wav,r,1740.0,1
0022,3,m3l3k1t3e2.wav,y,1325.0,1
0022,3,m2l3k1t2e2.wav,y,1303.0,1
0022,3,m2l3k1t3e3.wav,y,1551.0,1
0022,3,m3l3k1t3e1.wav,r,2243.0,1
0022,3,old_m1l3.wav,y,1607.0,1
0022,3,m1l3k2t3e1.wav,r,1670.0,1
0022,5,old_m1l5.wav,r,3513.0,1
0022,5,old_m1l5.wav,r,2433.0,1
0022,5,m1l5k1t5e1.wav,y,2579.0,1
0022,5,old_m2l5.wav,r,3481.0,1
0022,5,m2l5k1t5e1.wav,0,3700.0,1
0022,5,m1l5k1t3e2.wav,y,3248.0,1
0022,5,old_m1l5.wav,r,2082.0,1
0022,5,old_m3l5.wav,r,3198.0,1
0022,5,old_m3l5.wav,r,3559.0,1
0022,5,m2l5k2t3e3.wav,y,2366.0,1
0022,5,m3l5k2t3e3.wav,y,2662.0,1
0022,5,m2l5k1t5e3.wav,0,3700.0,1
0022,5,old_m1l5.wav,r,2376.0,1
0022,5,m1l5k1t3e1.wav,y,3287.0,1
0022,5,old_m2l5.wav,0,3700.0,1
0022,5,old_m1l5.wav,r,3259.0,1
0022,5,m1l5k2t3e2.wav,y,1860.0,1
0022,5,m3l5k2t5e3.wav,r,2550.0,1
0022,5,m3l5k1t5e2.wav,r,2174.0,1
0022,5,old_m2l5.wav,y,2638.0,1
0022,5,m2l5k1t3e2.wav,y,2725.0,1
0022,5,old_m3l5.wav,r,2122.0,1
0022,5,old_m3l5.wav,r,2750.0,1
0022,5,old_m2l5.wav,r,2547.0,1
0022,5,m1l5k1t5e3.wav,y,2733.0,1
0022,5,old_m2l5.wav,y,3158.0,1
0022,5,m2l5k1t5e2.wav,y,2905.0,1
0022,5,m3l5k1t3e3.wav,y,2107.0,1
0022,5,old_m1l5.wav,r,2040.0,1
0022,5,old_m3l5.wav,r,2157.0,1
0022,5,m1l5k2t5e2.wav,r,2583.0,1
0022,5,old_m3l5.wav,r,2903.0,1
0022,5,m3l5k2t3e2.wav,y,2853.0,1
0022,5,old_m1l5.wav,r,2180.0,1
0022,5,m3l5k2t5e2.wav,r,2095.0,1
0022,5,old_m3l5.wav,r,2399.0,1
0022,5,m1l5k2t3e3.wav,y,1921.0,1
0022,5,old_m3l5.wav,r,3664.0,1
0022,5,m2l5k2t3e1.wav,r,3393.0,1
0022,5,m2l5k2t3e2.wav,r,3651.0,1
0022,5,m1l5k2t5e3.wav,y,2585.0,1
0022,5,old_m3l5.wav,y,2129.0,1
0022,5,m1l5k1t3e3.wav,y,1846.0,1
0022,5,m1l5k2t5e1.wav,r,2063.0,1
0022,5,m3l5k1t3e1.wav,y,2777.0,1
0022,5,old_m2l5.wav,r,2350.0,1
0022,5,old_m3l5.wav,r,1936.0,1
0022,5,m2l5k1t3e3.wav,y,1755.0,1
0022,5,m1l5k1t5e2.wav,y,2523.0,1
0022,5,old_m3l5.wav,0,3700.0,1
0022,5,m2l5k2t5e2.wav,r,2424.0,1
0022,5,old_m2l5.wav,r,2193.0,1
0022,5,old_m1l5.wav,r,2534.0,1
0022,5,old_m2l5.wav,y,2829.0,1
0022,5,old_m2l5.wav,r,2188.0,1
0022,5,old_m1l5.wav,r,2645.0,1
0022,5,m1l5k2t3e1.wav,y,2109.0,1
0022,5,old_m1l5.wav,r,2141.0,1
0022,5,old_m2l5.wav,r,2098.0,1
0022,5,old_m3l5.wav,r,2341.0,1
0022,5,m3l5k1t5e1.wav,y,2630.0,1
0022,5,m3l5k2t3e1.wav,y,2314.0,1
0022,5,m2l5k1t3e1.wav,r,2318.0,1
0022,5,old_m2l5.wav,r,2226.0,1
0022,5,m2l5k2t5e3.wav,y,3361.0,1
0022,5,old_m1l5.wav,r,2220.0,1
0022,5,old_m1l5.wav,r,1869.0,1
0022,5,old_m2l5.wav,r,2023.0,1
0022,5,m2l5k2t5e1.wav,r,1895.0,1
0022,5,m3l5k1t3e2.wav,y,3197.0,1
0022,5,m3l5k1t5e3.wav,y,2152.0,1
0022,5,m3l5k2t5e1.wav,r,2078.0,1
0022,7,old_m2l7.wav,r,3103.0,1
0022,7,m2l7k2t5e1.wav,y,2927.0,1
0022,7,m1l7k1t7e3.wav,r,3114.0,1
0022,7,m2l7k2t5e2.wav,r,3031.0,1
0022,7,m1l7k1t5e1.wav,y,2727.0,1
0022,7,old_m1l7.wav,r,2881.0,1
0022,7,old_m2l7.wav,r,3278.0,1
0022,7,old_m2l7.wav,r,2848.0,1
0022,7,old_m3l7.wav,r,3202.0,1
0022,7,m3l7k1t7e1.wav,y,2854.0,1
0022,7,m3l7k1t5e2.wav,r,3278.0,1
0022,7,m1l7k2t5e1.wav,r,3352.0,1
0022,7,old_m3l7.wav,r,2845.0,1
0022,7,m2l7k2t7e1.wav,y,3294.0,1
0022,7,m3l7k2t7e3.wav,y,3823.0,1
0022,7,old_m1l7.wav,r,2891.0,1
0022,7,m3l7k1t7e2.wav,r,3505.0,1
0022,7,old_m3l7.wav,r,2746.0,1
0022,7,old_m3l7.wav,r,2765.0,1
0022,7,m3l7k2t7e2.wav,r,3544.0,1
0022,7,old_m2l7.wav,r,2814.0,1
0022,7,old_m1l7.wav,0,4500.0,1
0022,7,m1l7k1t5e2.wav,r,3412.0,1
0022,7,old_m3l7.wav,y,3373.0,1
0022,7,old_m3l7.wav,r,2916.0,1
0022,7,m1l7k2t5e2.wav,r,2829.0,1
0022,7,old_m3l7.wav,r,2812.0,1
0022,7,old_m3l7.wav,r,2772.0,1
0022,7,old_m1l7.wav,r,2771.0,1
0022,7,old_m3l7.wav,r,2749.0,1
0022,7,m3l7k1t7e3.wav,r,2612.0,1
0022,7,old_m1l7.wav,y,3489.0,1
0022,7,old_m1l7.wav,r,3032.0,1
0022,7,old_m1l7.wav,r,2893.0,1
0022,7,m3l7k2t7e1.wav,r,3046.0,1
0022,7,old_m2l7.wav,r,2723.0,1
0022,7,m3l7k2t5e1.wav,y,3344.0,1
0022,7,m3l7k1t5e1.wav,y,2391.0,1
0022,7,m2l7k2t5e3.wav,y,4163.0,1
0022,7,m1l7k1t5e3.wav,r,2738.0,1
0022,7,old_m2l7.wav,r,2725.0,1
0022,7,m1l7k1t7e2.wav,y,2944.0,1
0022,7,m1l7k2t7e1.wav,y,2769.0,1
0022,7,m3l7k1t5e3.wav,y,3090.0,1
0022,7,m1l7k2t5e3.wav,r,2682.0,1
0022,7,old_m2l7.wav,r,2603.0,1
0022,7,m2l7k1t5e2.wav,y,4363.0,1
0022,7,m3l7k2t5e3.wav,r,3143.0,1
0022,7,old_m1l7.wav,r,2486.0,1
0022,7,m2l7k2t7e3.wav,r,2466.0,1
0022,7,m2l7k2t7e2.wav,r,3131.0,1
0022,7,old_m1l7.wav,r,2785.0,1
0022,7,old_m3l7.wav,y,2807.0,1
0022,7,old_m2l7.wav,r,3254.0,1
0022,7,old_m2l7.wav,r,2500.0,1
0022,7,old_m1l7.wav,r,3090.0,1
0022,7,old_m2l7.wav,y,2430.0,1
0022,7,old_m1l7.wav,r,2534.0,1
0022,7,old_m2l7.wav,r,2653.0,1
0022,7,old_m2l7.wav,r,2589.0,1
0022,7,m2l7k1t7e2.wav,y,3008.0,1
0022,7,m3l7k2t5e2.wav,y,2836.0,1
0022,7,old_m3l7.wav,y,2631.0,1
0022,7,m2l7k1t5e3.wav,r,107.0,1
0022,7,m2l7k1t7e3.wav,y,108.0,1
0022,7,m2l7k1t7e1.wav,y,2902.0,1
0022,7,m2l7k1t5e1.wav,y,3284.0,1
0022,7,m1l7k1t7e1.wav,y,2849.0,1
0022,7,old_m3l7.wav,y,2792.0,1
0022,7,m1l7k2t7e2.wav,y,2900.0,1
0022,7,m1l7k2t7e3.wav,y,3027.0,1
0022,7,old_m1l7.wav,r,2792.0,1
0023,3,old_m2l3.wav,0,3000.0,1
0023,3,m3l3k2t3e1.wav,r,2274.0,1
0023,3,old_m3l3.wav,r,1998.0,1
0023,3,m2l3k2t2e3.wav,y,1392.0,1
0023,3,old_m1l3.wav,r,1496.0,1
0023,3,m3l3k1t3e3.wav,y,1533.0,1
0023,3,old_m1l3.wav,r,1389.0,1
0023,3,old_m1l3.wav,r,1429.0,1
0023,3,old_m2l3.wav,r,1976.0,1
0023,3,m3l3k2t2e1.wav,y,2474.0,1
0023,3,m3l3k1t2e2.wav,0,3000.0,1
0023,3,m1l3k1t3e3.wav,y,1412.0,1
0023,3,m1l3k2t2e1.wav,y,2036.0,1
0023,3,m1l3k1t2e1.wav,y,1507.0,1
0023,3,old_m3l3.wav,0,3000.0,1
0023,3,m1l3k2t3e2.wav,y,1423.0,1
0023,3,old_m3l3.wav,0,3000.0,1
0023,3,m3l3k2t3e3.wav,y,1391.0,1
0023,3,old_m1l3.wav,y,1934.0,1
0023,3,m2l3k1t3e3.wav,y,1430.0,1
0023,3,old_m2l3.wav,r,2732.0,1
0023,3,m1l3k2t2e3.wav,y,1735.0,1
0023,3,old_m2l3.wav,r,1289.0,1
0023,3,m2l3k1t2e1.wav,y,1278.0,1
0023,3,m2l3k2t2e1.wav,y,1840.0,1
0023,3,old_m3l3.wav,r,1743.0,1
0023,3,old_m3l3.wav,r,1487.0,1
0023,3,old_m3l3.wav,r,1392.0,1
0023,3,old_m3l3.wav,r,1317.0,1
0023,3,m2l3k2t3e1.wav,y,1484.0,1
0023,3,m2l3k1t3e2.wav,y,1111.0,1
0023,3,m1l3k1t2e2.wav,y,2166.0,1
0023,3,old_m1l3.wav,y,1195.0,1
0023,3,old_m3l3.wav,r,1309.0,1
0023,3,old_m3l3.wav,r,1113.0,1
0023,3,m2l3k1t2e2.wav,y,1423.0,1
0023,3,old_m2l3.wav,r,2701.0,1
0023,3,old_m2l3.wav,r,1113.0,1
0023,3,m1l3k2t3e3.wav,y,1410.0,1
0023,3,old_m2l3.wav,r,1540.0,1
0023,3,m2l3k1t2e3.wav,y,1327.0,1
0023,3,old_m1l3.wav,r,2101.0,1
0023,3,m3l3k2t2e3.wav,r,2004.0,1
0023,3,old_m3l3.wav,r,1674.0,1
0023,3,m2l3k2t2e2.wav,y,1343.0,1
0023,3,old_m1l3.wav,r,1662.0,1
0023,3,old_m1l3.wav,r,1123.0,1
0023,3,m1l3k1t3e2.wav,y,1401.0,1
0023,3,m3l3k2t3e2.wav,y,1427.0,1
0023,3,old_m2l3.wav,y,2146.0,1
0023,3,m1l3k1t3e1.wav,0,3000.0,1
0023,3,old_m2l3.wav,r,2133.0,1
0023,3,old_m3l3.wav,y,2160.0,1
0023,3,m3l3k2t2e2.wav,y,1335.0,1
0023,3,m1l3k1t2e3.wav,0,3000.0,1
0023,3,old_m1l3.wav,y,1528.0,1
0023,3,m2l3k1t3e1.wav,0,3000.0,1
0023,3,m1l3k2t3e1.wav,y,1546.0,1
0023,3,m2l3k2t3e2.wav,y,1415.0,1
0023,3,old_m2l3.wav,r,1953.0,1
0023,3,m3l3k1t3e1.wav,r,1607.0,1
0023,3,old_m2l3.wav,y,2014.0,1
0023,3,m3l3k1t2e3.wav,y,1353.0,1
0023,3,m3l3k1t2e1.wav,r,1577.0,1
0023,3,old_m2l3.wav,y,2989.0,1
0023,3,old_m1l3.wav,r,1772.0,1
0023,3,old_m1l3.wav,r,1199.0,1
0023,3,old_m3l3.wav,r,2207.0,1
0023,3,m2l3k2t3e3.wav,y,1507.0,1
0023,3,old_m1l3.wav,r,1571.0,1
0023,3,m1l3k2t2e2.wav,y,2053.0,1
0023,3,m3l3k1t3e2.wav,0,3000.0,1
0023,5,old_m2l5.wav,r,2639.0,1
0023,5,m1l5k2t3e3.wav,y,1457.0,1
0023,5,m1l5k2t5e3.wav,r,2413.0,1
0023,5,m3l5k1t3e3.wav,y,1495.0,1
0023,5,old_m2l5.wav,r,1979.0,1
0023,5,m3l5k1t5e1.wav,y,2182.0,1
0023,5,old_m3l5.wav,y,2464.0,1
0023,5,old_m2l5.wav,r,1979.0,1
0023,5,old_m3l5.wav,r,3510.0,1
0023,5,m2l5k2t5e1.wav,r,1931.0,1
0023,5,old_m1l5.wav,r,2118.0,1
0023,5,old_m2l5.wav,r,2038.0,1
0023,5,old_m1l5.wav,r,1865.0,1
0023,5,m1l5k2t5e2.wav,y,2150.0,1
0023,5,old_m2l5.wav,r,2002.0,1
0023,5,old_m1l5.wav,r,2466.0,1
0023,5,old_m1l5.wav,r,1738.0,1
0023,5,m2l5k2t5e3.wav,y,2639.0,1
0023,5,m3l5k2t3e3.wav,y,2038.0,1
0023,5,m3l5k1t5e3.wav,r,2645.0,1
0023,5,m1l5k2t3e2.wav,y,1742.0,1
0023,5,old_m1l5.wav,r,2083.0,1
0023,5,old_m1l5.wav,r,3325.0,1
0023,5,m3l5k2t5e1.wav,r,2863.0,1
0023,5,old_m2l5.wav,r,2718.0,1
0023,5,m3l5k2t5e3.wav,y,2120.0,1
0023,5,m2l5k1t3e2.wav,y,1613.0,1
0023,5,m3l5k2t3e2.wav,y,2114.0,1
0023,5,m3l5k2t3e1.wav,r,2514.0,1
0023,5,m2l5k1t5e3.wav,y,2152.0,1
0023,5,old_m3l5.wav,y,2984.0,1
0023,5,m1l5k1t5e1.wav,y,1994.0,1
0023,5,old_m3l5.wav,0,3700.0,1
0023,5,old_m2l5.wav,r,2328.0,1
0023,5,old_m3l5.wav,0,3700.0,1
0023,5,m3l5k2t5e2.wav,r,2598.0,1
0023,5,m1l5k1t3e2.wav,y,1588.0,1
0023,5,m1l5k1t5e2.wav,y,2241.0,1
0023,5,m3l5k1t3e2.wav,y,1587.0,1
0023,5,m2l5k1t5e1.wav,r,2079.0,1
0023,5,old_m3l5.wav,r,2953.0,1
0023,5,old_m3l5.wav,r,2347.0,1
0023,5,old_m3l5.wav,r,2242.0,1
0023,5,old_m1l5.wav,r,1859.0,1
0023,5,m2l5k2t3e3.wav,y,3312.0,1
0023,5,m2l5k2t3e2.wav,y,2368.0,1
0023,5,m1l5k1t3e3.wav,y,2315.0,1
0023,5,m2l5k1t3e1.wav,y,2013.0,1
0023,5,m1l5k2t3e1.wav,y,1987.0,1
0023,5,old_m1l5.wav,r,2176.0,1
0023,5,m1l5k2t5e1.wav,y,2098.0,1
0023,5,m2l5k2t5e2.wav,r,2396.0,1
0023,5,old_m3l5.wav,r,3492.0,1
0023,5,old_m2l5.wav,r,2093.0,1
0023,5,old_m3l5.wav,y,1835.0,1
0023,5,m1l5k1t5e3.wav,r,2772.0,1
0023,5,m2l5k1t5e2.wav,y,2782.0,1
0023,5,old_m2l5.wav,r,2275.0,1
0023,5,old_m2l5.wav,r,2430.0,1
0023,5,old_m1l5.wav,r,2024.0,1
0023,5,m2l5k2t3e1.wav,y,1889.0,1
0023,5,m3l5k1t5e2.wav,r,2504.0,1
0023,5,old_m2l5.wav,r,2108.0,1
0023,5,old_m2l5.wav,r,2538.0,1
0023,5,old_m3l5.wav,y,1550.0,1
0023,5,old_m1l5.wav,r,1915.0,1
0023,5,old_m3l5.wav,y,3188.0,1
0023,5,m3l5k1t3e1.wav,y,2056.0,1
0023,5,old_m1l5.wav,r,1987.0,1
0023,5,m2l5k1t3e3.wav,y,1983.0,1
0023,5,old_m1l5.wav,r,2171.0,1
0023,5,m1l5k1t3e1.wav,y,1775.0,1
0023,7,m1l7k1t5e3.wav,0,4500.0,1
0023,7,m2l7k1t5e1.wav,y,2822.0,1
0023,7,old_m2l7.wav,r,2682.0,1
0023,7,m3l7k2t5e3.wav,y,3269.0,1
0023,7,old_m1l7.wav,r,2747.0,1
0023,7,old_m1l7.wav,r,2491.0,1
0023,7,m1l7k1t5e2.wav,r,2683.0,1
0023,7,m2l7k1t5e3.wav,y,2943.0,1
0023,7,m3l7k2t7e1.wav,y,4077.0,1
0023,7,old_m1l7.wav,r,2680.0,1
0023,7,m1l7k1t7e2.wav,y,2996.0,1
0023,7,m2l7k2t7e1.wav,r,3030.0,1
0023,7,old_m1l7.wav,r,3005.0,1
0023,7,m2l7k1t7e3.wav,y,2984.0,1
0023,7,old_m1l7.wav,r,3196.0,1
0023,7,m2l7k2t5e3.wav,y,2717.0,1
0023,7,old_m2l7.wav,r,2653.0,1
0023,7,m2l7k2t7e2.wav,y,2913.0,1
0023,7,old_m1l7.wav,r,2748.0,1
0023,7,m3l7k2t7e3.wav,y,2832.0,1
0023,7,m1l7k1t5e1.wav,y,2704.0,1
0023,7,m3l7k2t5e2.wav,y,3640.0,1
0023,7,old_m3l7.wav,y,2811.0,1
0023,7,m3l7k1t5e1.wav,y,2807.0,1
0023,7,m1l7k2t5e3.wav,0,4500.0,1
0023,7,old_m2l7.wav,r,2680.0,1
0023,7,m2l7k2t5e1.wav,y,3057.0,1
0023,7,old_m1l7.wav,r,2745.0,1
0023,7,old_m2l7.wav,r,2613.0,1
0023,7,m3l7k1t5e2.wav,y,3746.0,1
0023,7,old_m2l7.wav,r,2661.0,1
0023,7,old_m1l7.wav,r,2587.0,1
0023,7,m1l7k2t7e3.wav,y,2910.0,1
0023,7,old_m1l7.wav,r,2703.0,1
0023,7,m2l7k2t7e3.wav,y,2680.0,1
0023,7,old_m2l7.wav,r,4067.0,1
0023,7,m3l7k1t7e2.wav,y,3037.0,1
0023,7,old_m1l7.wav,r,3045.0,1
0023,7,old_m3l7.wav,y,2799.0,1
0023,7,old_m2l7.wav,r,2353.0,1
0023,7,m2l7k1t7e2.wav,y,2835.0,1
0023,7,m3l7k2t5e1.wav,0,4500.0,1
0023,7,m1l7k2t7e1.wav,y,2801.0,1
0023,7,old_m2l7.wav,r,3625.0,1
0023,7,m3l7k1t7e3.wav,y,2337.0,1
0023,7,m1l7k1t7e3.wav,y,2699.0,1
0023,7,old_m2l7.wav,r,2647.0,1
0023,7,old_m3l7.wav,y,2668.0,1
0023,7,old_m3l7.wav,y,2632.0,1
0023,7,m2l7k1t5e2.wav,r,2845.0,1
0023,7,old_m3l7.wav,y,2694.0,1
0023,7,m3l7k2t7e2.wav,y,2923.0,1
0023,7,old_m1l7.wav,r,2837.0,1
0023,7,old_m2l7.wav,r,2691.0,1
0023,7,m3l7k1t7e1.wav,y,2623.0,1
0023,7,m1l7k1t7e1.wav,y,2892.0,1
0023,7,old_m3l7.wav,y,3721.0,1
0023,7,old_m3l7.wav,y,2589.0,1
0023,7,old_m3l7.wav,y,2922.0,1
0023,7,m3l7k1t5e3.wav,y,2246.0,1
0023,7,m1l7k2t5e1.wav,y,3077.0,1
0023,7,old_m3l7.wav,y,3084.0,1
0023,7,m2l7k1t7e1.wav,y,3015.0,1
0023,7,m1l7k2t7e2.wav,y,2802.0,1
0023,7,old_m3l7.wav,y,2590.0,1
0023,7,old_m2l7.wav,r,2706.0,1
0023,7,m2l7k2t5e2.wav,y,2874.0,1
0023,7,m1l7k2t5e2.wav,y,2840.0,1
0023,7,old_m3l7.wav,y,2608.0,1
0023,7,old_m3l7.wav,y,2631.0,1
0023,7,old_m1l7.wav,r,2656.0,1
0023,7,old_m2l7.wav,r,2611.0,1
0024,3,m1l3k2t2e2.wav,y,2918.0,1
0024,3,old_m2l3.wav,r,1403.0,1
0024,3,old_m1l3.wav,0,3000.0,1
0024,3,old_m3l3.wav,y,2175.0,1
0024,3,m2l3k2t2e3.wav,y,1528.0,1
0024,3,old_m1l3.wav,r,1741.0,1
0024,3,m3l3k2t3e2.wav,y,2030.0,1
0024,3,old_m2l3.wav,0,3000.0,1
0024,3,old_m3l3.wav,0,3000.0,1
0024,3,old_m2l3.wav,r,1484.0,1
0024,3,old_m1l3.wav,0,3000.0,1
0024,3,old_m1l3.wav,y,1866.0,1
0024,3,old_m3l3.wav,y,2166.0,1
0024,3,m3l3k2t2e1.wav,y,2042.0,1
0024,3,m1l3k2t3e3.wav,r,2870.0,1
0024,3,old_m3l3.wav,y,2596.0,1
0024,3,m2l3k1t2e2.wav,y,1621.0,1
0024,3,m3l3k1t3e1.wav,r,2832.0,1
0024,3,old_m3l3.wav,r,1863.0,1
0024,3,old_m1l3.wav,y,2696.0,1
0024,3,m3l3k2t3e1.wav,y,2616.0,1
0024,3,m2l3k2t3e1.wav,0,3000.0,1
0024,3,old_m1l3.wav,0,3000.0,1
0024,3,old_m3l3.wav,0,3000.0,1
0024,3,m3l3k2t2e2.wav,y,1990.0,1
0024,3,old_m3l3.wav,0,3000.0,1
0024,3,m1l3k2t2e1.wav,y,2405.0,1
0024,3,m3l3k2t2e3.wav,y,2769.0,1
0024,3,old_m3l3.wav,r,2721.0,1
0024,3,m3l3k1t3e2.wav,y,1753.0,1
0024,3,m2l3k2t2e2.wav,y,2801.0,1
0024,3,old_m2l3.wav,y,2788.0,1
0024,3,m1l3k1t3e3.wav,y,2221.0,1
0024,3,m2l3k2t2e1.wav,0,3000.0,1
0024,3,old_m3l3.wav,0,3000.0,1
0024,3,old_m3l3.wav,0,3000.0,1
0024,3,m1l3k2t3e2.wav,r,2630.0,1
0024,3,old_m2l3.wav,0,3000.0,1
0024,3,m1l3k2t2e3.wav,0,3000.0,1
0024,3,old_m1l3.wav,0,3000.0,1
0024,3,m2l3k1t2e3.wav,y,2024.0,1
0024,3,old_m1l3.wav,0,3000.0,1
0024,3,old_m2l3.wav,r,1779.0,1
0024,3,m3l3k1t2e3.wav,y,2123.0,1
0024,3,old_m1l3.wav,0,3000.0,1
0024,3,m1l3k2t3e1.wav,0,3000.0,1
0024,3,old_m1l3.wav,y,2594.0,1
0024,3,old_m2l3.wav,r,1811.0,1
0024,3,m3l3k1t2e1.wav,r,2678.0,1
0024,3,m2l3k1t3e3.wav,y,2064.0,1
0024,3,old_m1l3.wav,0,3000.0,1
0024,3,m2l3k1t2e1.wav,y,1732.0,1
0024,3,m2l3k1t3e2.wav,0,3000.0,1
0024,3,old_m2l3.wav,0,3000.0,1
0024,3,m2l3k2t3e3.wav,0,3000.0,1
0024,3,old_m2l3.wav,r,2994.0,1
0024,3,m3l3k1t2e2.wav,y,1872.0,1
0024,3,m3l3k1t3e3.wav,y,2201.0,1
0024,3,m1l3k1t3e1.wav,y,2296.0,1
0024,3,m1l3k1t2e2.wav,0,3000.0,1
0024,3,old_m2l3.wav,0,3000.0,1
0024,3,old_m3l3.wav,0,3000.0,1
0024,3,m1l3k1t2e3.wav,y,2703.0,1
0024,3,old_m2l3.wav,0,3000.0,1
0024,3,m1l3k1t3e2.wav,y,1809.0,1
0024,3,m2l3k1t3e1.wav,y,2019.0,1
0024,3,old_m2l3.wav,0,3000.0,1
0024,3,m3l3k2t3e3.wav,y,2730.0,1
0024,3,m2l3k2t3e2.wav,y,2453.0,1
0024,3,old_m3l3.wav,r,2328.0,1
0024,3,old_m1l3.wav,r,1613.0,1
0024,3,m1l3k1t2e1.wav,y,2698.0,1
0024,5,old_m2l5.wav,r,2438.0,1
0024,5,old_m1l5.wav,r,2686.0,1
0024,5,old_m2l5.wav,0,3700.0,1
0024,5,old_m2l5.wav,0,3700.0,1
0024,5,m3l5k1t5e2.wav,0,3700.0,1
0024,5,m3l5k1t3e1.wav,y,2497.0,1
0024,5,m2l5k1t5e3.wav,y,2516.0,1
0024,5,m2l5k2t3e1.wav,0,3700.0,1
0024,5,m1l5k2t5e3.wav,y,2269.0,1
0024,5,old_m2l5.wav,y,3408.0,1
0024,5,old_m2l5.wav,y,3584.0,1
0024,5,m1l5k1t3e1.wav,y,2193.0,1
0024,5,m1l5k1t3e3.wav,y,3541.0,1
0024,5,m1l5k2t5e2.wav,y,3470.0,1
0024,5,old_m1l5.wav,r,2259.0,1
0024,5,old_m2l5.wav,r,2816.0,1
0024,5,m2l5k1t3e2.wav,y,2222.0,1
0024,5,m1l5k1t3e2.wav,y,2312.0,1
0024,5,old_m1l5.wav,r,3427.0,1
0024,5,old_m2l5.wav,r,3668.0,1
0024,5,m3l5k1t5e1.wav,y,2517.0,1
0024,5,old_m2l5.wav,0,3700.0,1
0024,5,m3l5k2t3e1.wav,0,3700.0,1
0024,5,m3l5k2t5e1.wav,y,3681.0,1
0024,5,old_m3l5.wav,y,3669.0,1
0024,5,m1l5k1t5e3.wav,y,2945.0,1
0024,5,m1l5k2t3e3.wav,y,2751.0,1
0024,5,old_m3l5.wav,0,3700.0,1
0024,5,m1l5k1t5e1.wav,y,2515.0,1
0024,5,old_m1l5.wav,r,2947.0,1
0024,5,old_m1l5.wav,0,3700.0,1
0024,5,m3l5k1t3e2.wav,y,2168.0,1
0024,5,old_m1l5.wav,0,3700.0,1
0024,5,m1l5k2t3e2.wav,y,2156.0,1
0024,5,m2l5k2t3e2.wav,y,2338.0,1
0024,5,m3l5k2t3e3.wav,y,2353.0,1
0024,5,m3l5k1t5e3.wav,0,3700.0,1
0024,5,m3l5k1t3e3.wav,y,2323.0,1
0024,5,m2l5k2t5e2.wav,0,3700.0,1
0024,5,old_m2l5.wav,r,2547.0,1
0024,5,m2l5k1t5e1.wav,y,3354.0,1
0024,5,old_m3l5.wav,y,2909.0,1
0024,5,old_m3l5.wav,y,3163.0,1
0024,5,old_m2l5.wav,r,2582.0,1
0024,5,m1l5k2t3e1.wav,y,2169.0,1
0024,5,old_m3l5.wav,0,3700.0,1
0024,5,old_m1l5.wav,0,3700.0,1
0024,5,m1l5k1t5e2.wav,y,2581.0,1
0024,5,old_m1l5.wav,0,3700.0,1
0024,5,old_m1l5.wav,y,2550.0,1
0024,5,old_m1l5.wav,0,3700.0,1
0024,5,old_m3l5.wav,y,3656.0,1
0024,5,old_m3l5.wav,y,3220.0,1
0024,5,m3l5k2t5e2.wav,y,2916.0,1
0024,5,m3l5k2t5e3.wav,y,2667.0,1
0024,5,m2l5k1t5e2.wav,y,2911.0,1
0024,5,m2l5k1t3e3.wav,y,2214.0,1
0024,5,m2l5k2t3e3.wav,y,2891.0,1
0024,5,m2l5k1t3e1.wav,0,3700.0,1
0024,5,old_m3l5.wav,r,3184.0,1
0024,5,old_m2l5.wav,0,3700.0,1
0024,5,old_m1l5.wav,r,3483.0,1
0024,5,m3l5k2t3e2.wav,0,3700.0,1
0024,5,old_m3l5.wav,r,3614.0,1
0024,5,m1l5k2t5e1.wav,0,3700.0,1
0024,5,old_m2l5.wav,0,3700.0,1
0024,5,m2l5k2t5e3.wav,y,3017.0,1
0024,5,old_m3l5.wav,0,3700.0,1
0024,5,m2l5k2t5e1.wav,r,2791.0,1
0024,5,old_m3l5.wav,r,3457.0,1
0024,5,old_m3l5.wav,0,3700.0,1
0024,5,old_m1l5.wav,0,3700.0,1
0024,7,m3l7k1t7e1.wav,y,3189.0,1
0024,7,m1l7k2t5e2.wav,y,3382.0,1
0024,7,old_m1l7.wav,0,4500.0,1
0024,7,m1l7k1t5e1.wav,y,3220.0,1
0024,7,m3l7k2t5e3.wav,y,4201.0,1
0024,7,m3l7k2t7e1.wav,0,4500.0,1
0024,7,old_m3l7.wav,0,4500.0,1
0024,7,m3l7k1t7e2.wav,y,3175.0,1
0024,7,m2l7k2t7e1.wav,y,3364.0,1
0024,7,m1l7k2t5e1.wav,0,4500.0,1
0024,7,m1l7k1t5e2.wav,0,4500.0,1
0024,7,m1l7k1t7e1.wav,y,3473.0,1
0024,7,old_m2l7.wav,r,3462.0,1
0024,7,old_m3l7.wav,r,3970.0,1
0024,7,old_m1l7.wav,r,3939.0,1
0024,7,m2l7k1t5e3.wav,0,4500.0,1
0024,7,m2l7k1t5e2.wav,0,4500.0,1
0024,7,old_m3l7.wav,0,4500.0,1
0024,7,m2l7k1t7e2.wav,y,3372.0,1
0024,7,m3l7k1t5e3.wav,y,3205.0,1
0024,7,old_m3l7.wav,0,4500.0,1
0024,7,m1l7k2t7e3.wav,0,4500.0,1
0024,7,old_m3l7.wav,r,3924.0,1
0024,7,m1l7k2t5e3.wav,0,4500.0,1
0024,7,m2l7k1t7e1.wav,y,3267.0,1
0024,7,old_m3l7.wav,r,3613.0,1
0024,7,old_m2l7.wav,r,3550.0,1
0024,7,m1l7k2t7e1.wav,y,3533.0,1
0024,7,old_m3l7.wav,r,3833.0,1
0024,7,m1l7k1t7e3.wav,y,3978.0,1
0024,7,old_m2l7.wav,r,3269.0,1
0024,7,old_m1l7.wav,0,4500.0,1
0024,7,m2l7k1t7e3.wav,y,3482.0,1
0024,7,old_m1l7.wav,r,3582.0,1
0024,7,old_m2l7.wav,0,4500.0,1
0024,7,old_m2l7.wav,0,4500.0,1
0024,7,old_m3l7.wav,r,4458.0,1
0024,7,m2l7k2t5e3.wav,y,3668.0,1
0024,7,m3l7k2t7e2.wav,y,3878.0,1
0024,7,m2l7k2t7e3.wav,y,3394.0,1
0024,7,old_m1l7.wav,r,3679.0,1
0024,7,m3l7k1t5e2.wav,y,3546.0,1
0024,7,m3l7k2t5e1.wav,r,3116.0,1
0024,7,m2l7k2t5e2.wav,r,3980.0,1
0024,7,m3l7k1t7e3.wav,y,4218.0,1
0024,7,old_m1l7.wav,0,4500.0,1
0024,7,m3l7k2t7e3.wav,0,4500.0,1
0024,7,m3l7k1t5e1.wav,y,3552.0,1
0024,7,old_m3l7.wav,0,4500.0,1
0024,7,old_m1l7.wav,0,4500.0,1
0024,7,old_m2l7.wav,0,4500.0,1
0024,7,old_m2l7.wav,0,4500.0,1
0024,7,m2l7k2t5e1.wav,y,3610.0,1
0024,7,old_m1l7.wav,r,4159.0,1
0024,7,old_m2l7.wav,0,4500.0,1
0024,7,old_m1l7.wav,0,4500.0,1
0024,7,m1l7k1t5e3.wav,0,4500.0,1
0024,7,old_m3l7.wav,0,4500.0,1
0024,7,m1l7k1t7e2.wav,y,3604.0,1
0024,7,old_m1l7.wav,0,4500.0,1
0024,7,old_m2l7.wav,0,4500.0,1
0024,7,old_m1l7.wav,r,4368.0,1
0024,7,old_m3l7.wav,0,4500.0,1
0024,7,m2l7k1t5e1.wav,y,3495.0,1
0024,7,old_m2l7.wav,0,4500.0,1
0024,7,old_m3l7.wav,0,4500.0,1
0024,7,old_m1l7.wav,0,4500.0,1
0024,7,old_m2l7.wav,0,4500.0,1
0024,7,old_m2l7.wav,0,4500.0,1
0024,7,m1l7k2t7e2.wav,y,3215.0,1
0024,7,m3l7k2t5e2.wav,y,3279.0,1
0024,7,m2l7k2t7e2.wav,0,4500.0,1
0025,5,m3l5k2t3e3.wav,y,3378.0,1
0025,5,m2l5k1t5e1.wav,r,2424.0,1
0025,5,m2l5k1t3e1.wav,y,2028.0,1
0025,5,old_m2l5.wav,y,2186.0,1
0025,5,old_m2l5.wav,y,2426.0,1
0025,5,m3l5k1t3e1.wav,y,2149.0,1
0025,5,old_m3l5.wav,r,2177.0,1
0025,5,old_m3l5.wav,y,2675.0,1
0025,5,old_m2l5.wav,r,2147.0,1
0025,5,m3l5k1t3e2.wav,y,2317.0,1
0025,5,old_m2l5.wav,r,2749.0,1
0025,5,m1l5k1t3e1.wav,y,2033.0,1
0025,5,m2l5k1t3e2.wav,y,2076.0,1
0025,5,m3l5k1t5e2.wav,y,2218.0,1
0025,5,old_m1l5.wav,y,2411.0,1
0025,5,m3l5k2t5e3.wav,y,2125.0,1
0025,5,old_m1l5.wav,y,2509.0,1
0025,5,old_m2l5.wav,0,3700.0,1
0025,5,m3l5k2t5e2.wav,y,2727.0,1
0025,5,old_m3l5.wav,y,2115.0,1
0025,5,m3l5k2t3e2.wav,y,2171.0,1
0025,5,old_m3l5.wav,y,2562.0,1
0025,5,m1l5k2t3e3.wav,y,3107.0,1
0025,5,old_m1l5.wav,r,2235.0,1
0025,5,old_m3l5.wav,y,2274.0,1
0025,5,m2l5k2t3e3.wav,y,2032.0,1
0025,5,m1l5k1t5e2.wav,y,2223.0,1
0025,5,m1l5k2t3e1.wav,y,2154.0,1
0025,5,m1l5k2t5e2.wav,y,1983.0,1
0025,5,old_m3l5.wav,r,2143.0,1
0025,5,m3l5k2t5e1.wav,y,2534.0,1
0025,5,m2l5k2t5e2.wav,r,2432.0,1
0025,5,old_m3l5.wav,y,2536.0,1
0025,5,old_m1l5.wav,y,2281.0,1
0025,5,m3l5k1t5e3.wav,y,2452.0,1
0025,5,old_m3l5.wav,r,2091.0,1
0025,5,m2l5k1t3e3.wav,y,2132.0,1
0025,5,old_m1l5.wav,r,2104.0,1
0025,5,m2l5k2t3e1.wav,y,2362.0,1
0025,5,old_m1l5.wav,y,1931.0,1
0025,5,old_m1l5.wav,y,1996.0,1
0025,5,m1l5k2t5e1.wav,y,2158.0,1
0025,5,old_m2l5.wav,r,2136.0,1
0025,5,m2l5k2t5e1.wav,y,2765.0,1
0025,5,m1l5k1t3e3.wav,y,2179.0,1
0025,5,old_m3l5.wav,y,2266.0,1
0025,5,old_m2l5.wav,0,3700.0,1
0025,5,m2l5k1t5e2.wav,y,2437.0,1
0025,5,m1l5k1t5e3.wav,y,2284.0,1
0025,5,old_m1l5.wav,y,2937.0,1
0025,5,old_m2l5.wav,r,2141.0,1
0025,5,old_m2l5.wav,r,1979.0,1
0025,5,old_m1l5.wav,y,2098.0,1
0025,5,old_m3l5.wav,y,2138.0,1
0025,5,m1l5k1t3e2.wav,y,2090.0,1
0025,5,m3l5k1t3e3.wav,y,2192.0,1
0025,5,old_m2l5.wav,y,2991.0,1
0025,5,old_m1l5.wav,r,3232.0,1
0025,5,m3l5k1t5e1.wav,y,2148.0,1
0025,5,old_m3l5.wav,y,2126.0,1
0025,5,m3l5k2t3e1.wav,y,2465.0,1
0025,5,m2l5k1t5e3.wav,y,2090.0,1
0025,5,m2l5k2t5e3.wav,y,2134.0,1
0025,5,old_m1l5.wav,y,1976.0,1
0025,5,old_m1l5.wav,r,1934.0,1
0025,5,old_m3l5.wav,y,2379.0,1
0025,5,old_m2l5.wav,r,2058.0,1
0025,5,m1l5k2t5e3.wav,y,2153.0,1
0025,5,m1l5k1t5e1.wav,y,2025.0,1
0025,5,old_m2l5.wav,r,2314.0,1
0025,5,m2l5k2t3e2.wav,y,1991.0,1
0025,5,m1l5k2t3e2.wav,y,1946.0,1
0025,7,old_m3l7.wav,0,4500.0,1
0025,7,m2l7k2t5e3.wav,y,3153.0,1
0025,7,old_m3l7.wav,r,3342.0,1
0025,7,old_m2l7.wav,r,2853.0,1
0025,7,m3l7k1t7e1.wav,y,3036.0,1
0025,7,old_m2l7.wav,r,2785.0,1
0025,7,old_m1l7.wav,r,2839.0,1
0025,7,old_m3l7.wav,r,3621.0,1
0025,7,m3l7k2t7e1.wav,y,2906.0,1
0025,7,m3l7k1t5e2.wav,y,3378.0,1
0025,7,old_m2l7.wav,r,3071.0,1
0025,7,old_m1l7.wav,r,3323.0,1
0025,7,old_m1l7.wav,y,3032.0,1
0025,7,m1l7k2t5e2.wav,y,2803.0,1
0025,7,old_m1l7.wav,y,3006.0,1
0025,7,m2l7k2t7e3.wav,r,2902.0,1
0025,7,m3l7k2t5e2.wav,y,2785.0,1
0025,7,m1l7k1t5e2.wav,y,3235.0,1
0025,7,m1l7k2t5e3.wav,y,2699.0,1
0025,7,old_m1l7.wav,y,3041.0,1
0025,7,old_m1l7.wav,y,2793.0,1
0025,7,old_m2l7.wav,r,2827.0,1
0025,7,m1l7k2t5e1.wav,y,2750.0,1
0025,7,old_m3l7.wav,y,2829.0,1
0025,7,m1l7k2t7e1.wav,r,2863.0,1
0025,7,m2l7k1t5e2.wav,r,3030.0,1
0025,7,old_m3l7.wav,y,2913.0,1
0025,7,m1l7k1t5e1.wav,y,2879.0,1
0025,7,m2l7k1t7e1.wav,y,2813.0,1
0025,7,old_m1l7.wav,y,3550.0,1
0025,7,old_m2l7.wav,r,2798.0,1
0025,7,m1l7k1t7e3.wav,y,3610.0,1
0025,7,old_m1l7.wav,y,2804.0,1
0025,7,old_m2l7.wav,r,2821.0,1
0025,7,m3l7k2t5e3.wav,y,2854.0,1
0025,7,old_m3l7.wav,y,2830.0,1
0025,7,m2l7k1t5e1.wav,y,2865.0,1
0025,7,m2l7k1t5e3.wav,y,2957.0,1
0025,7,old_m3l7.wav,y,3207.0,1
0025,7,old_m3l7.wav,y,2928.0,1
0025,7,m1l7k1t7e1.wav,y,3080.0,1
0025,7,m2l7k2t7e2.wav,y,3956.0,1
0025,7,old_m3l7.wav,y,3329.0,1
0025,7,m2l7k1t7e3.wav,0,4500.0,1
0025,7,m1l7k2t7e2.wav,r,2825.0,1
0025,7,old_m3l7.wav,y,2891.0,1
0025,7,m3l7k1t7e3.wav,r,3538.0,1
0025,7,old_m2l7.wav,y,3090.0,1
0025,7,old_m2l7.wav,y,3662.0,1
0025,7,old_m3l7.wav,y,2868.0,1
0025,7,m3l7k2t7e3.wav,y,3164.0,1
0025,7,old_m2l7.wav,r,2758.0,1
0025,7,old_m1l7.wav,r,3575.0,1
0025,7,m3l7k2t5e1.wav,y,3099.0,1
0025,7,old_m1l7.wav,y,3376.0,1
0025,7,m2l7k2t7e1.wav,r,3039.0,1
0025,7,old_m2l7.wav,y,2781.0,1
0025,7,m3l7k1t5e1.wav,y,2872.0,1
0025,7,m1l7k2t7e3.wav,y,2985.0,1
0025,7,m2l7k2t5e2.wav,y,3119.0,1
0025,7,m3l7k1t7e2.wav,y,2863.0,1
0025,7,old_m3l7.wav,r,2808.0,1
0025,7,m3l7k2t7e2.wav,y,2799.0,1
0025,7,old_m2l7.wav,r,2728.0,1
0025,7,m2l7k2t5e1.wav,y,2767.0,1
0025,7,old_m2l7.wav,y,3049.0,1
0025,7,m1l7k1t7e2.wav,y,3486.0,1
0025,7,old_m1l7.wav,y,3071.0,1
0025,7,m1l7k1t5e3.wav,y,3912.0,1
0025,7,m3l7k1t5e3.wav,y,3209.0,1
0025,7,m2l7k1t7e2.wav,r,3218.0,1
0025,7,old_m1l7.wav,r,2802.0,1
0026,3,old_m3l3.wav,r,1924.0,1
0026,3,old_m3l3.wav,r,1680.0,1
0026,3,old_m2l3.wav,r,1439.0,1
0026,3,m1l3k1t3e3.wav,y,1289.0,1
0026,3,m1l3k1t3e1.wav,r,2555.0,1
0026,3,old_m1l3.wav,r,2315.0,1
0026,3,m1l3k1t2e1.wav,y,1456.0,1
0026,3,old_m3l3.wav,r,1371.0,1
0026,3,m3l3k1t3e2.wav,y,1678.0,1
0026,3,m2l3k1t3e1.wav,r,1432.0,1
0026,3,old_m2l3.wav,y,1501.0,1
0026,3,m1l3k2t3e3.wav,y,1407.0,1
0026,3,m1l3k2t3e1.wav,y,1792.0,1
0026,3,m3l3k2t3e1.wav,y,1494.0,1
0026,3,old_m1l3.wav,r,1507.0,1
0026,3,m2l3k1t2e3.wav,y,1340.0,1
0026,3,old_m1l3.wav,r,1347.0,1
0026,3,old_m3l3.wav,r,1554.0,1
0026,3,m2l3k2t3e3.wav,y,1410.0,1
0026,3,m3l3k1t3e1.wav,r,1246.0,1
0026,3,m2l3k2t2e1.wav,y,1226.0,1
0026,3,old_m2l3.wav,y,1338.0,1
0026,3,old_m2l3.wav,y,1278.0,1
0026,3,m1l3k2t3e2.wav,y,1308.0,1
0026,3,old_m3l3.wav,r,1641.0,1
0026,3,old_m1l3.wav,r,1664.0,1
0026,3,m3l3k2t2e3.wav,y,1620.0,1
0026,3,m2l3k2t3e2.wav,y,1439.0,1
0026,3,m1l3k1t2e3.wav,y,1268.0,1
0026,3,old_m2l3.wav,y,1672.0,1
0026,3,old_m2l3.wav,y,1465.0,1
0026,3,m2l3k2t3e1.wav,y,1538.0,1
0026,3,old_m3l3.wav,0,3000.0,1
0026,3,m2l3k1t2e1.wav,y,1467.0,1
0026,3,old_m3l3.wav,y,2305.0,1
0026,3,m2l3k1t3e3.wav,y,1500.0,1
0026,3,old_m1l3.wav,r,1244.0,1
0026,3,m1l3k2t2e3.wav,y,1654.0,1
0026,3,old_m1l3.wav,r,1270.0,1
0026,3,old_m1l3.wav,r,1350.0,1
0026,3,m3l3k2t3e2.wav,y,1399.0,1
0026,3,m1l3k1t2e2.wav,y,1211.0,1
0026,3,m3l3k1t2e1.wav,y,1267.0,1
0026,3,old_m1l3.wav,y,2524.0,1
0026,3,old_m3l3.wav,r,2651.0,1
0026,3,old_m1l3.wav,y,1610.0,1
0026,3,m3l3k2t3e3.wav,y,1505.0,1
0026,3,old_m1l3.wav,r,1845.0,1
0026,3,m1l3k2t2e1.wav,y,1396.0,1
0026,3,m3l3k1t2e3.wav,y,1379.0,1
0026,3,m2l3k1t2e2.wav,y,1491.0,1
0026,3,m2l3k2t2e3.wav,y,1337.0,1
0026,3,old_m3l3.wav,r,1553.0,1
0026,3,old_m2l3.wav,y,1525.0,1
0026,3,old_m2l3.wav,y,1869.0,1
0026,3,m3l3k1t2e2.wav,y,1488.0,1
0026,3,m3l3k1t3e3.wav,y,1409.0,1
0026,3,old_m2l3.wav,y,1692.0,1
0026,3,m2l3k1t3e2.wav,y,1893.0,1
0026,3,old_m1l3.wav,r,1627.0,1
0026,3,old_m1l3.wav,r,1366.0,1
0026,3,old_m2l3.wav,y,1537.0,1
0026,3,old_m3l3.wav,y,1672.0,1
0026,3,old_m2l3.wav,r,1418.0,1
0026,3,m3l3k2t2e2.wav,y,1299.0,1
0026,3,old_m2l3.wav,r,1288.0,1
0026,3,old_m3l3.wav,y,1215.0,1
0026,3,old_m3l3.wav,y,1167.0,1
0026,3,m3l3k2t2e1.wav,y,1291.0,1
0026,3,m2l3k2t2e2.wav,y,1380.0,1
0026,3,m1l3k1t3e2.wav,y,1369.0,1
0026,3,m1l3k2t2e2.wav,y,1795.0,1
0026,5,m1l5k2t5e2.wav,y,2446.0,1
0026,5,old_m2l5.wav,r,2547.0,1
0026,5,m2l5k1t3e1.wav,y,2327.0,1
0026,5,old_m1l5.wav,r,2582.0,1
0026,5,old_m1l5.wav,r,2556.0,1
0026,5,m2l5k1t3e2.wav,y,2136.0,1
0026,5,m1l5k1t5e2.wav,y,2200.0,1
0026,5,m3l5k1t3e1.wav,y,2427.0,1
0026,5,old_m2l5.wav,r,2083.0,1
0026,5,old_m2l5.wav,r,2115.0,1
0026,5,m2l5k1t3e3.wav,y,2072.0,1
0026,5,old_m1l5.wav,r,2111.0,1
0026,5,old_m3l5.wav,r,2104.0,1
0026,5,old_m3l5.wav,r,2099.0,1
0026,5,old_m1l5.wav,r,2014.0,1
0026,5,old_m1l5.wav,r,2130.0,1
0026,5,m3l5k1t5e1.wav,y,2289.0,1
0026,5,m3l5k1t5e3.wav,y,2467.0,1
0026,5,m3l5k2t3e3.wav,y,2250.0,1
0026,5,m2l5k2t5e3.wav,y,2172.0,1
0026,5,m2l5k2t3e2.wav,y,2266.0,1
0026,5,old_m3l5.wav,r,2285.0,1
0026,5,m1l5k2t3e1.wav,y,1936.0,1
0026,5,old_m3l5.wav,r,2137.0,1
0026,5,m3l5k1t3e3.wav,y,1956.0,1
0026,5,old_m2l5.wav,r,2383.0,1
0026,5,m1l5k1t5e3.wav,y,2076.0,1
0026,5,m2l5k1t5e3.wav,y,2150.0,1
0026,5,old_m2l5.wav,y,2214.0,1
0026,5,m2l5k2t3e1.wav,y,2092.0,1
0026,5,old_m2l5.wav,y,2339.0,1
0026,5,old_m2l5.wav,r,2258.0,1
0026,5,old_m3l5.wav,r,2155.0,1
0026,5,m2l5k1t5e2.wav,y,2786.0,1
0026,5,old_m2l5.wav,0,3700.0,1
0026,5,old_m3l5.wav,r,2102.0,1
0026,5,m2l5k1t5e1.wav,y,2186.0,1
0026,5,m2l5k2t5e1.wav,y,2609.0,1
0026,5,old_m1l5.wav,y,2497.0,1
0026,5,m1l5k1t3e2.wav,y,1919.0,1
0026,5,old_m1l5.wav,r,2879.0,1
0026,5,m3l5k2t3e1.wav,r,2223.0,1
0026,5,old_m1l5.wav,r,2054.0,1
0026,5,m3l5k2t5e2.wav,y,2236.0,1
0026,5,m2l5k2t3e3.wav,y,2218.0,1
0026,5,old_m1l5.wav,r,2026.0,1
0026,5,m1l5k1t5e1.wav,y,2118.0,1
0026,5,m1l5k2t3e3.wav,y,2135.0,1
0026,5,old_m3l5.wav,r,2276.0,1
0026,5,old_m3l5.wav,r,2066.0,1
0026,5,old_m2l5.wav,y,2348.0,1
0026,5,m3l5k2t5e3.wav,y,2097.0,1
0026,5,m1l5k1t3e1.wav,y,2054.0,1
0026,5,m1l5k2t5e1.wav,y,2118.0,1
0026,5,m3l5k1t3e2.wav,y,2164.0,1
0026,5,m1l5k2t3e2.wav,y,2116.0,1
0026,5,old_m2l5.wav,y,2350.0,1
0026,5,old_m1l5.wav,r,2368.0,1
0026,5,old_m3l5.wav,r,2205.0,1
0026,5,m3l5k2t5e1.wav,y,2124.0,1
0026,5,m1l5k2t5e3.wav,y,2181.0,1
0026,5,old_m3l5.wav,r,2186.0,1
0026,5,m3l5k1t5e2.wav,y,2159.0,1
0026,5,old_m3l5.wav,r,2115.0,1
0026,5,old_m1l5.wav,r,2207.0,1
0026,5,m1l5k1t3e3.wav,y,1977.0,1
0026,5,m2l5k2t5e2.wav,y,2163.0,1
0026,5,old_m2l5.wav,r,2514.0,1
0026,5,old_m3l5.wav,r,2157.0,1
0026,5,old_m2l5.wav,y,2220.0,1
0026,5,m3l5k2t3e2.wav,y,2177.0,1
0026,5,old_m1l5.wav,r,2066.0,1
0026,7,m1l7k2t7e2.wav,y,3636.0,1
0026,7,old_m2l7.wav,r,3181.0,1
0026,7,m3l7k2t7e3.wav,y,3032.0,1
0026,7,old_m1l7.wav,r,3299.0,1
0026,7,m1l7k1t7e1.wav,y,3064.0,1
0026,7,old_m1l7.wav,r,3171.0,1
0026,7,m3l7k2t7e2.wav,y,3128.0,1
0026,7,old_m3l7.wav,r,3207.0,1
0026,7,m2l7k2t7e3.wav,y,3061.0,1
0026,7,old_m3l7.wav,r,3384.0,1
0026,7,m1l7k2t5e1.wav,y,2959.0,1
0026,7,m3l7k1t5e1.wav,y,3210.0,1
0026,7,m2l7k1t5e3.wav,y,3148.0,1
0026,7,m3l7k1t5e2.wav,y,2995.0,1
0026,7,old_m1l7.wav,r,3139.0,1
0026,7,old_m3l7.wav,r,3070.0,1
0026,7,m1l7k2t5e3.wav,y,2872.0,1
0026,7,old_m2l7.wav,r,3276.0,1
0026,7,old_m2l7.wav,r,2988.0,1
0026,7,old_m1l7.wav,r,3020.0,1
0026,7,old_m1l7.wav,r,3005.0,1
0026,7,m1l7k2t7e3.wav,y,3016.0,1
0026,7,m2l7k2t7e2.wav,y,2997.0,1
0026,7,old_m3l7.wav,r,3585.0,1
0026,7,m1l7k2t7e1.wav,y,2896.0,1
0026,7,old_m2l7.wav,r,2983.0,1
0026,7,old_m2l7.wav,r,2920.0,1
0026,7,old_m3l7.wav,y,3357.0,1
0026,7,m2l7k1t7e3.wav,y,2911.0,1
0026,7,old_m2l7.wav,y,3255.0,1
0026,7,old_m3l7.wav,r,3003.0,1
0026,7,m3l7k2t7e1.wav,y,4313.0,1
0026,7,m3l7k2t5e2.wav,y,2876.0,1
0026,7,m3l7k1t5e3.wav,y,2915.0,1
0026,7,m1l7k1t7e3.wav,y,2895.0,1
0026,7,m1l7k1t5e3.wav,y,2896.0,1
0026,7,m2l7k1t5e1.wav,y,2954.0,1
0026,7,m1l7k2t5e2.wav,y,2939.0,1
0026,7,m2l7k1t7e1.wav,y,2897.0,1
0026,7,old_m1l7.wav,r,2936.0,1
0026,7,m2l7k2t5e1.wav,y,2889.0,1
0026,7,old_m3l7.wav,r,2988.0,1
0026,7,m2l7k1t7e2.wav,y,2961.0,1
0026,7,m1l7k1t5e1.wav,y,2889.0,1
0026,7,old_m3l7.wav,r,3584.0,1
0026,7,old_m1l7.wav,r,2997.0,1
0026,7,old_m1l7.wav,r,2925.0,1
0026,7,old_m2l7.wav,r,2902.0,1
0026,7,old_m2l7.wav,r,2988.0,1
0026,7,m3l7k2t5e3.wav,y,2887.0,1
0026,7,m3l7k2t5e1.wav,y,2861.0,1
0026,7,m2l7k1t5e2.wav,y,2811.0,1
0026,7,old_m1l7.wav,r,3019.0,1
0026,7,old_m1l7.wav,r,3027.0,1
0026,7,m1l7k1t5e2.wav,y,2820.0,1
0026,7,m1l7k1t7e2.wav,y,2960.0,1
0026,7,old_m2l7.wav,r,2916.0,1
0026,7,m2l7k2t5e3.wav,y,2850.0,1
0026,7,m2l7k2t5e2.wav,y,2938.0,1
0026,7,old_m3l7.wav,r,2972.0,1
0026,7,old_m3l7.wav,r,2787.0,1
0026,7,old_m2l7.wav,r,2927.0,1
0026,7,old_m1l7.wav,r,2870.0,1
0026,7,old_m2l7.wav,r,2827.0,1
0026,7,m3l7k1t7e3.wav,y,3022.0,1
0026,7,old_m1l7.wav,r,2812.0,1
0026,7,m3l7k1t7e1.wav,y,2857.0,1
0026,7,old_m2l7.wav,r,2940.0,1
0026,7,m2l7k2t7e1.wav,y,2871.0,1
0026,7,old_m3l7.wav,y,3269.0,1
0026,7,m3l7k1t7e2.wav,y,2952.0,1
0026,7,old_m3l7.wav,y,3312.0,1
0027,3,old_m2l3.wav,r,2932.0,1
0027,3,m3l3k2t3e1.wav,y,1778.0,1
0027,3,m2l3k1t3e3.wav,y,1626.0,1
0027,3,m2l3k2t2e1.wav,y,1581.0,1
0027,3,old_m3l3.wav,r,2574.0,1
0027,3,old_m2l3.wav,r,1638.0,1
0027,3,m2l3k1t2e1.wav,y,1490.0,1
0027,3,m3l3k1t2e1.wav,y,1905.0,1
0027,3,m3l3k2t3e2.wav,y,1984.0,1
0027,3,m3l3k1t2e2.wav,r,1753.0,1
0027,3,old_m1l3.wav,y,2501.0,1
0027,3,m1l3k2t2e2.wav,y,2413.0,1
0027,3,old_m2l3.wav,r,1564.0,1
0027,3,m1l3k2t3e3.wav,r,2476.0,1
0027,3,old_m2l3.wav,y,1988.0,1
0027,3,m3l3k1t3e1.wav,y,1556.0,1
0027,3,m2l3k1t2e2.wav,0,3000.0,1
0027,3,m3l3k1t2e3.wav,y,1720.0,1
0027,3,m3l3k2t2e1.wav,y,1507.0,1
0027,3,m2l3k2t3e1.wav,r,1456.0,1
0027,3,m3l3k2t2e3.wav,r,1296.0,1
0027,3,old_m3l3.wav,y,2008.0,1
0027,3,old_m1l3.wav,r,1452.0,1
0027,3,old_m2l3.wav,r,1275.0,1
0027,3,m1l3k2t3e1.wav,r,1281.0,1
0027,3,m2l3k2t3e3.wav,y,1409.0,1
0027,3,m1l3k1t2e1.wav,r,1820.0,1
0027,3,m2l3k1t2e3.wav,y,1618.0,1
0027,3,old_m3l3.wav,r,1433.0,1
0027,3,old_m1l3.wav,y,2195.0,1
0027,3,m3l3k1t3e2.wav,0,3000.0,1
0027,3,m2l3k1t3e1.wav,y,1850.0,1
0027,3,old_m1l3.wav,y,1605.0,1
0027,3,m3l3k1t3e3.wav,y,1471.0,1
0027,3,old_m1l3.wav,r,1297.0,1
0027,3,old_m2l3.wav,y,2289.0,1
0027,3,old_m2l3.wav,y,1444.0,1
0027,3,m2l3k2t2e3.wav,y,2560.0,1
0027,3,m1l3k1t3e2.wav,y,2137.0,1
0027,3,m1l3k2t2e1.wav,r,1401.0,1
0027,3,old_m2l3.wav,r,2566.0,1
0027,3,old_m3l3.wav,y,2561.0,1
0027,3,old_m1l3.wav,r,1421.0,1
0027,3,old_m2l3.wav,r,1245.0,1
0027,3,old_m2l3.wav,y,2215.0,1
0027,3,old_m1l3.wav,y,2006.0,1
0027,3,old_m3l3.wav,y,2202.0,1
0027,3,old_m2l3.wav,r,1150.0,1
0027,3,m3l3k2t3e3.wav,y,1622.0,1
0027,3,m2l3k2t2e2.wav,r,2541.0,1
0027,3,m2l3k1t3e2.wav,y,2205.0,1
0027,3,old_m3l3.wav,r,1793.0,1
0027,3,old_m3l3.wav,r,1437.0,1
0027,3,old_m2l3.wav,r,1728.0,1
0027,3,m3l3k2t2e2.wav,y,1429.0,1
0027,3,m1l3k1t3e1.wav,y,1513.0,1
0027,3,old_m3l3.wav,r,1152.0,1
0027,3,old_m3l3.wav,r,1447.0,1
0027,3,m1l3k2t2e3.wav,r,1904.0,1
0027,3,old_m1l3.wav,r,1359.0,1
0027,3,m1l3k1t3e3.wav,0,3000.0,1
0027,3,old_m1l3.wav,r,1393.0,1
0027,3,old_m1l3.wav,r,1345.0,1
0027,3,old_m1l3.wav,r,1296.0,1
0027,3,m1l3k1t2e3.wav,y,1562.0,1
0027,3,old_m3l3.wav,0,3000.0,1
0027,3,m1l3k2t3e2.wav,y,1670.0,1
0027,3,old_m1l3.wav,r,1330.0,1
0027,3,m1l3k1t2e2.wav,y,1936.0,1
0027,3,old_m3l3.wav,r,1398.0,1
0027,3,old_m3l3.wav,r,1237.0,1
0027,3,m2l3k2t3e2.wav,y,1544.0,1
0027,5,m3l5k2t3e1.wav,y,2376.0,1
0027,5,m1l5k1t5e3.wav,r,1985.0,1
0027,5,m2l5k1t5e1.wav,r,2080.0,1
0027,5,old_m1l5.wav,y,1989.0,1
0027,5,old_m3l5.wav,0,3700.0,1
0027,5,m2l5k2t3e1.wav,y,2162.0,1
0027,5,m3l5k2t3e2.wav,r,2109.0,1
0027,5,m3l5k2t3e3.wav,0,3700.0,1
0027,5,m1l5k1t3e3.wav,y,2364.0,1
0027,5,old_m2l5.wav,r,2009.0,1
0027,5,m3l5k1t5e1.wav,0,3700.0,1
0027,5,m2l5k2t5e1.wav,r,2239.0,1
0027,5,old_m1l5.wav,r,1973.0,1
0027,5,m3l5k1t3e1.wav,0,3700.0,1
0027,5,old_m2l5.wav,r,2064.0,1
0027,5,old_m2l5.wav,y,2590.0,1
0027,5,m2l5k2t3e3.wav,y,2198.0,1
0027,5,old_m3l5.wav,r,2062.0,1
0027,5,old_m3l5.wav,r,2252.0,1
0027,5,m2l5k1t3e3.wav,y,2254.0,1
0027,5,old_m2l5.wav,y,2092.0,1
0027,5,m1l5k2t3e1.wav,y,2204.0,1
0027,5,old_m3l5.wav,0,3700.0,1
0027,5,m2l5k1t5e2.wav,r,2051.0,1
0027,5,m1l5k2t3e3.wav,y,1838.0,1
0027,5,m1l5k1t3e1.wav,y,2139.0,1
0027,5,m3l5k1t3e2.wav,y,2109.0,1
0027,5,old_m2l5.wav,r,3207.0,1
0027,5,m3l5k2t5e3.wav,y,2395.0,1
0027,5,old_m1l5.wav,r,1885.0,1
0027,5,old_m2l5.wav,r,1958.0,1
0027,5,old_m3l5.wav,y,2426.0,1
0027,5,m2l5k1t3e2.wav,y,2454.0,1
0027,5,old_m1l5.wav,y,2372.0,1
0027,5,m1l5k2t5e1.wav,y,3339.0,1
0027,5,old_m3l5.wav,y,2221.0,1
0027,5,m1l5k2t3e2.wav,y,1765.0,1
0027,5,old_m3l5.wav,y,2831.0,1
0027,5,old_m2l5.wav,r,2018.0,1
0027,5,m3l5k2t5e2.wav,r,1861.0,1
0027,5,old_m1l5.wav,y,2279.0,1
0027,5,m2l5k2t5e3.wav,y,2122.0,1
0027,5,old_m2l5.wav,y,2739.0,1
0027,5,m3l5k1t5e2.wav,y,2319.0,1
0027,5,m1l5k2t5e3.wav,y,2949.0,1
0027,5,old_m2l5.wav,y,2831.0,1
0027,5,old_m3l5.wav,0,3700.0,1
0027,5,old_m1l5.wav,r,1861.0,1
0027,5,m3l5k1t5e3.wav,y,2081.0,1
0027,5,m2l5k1t3e1.wav,r,1937.0,1
0027,5,old_m3l5.wav,r,2147.0,1
0027,5,m1l5k1t5e1.wav,y,2854.0,1
0027,5,old_m3l5.wav,r,2369.0,1
0027,5,m3l5k2t5e1.wav,r,1993.0,1
0027,5,m1l5k1t5e2.wav,y,2273.0,1
0027,5,old_m1l5.wav,y,1949.0,1
0027,5,m3l5k1t3e3.wav,y,1837.0,1
0027,5,old_m1l5.wav,y,2472.0,1
0027,5,m1l5k1t3e2.wav,0,3700.0,1
0027,5,old_m3l5.wav,y,2448.0,1
0027,5,m2l5k1t5e3.wav,y,3601.0,1
0027,5,m2l5k2t5e2.wav,y,2837.0,1
0027,5,old_m1l5.wav,r,2031.0,1
0027,5,old_m2l5.wav,r,1963.0,1
0027,5,old_m3l5.wav,r,2032.0,1
0027,5,old_m1l5.wav,r,1935.0,1
0027,5,old_m2l5.wav,r,1904.0,1
0027,5,m2l5k2t3e2.wav,r,2556.0,1
0027,5,old_m2l5.wav,r,2706.0,1
0027,5,m1l5k2t5e2.wav,y,2771.0,1
0027,5,old_m1l5.wav,y,2088.0,1
0027,5,old_m1l5.wav,y,2109.0,1
0027,7,old_m3l7.wav,y,2999.0,1
0027,7,old_m3l7.wav,y,2903.0,1
0027,7,m3l7k2t7e1.wav,r,2865.0,1
0027,7,old_m3l7.wav,y,3018.0,1
0027,7,old_m3l7.wav,y,2834.0,1
0027,7,old_m2l7.wav,r,2985.0,1
0027,7,m1l7k1t5e2.wav,r,2695.0,1
0027,7,old_m1l7.wav,y,3011.0,1
0027,7,old_m1l7.wav,y,3234.0,1
0027,7,old_m1l7.wav,r,2767.0,1
0027,7,m3l7k1t7e1.wav,y,2968.0,1
0027,7,m1l7k2t5e2.wav,r,2777.0,1
0027,7,old_m2l7.wav,r,2721.0,1
0027,7,old_m2l7.wav,r,3063.0,1
0027,7,old_m1l7.wav,r,2845.0,1
0027,7,m1l7k2t5e1.wav,y,2554.0,1
0027,7,m3l7k1t5e1.wav,y,2784.0,1
0027,7,old_m1l7.wav,r,2807.0,1
0027,7,old_m3l7.wav,y,2685.0,1
0027,7,old_m2l7.wav,r,2705.0,1
0027,7,m1l7k1t5e3.wav,y,1269.0,1
0027,7,old_m3l7.wav,y,2684.0,1
0027,7,old_m1l7.wav,r,2718.0,1
0027,7,m1l7k1t7e1.wav,y,2854.0,1
0027,7,old_m2l7.wav,r,2731.0,1
0027,7,m3l7k1t7e2.wav,y,2955.0,1
0027,7,m3l7k2t7e2.wav,y,3033.0,1
0027,7,m2l7k1t5e2.wav,r,2710.0,1
0027,7,old_m2l7.wav,r,2999.0,1
0027,7,old_m3l7.wav,y,2641.0,1
0027,7,m1l7k2t5e3.wav,y,3040.0,1
0027,7,m1l7k1t5e1.wav,y,2812.0,1
0027,7,old_m3l7.wav,y,3454.0,1
0027,7,old_m2l7.wav,r,2720.0,1
0027,7,m2l7k1t7e1.wav,y,2794.0,1
0027,7,old_m3l7.wav,r,2845.0,1
0027,7,old_m2l7.wav,y,3308.0,1
0027,7,m2l7k1t7e3.wav,y,2837.0,1
0027,7,old_m3l7.wav,y,2692.0,1
0027,7,old_m3l7.wav,y,2608.0,1
0027,7,old_m1l7.wav,r,2661.0,1
0027,7,old_m2l7.wav,r,2742.0,1
0027,7,m2l7k2t5e3.wav,y,2755.0,1
0027,7,m1l7k1t7e3.wav,y,2890.0,1
0027,7,old_m2l7.wav,r,2900.0,1
0027,7,m3l7k2t5e2.wav,y,2773.0,1
0027,7,m3l7k2t5e1.wav,y,2634.0,1
0027,7,m2l7k1t5e3.wav,r,2790.0,1
0027,7,m3l7k1t5e2.wav,y,2731.0,1
0027,7,old_m2l7.wav,r,3173.0,1
0027,7,old_m1l7.wav,y,2894.0,1
0027,7,old_m1l7.wav,y,2629.0,1
0027,7,m2l7k2t7e1.wav,r,2832.0,1
0027,7,m1l7k2t7e1.wav,y,3115.0,1
0027,7,m1l7k1t7e2.wav,y,2923.0,1
0027,7,old_m3l7.wav,y,2841.0,1
0027,7,m2l7k1t7e2.wav,y,3221.0,1
0027,7,m3l7k1t7e3.wav,y,2752.0,1
0027,7,old_m1l7.wav,r,2740.0,1
0027,7,m2l7k2t7e2.wav,y,3588.0,1
0027,7,m3l7k2t7e3.wav,y,3954.0,1
0027,7,m2l7k2t7e3.wav,r,2847.0,1
0027,7,old_m1l7.wav,r,2758.0,1
0027,7,old_m1l7.wav,r,2658.0,1
0027,7,m3l7k2t5e3.wav,y,2777.0,1
0027,7,m1l7k2t7e2.wav,y,2945.0,1
0027,7,m2l7k2t5e1.wav,y,2793.0,1
0027,7,m2l7k2t5e2.wav,y,2607.0,1
0027,7,m3l7k1t5e3.wav,0,4500.0,1
0027,7,m1l7k2t7e3.wav,0,4500.0,1
0027,7,old_m2l7.wav,r,2728.0,1
0027,7,m2l7k1t5e1.wav,y,2918.0,1
0028,3,m3l3k2t2e3.wav,r,1988.0,1
0028,3,m2l3k2t2e1.wav,y,2040.0,1
0028,3,old_m3l3.wav,r,1526.0,1
0028,3,m1l3k1t2e2.wav,y,1628.0,1
0028,3,m1l3k1t2e3.wav,r,1454.0,1
0028,3,m1l3k2t3e3.wav,r,1754.0,1
0028,3,m2l3k2t3e2.wav,y,1897.0,1
0028,3,old_m1l3.wav,r,1686.0,1
0028,3,old_m2l3.wav,y,2039.0,1
0028,3,old_m3l3.wav,y,2627.0,1
0028,3,old_m1l3.wav,r,1413.0,1
0028,3,m2l3k1t3e1.wav,y,1793.0,1
0028,3,m2l3k1t2e2.wav,y,1421.0,1
0028,3,old_m1l3.wav,r,1332.0,1
0028,3,old_m1l3.wav,r,2089.0,1
0028,3,m2l3k2t2e3.wav,y,1460.0,1
0028,3,old_m2l3.wav,r,1807.0,1
0028,3,m3l3k2t3e1.wav,y,1779.0,1
0028,3,m3l3k2t2e1.wav,y,1428.0,1
0028,3,old_m1l3.wav,r,1833.0,1
0028,3,m2l3k1t3e3.wav,y,1865.0,1
0028,3,old_m2l3.wav,y,2065.0,1
0028,3,old_m3l3.wav,r,2035.0,1
0028,3,m1l3k2t2e3.wav,r,2078.0,1
0028,3,old_m1l3.wav,r,1382.0,1
0028,3,old_m3l3.wav,r,1536.0,1
0028,3,m2l3k1t2e3.wav,y,1719.0,1
0028,3,m2l3k2t2e2.wav,y,1792.0,1
0028,3,m1l3k2t3e1.wav,r,1614.0,1
0028,3,m3l3k1t2e1.wav,y,1744.0,1
0028,3,old_m1l3.wav,r,1532.0,1
0028,3,old_m3l3.wav,r,1912.0,1
0028,3,old_m3l3.wav,r,1560.0,1
0028,3,m1l3k1t2e1.wav,y,1631.0,1
0028,3,old_m3l3.wav,r,1658.0,1
0028,3,old_m3l3.wav,r,1474.0,1
0028,3,m2l3k1t3e2.wav,y,1358.0,1
0028,3,old_m1l3.wav,r,1301.0,1
0028,3,old_m2l3.wav,y,1632.0,1
0028,3,m3l3k1t3e3.wav,y,1664.0,1
0028,3,old_m1l3.wav,r,1505.0,1
0028,3,old_m2l3.wav,y,1846.0,1
0028,3,old_m1l3.wav,r,1280.0,1
0028,3,m3l3k1t3e1.wav,r,2196.0,1
0028,3,old_m3l3.wav,y,1740.0,1
0028,3,m1l3k2t2e2.wav,y,1070.0,1
0028,3,m2l3k2t3e1.wav,y,1652.0,1
0028,3,m1l3k1t3e3.wav,y,1769.0,1
0028,3,m1l3k2t3e2.wav,r,2104.0,1
0028,3,m1l3k2t2e1.wav,y,1451.0,1
0028,3,m2l3k1t2e1.wav,y,1397.0,1
0028,3,old_m2l3.wav,y,2574.0,1
0028,3,old_m1l3.wav,r,1294.0,1
0028,3,old_m2l3.wav,y,1968.0,1
0028,3,m3l3k1t3e2.wav,r,1934.0,1
0028,3,m3l3k2t3e2.wav,y,2466.0,1
0028,3,old_m2l3.wav,y,1771.0,1
0028,3,old_m3l3.wav,y,2220.0,1
0028,3,old_m2l3.wav,r,1926.0,1
0028,3,m1l3k1t3e1.wav,r,1635.0,1
0028,3,m3l3k1t2e2.wav,y,1545.0,1
0028,3,old_m2l3.wav,y,1245.0,1
0028,3,m1l3k1t3e2.wav,r,2719.0,1
0028,3,m2l3k2t3e3.wav,y,1559.0,1
0028,3,old_m2l3.wav,r,2598.0,1
0028,3,old_m3l3.wav,y,2368.0,1
0028,3,old_m3l3.wav,r,2413.0,1
0028,3,m3l3k2t3e3.wav,y,2128.0,1
0028,3,m3l3k2t2e2.wav,y,1655.0,1
0028,3,m3l3k1t2e3.wav,y,1495.0,1
0028,3,old_m2l3.wav,r,2077.0,1
0028,3,old_m1l3.wav,r,1436.0,1
0028,5,old_m3l5.wav,r,2703.0,1
0028,5,m1l5k1t5e3.wav,y,2180.0,1
0028,5,old_m1l5.wav,r,2474.0,1
0028,5,m1l5k1t3e3.wav,y,2243.0,1
0028,5,m3l5k2t3e1.wav,r,3093.0,1
0028,5,old_m3l5.wav,r,3071.0,1
0028,5,old_m1l5.wav,r,2252.0,1
0028,5,old_m1l5.wav,r,2858.0,1
0028,5,old_m2l5.wav,y,2429.0,1
0028,5,m3l5k1t3e1.wav,y,2313.0,1
0028,5,m1l5k1t3e2.wav,y,2108.0,1
0028,5,m3l5k1t5e1.wav,y,3316.0,1
0028,5,m1l5k2t3e2.wav,y,2449.0,1
0028,5,m2l5k2t5e2.wav,y,2473.0,1
0028,5,m3l5k2t5e3.wav,y,2438.0,1
0028,5,old_m1l5.wav,r,2899.0,1
0028,5,m1l5k1t5e2.wav,r,2539.0,1
0028,5,old_m3l5.wav,y,3596.0,1
0028,5,m2l5k1t3e3.wav,y,2866.0,1
0028,5,old_m3l5.wav,y,2850.0,1
0028,5,m2l5k1t3e1.wav,y,2380.0,1
0028,5,old_m3l5.wav,r,2791.0,1
0028,5,m2l5k2t5e1.wav,y,2812.0,1
0028,5,old_m3l5.wav,r,3356.0,1
0028,5,m1l5k2t5e2.wav,r,3116.0,1
0028,5,m2l5k1t5e2.wav,y,2638.0,1
0028,5,old_m1l5.wav,r,2905.0,1
0028,5,m1l5k2t5e3.wav,y,2685.0,1
0028,5,old_m2l5.wav,y,2399.0,1
0028,5,old_m1l5.wav,y,3650.0,1
0028,5,m2l5k2t3e1.wav,0,3700.0,1
0028,5,old_m2l5.wav,r,2514.0,1
0028,5,m3l5k1t5e3.wav,y,2298.0,1
0028,5,old_m2l5.wav,y,2818.0,1
0028,5,m2l5k2t3e3.wav,y,2131.0,1
0028,5,old_m1l5.wav,r,2027.0,1
0028,5,old_m1l5.wav,r,2146.0,1
0028,5,m3l5k2t5e1.wav,y,2502.0,1
0028,5,old_m1l5.wav,r,2310.0,1
0028,5,old_m3l5.wav,r,2241.0,1
0028,5,m1l5k1t5e1.wav,y,2226.0,1
0028,5,old_m2l5.wav,y,2507.0,1
0028,5,m1l5k2t5e1.wav,y,2593.0,1
0028,5,m3l5k1t3e2.wav,y,2896.0,1
0028,5,old_m1l5.wav,r,2222.0,1
0028,5,m1l5k1t3e1.wav,y,2228.0,1
0028,5,old_m1l5.wav,r,2172.0,1
0028,5,old_m2l5.wav,y,2690.0,1
0028,5,old_m2l5.wav,y,2496.0,1
0028,5,old_m2l5.wav,y,2580.0,1
0028,5,m3l5k1t3e3.wav,y,1913.0,1
0028,5,m3l5k1t5e2.wav,y,2172.0,1
0028,5,m2l5k1t5e3.wav,y,2279.0,1
0028,5,m2l5k1t5e1.wav,y,2209.0,1
0028,5,old_m3l5.wav,y,3302.0,1
0028,5,m3l5k2t5e2.wav,r,3103.0,1
0028,5,old_m2l5.wav,r,2278.0,1
0028,5,old_m3l5.wav,r,3008.0,1
0028,5,old_m3l5.wav,r,2488.0,1
0028,5,m3l5k2t3e3.wav,y,2070.0,1
0028,5,old_m3l5.wav,r,2097.0,1
0028,5,m1l5k2t3e1.wav,y,2055.0,1
0028,5,old_m3l5.wav,y,2970.0,1
0028,5,old_m2l5.wav,y,1931.0,1
0028,5,old_m1l5.wav,r,2079.0,1
0028,5,m1l5k2t3e3.wav,y,2092.0,1
0028,5,old_m2l5.wav,r,2147.0,1
0028,5,old_m2l5.wav,r,1960.0,1
0028,5,m2l5k1t3e2.wav,y,2577.0,1
0028,5,m3l5k2t3e2.wav,y,2491.0,1
0028,5,m2l5k2t3e2.wav,y,1921.0,1
0028,5,m2l5k2t5e3.wav,y,2531.0,1
0028,7,old_m2l7.wav,r,3248.0,1
0028,7,m2l7k2t5e2.wav,r,3280.0,1
0028,7,m3l7k2t7e3.wav,y,2957.0,1
0028,7,m3l7k1t7e2.wav,y,3576.0,1
0028,7,old_m1l7.wav,r,2894.0,1
0028,7,old_m2l7.wav,r,4080.0,1
0028,7,old_m1l7.wav,r,3871.0,1
0028,7,m1l7k2t7e3.wav,y,2934.0,1
0028,7,old_m2l7.wav,r,3172.0,1
0028,7,old_m3l7.wav,y,2926.0,1
0028,7,old_m1l7.wav,0,4500.0,1
0028,7,m1l7k1t5e3.wav,y,2885.0,1
0028,7,m2l7k2t5e3.wav,y,4392.0,1
0028,7,m2l7k1t7e1.wav,y,2961.0,1
0028,7,m3l7k2t7e2.wav,y,3392.0,1
0028,7,m3l7k1t5e3.wav,y,3526.0,1
0028,7,m3l7k2t5e1.wav,y,2857.0,1
0028,7,m2l7k1t7e3.wav,r,3219.0,1
0028,7,m2l7k2t7e2.wav,r,2783.0,1
0028,7,old_m2l7.wav,r,2820.0,1
0028,7,old_m3l7.wav,y,2895.0,1
0028,7,old_m2l7.wav,r,2767.0,1
0028,7,old_m3l7.wav,r,2729.0,1
0028,7,old_m1l7.wav,r,2819.0,1
0028,7,old_m1l7.wav,r,2077.0,1
0028,7,old_m1l7.wav,r,2811.0,1
0028,7,old_m2l7.wav,y,3606.0,1
0028,7,old_m1l7.wav,r,3349.0,1
0028,7,old_m3l7.wav,y,3186.0,1
0028,7,old_m3l7.wav,y,2988.0,1
0028,7,old_m1l7.wav,r,2964.0,1
0028,7,old_m3l7.wav,y,3179.0,1
0028,7,m1l7k1t7e2.wav,y,2945.0,1
0028,7,old_m2l7.wav,r,2924.0,1
0028,7,m2l7k1t5e3.wav,y,3265.0,1
0028,7,old_m2l7.wav,y,2871.0,1
0028,7,old_m1l7.wav,r,2889.0,1
0028,7,old_m1l7.wav,r,3304.0,1
0028,7,m1l7k2t5e2.wav,r,3302.0,1
0028,7,old_m3l7.wav,r,2848.0,1
0028,7,m1l7k2t7e1.wav,y,4295.0,1
0028,7,old_m3l7.wav,r,2861.0,1
0028,7,m1l7k1t7e1.wav,y,2887.0,1
0028,7,m3l7k1t7e3.wav,y,2838.0,1
0028,7,m3l7k2t7e1.wav,y,3419.0,1
0028,7,m1l7k2t5e1.wav,y,2765.0,1
0028,7,old_m3l7.wav,r,3045.0,1
0028,7,old_m2l7.wav,y,2837.0,1
0028,7,m1l7k1t5e2.wav,y,2770.0,1
0028,7,old_m3l7.wav,r,2780.0,1
0028,7,m3l7k1t5e1.wav,y,2865.0,1
0028,7,old_m1l7.wav,r,2762.0,1
0028,7,m3l7k1t7e1.wav,y,2993.0,1
0028,7,m2l7k2t7e1.wav,y,2918.0,1
0028,7,old_m2l7.wav,y,2693.0,1
0028,7,m2l7k2t7e3.wav,y,2511.0,1
0028,7,m3l7k1t5e2.wav,y,2967.0,1
0028,7,m1l7k2t7e2.wav,r,3230.0,1
0028,7,old_m2l7.wav,r,2936.0,1
0028,7,m2l7k2t5e1.wav,r,2935.0,1
0028,7,old_m3l7.wav,r,3124.0,1
0028,7,m1l7k2t5e3.wav,y,3523.0,1
0028,7,m1l7k1t7e3.wav,y,2761.0,1
0028,7,m3l7k2t5e2.wav,y,3193.0,1
0028,7,old_m2l7.wav,r,2682.0,1
0028,7,m2l7k1t7e2.wav,r,2883.0,1
0028,7,m2l7k1t5e2.wav,r,2712.0,1
0028,7,m3l7k2t5e3.wav,r,2835.0,1
0028,7,old_m3l7.wav,r,3473.0,1
0028,7,m2l7k1t5e1.wav,y,2885.0,1
0028,7,old_m1l7.wav,r,3914.0,1
0028,7,m1l7k1t5e1.wav,y,3448.0,1
0029,3,m2l3k1t3e1.wav,0,3000.0,1
0029,3,old_m2l3.wav,r,2614.0,1
0029,3,m1l3k2t3e3.wav,0,3000.0,1
0029,3,m3l3k2t2e2.wav,y,1832.0,1
0029,3,m2l3k1t2e3.wav,y,1540.0,1
0029,3,m1l3k1t3e2.wav,r,1906.0,1
0029,3,old_m1l3.wav,r,2371.0,1
0029,3,m3l3k1t3e1.wav,r,2778.0,1
0029,3,old_m3l3.wav,r,2686.0,1
0029,3,old_m2l3.wav,r,2212.0,1
0029,3,m3l3k2t3e3.wav,y,1944.0,1
0029,3,m1l3k1t2e2.wav,y,1408.0,1
0029,3,old_m2l3.wav,r,1522.0,1
0029,3,old_m3l3.wav,r,2427.0,1
0029,3,m1l3k1t3e1.wav,r,2608.0,1
0029,3,old_m2l3.wav,r,1924.0,1
0029,3,old_m2l3.wav,r,1711.0,1
0029,3,m1l3k1t3e3.wav,y,2117.0,1
0029,3,old_m3l3.wav,r,1488.0,1
0029,3,m1l3k2t2e2.wav,y,1348.0,1
0029,3,m3l3k2t3e1.wav,y,1486.0,1
0029,3,m2l3k2t3e2.wav,r,2544.0,1
0029,3,m2l3k1t3e2.wav,y,2596.0,1
0029,3,m3l3k1t3e3.wav,0,3000.0,1
0029,3,m2l3k2t2e1.wav,y,1141.0,1
0029,3,old_m2l3.wav,y,1770.0,1
0029,3,old_m3l3.wav,0,3000.0,1
0029,3,m2l3k2t2e2.wav,y,1543.0,1
0029,3,old_m2l3.wav,y,2136.0,1
0029,3,old_m3l3.wav,0,3000.0,1
0029,3,old_m1l3.wav,y,2701.0,1
0029,3,old_m3l3.wav,0,3000.0,1
0029,3,old_m3l3.wav,r,1370.0,1
0029,3,old_m1l3.wav,y,2185.0,1
0029,3,old_m1l3.wav,y,2478.0,1
0029,3,old_m2l3.wav,r,1365.0,1
0029,3,m1l3k1t2e1.wav,y,1437.0,1
0029,3,old_m3l3.wav,0,3000.0,1
0029,3,old_m1l3.wav,0,3000.0,1
0029,3,m2l3k1t2e1.wav,y,1426.0,1
0029,3,m3l3k2t2e1.wav,y,1684.0,1
0029,3,old_m1l3.wav,r,1957.0,1
0029,3,m2l3k1t3e3.wav,y,1564.0,1
0029,3,old_m1l3.wav,r,1486.0,1
0029,3,m2l3k2t3e3.wav,r,2679.0,1
0029,3,m1l3k2t2e3.wav,y,1255.0,1
0029,3,m3l3k2t2e3.wav,y,2203.0,1
0029,3,old_m2l3.wav,0,3000.0,1
0029,3,m3l3k2t3e2.wav,r,2208.0,1
0029,3,old_m1l3.wav,r,1668.0,1
0029,3,m3l3k1t3e2.wav,r,2741.0,1
0029,3,m2l3k1t2e2.wav,y,1495.0,1
0029,3,m1l3k1t2e3.wav,0,3000.0,1
0029,3,old_m1l3.wav,r,2684.0,1
0029,3,old_m2l3.wav,0,3000.0,1
0029,3,old_m1l3.wav,0,3000.0,1
0029,3,old_m2l3.wav,r,1584.0,1
0029,3,old_m3l3.wav,r,2106.0,1
0029,3,m3l3k1t2e2.wav,y,1121.0,1
0029,3,old_m1l3.wav,r,1523.0,1
0029,3,old_m3l3.wav,r,2361.0,1
0029,3,old_m3l3.wav,r,1273.0,1
0029,3,m1l3k2t3e2.wav,y,1442.0,1
0029,3,old_m3l3.wav,r,1657.0,1
0029,3,m1l3k2t3e1.wav,y,1487.0,1
0029,3,m2l3k2t3e1.wav,y,2081.0,1
0029,3,old_m2l3.wav,r,1851.0,1
0029,3,m3l3k1t2e3.wav,y,1370.0,1
0029,3,m1l3k2t2e1.wav,y,2278.0,1
0029,3,old_m1l3.wav,r,2492.0,1
0029,3,m2l3k2t2e3.wav,y,1203.0,1
0029,3,m3l3k1t2e1.wav,y,1690.0,1
0029,5,old_m3l5.wav,r,3024.0,1
0029,5,old_m1l5.wav,r,1939.0,1
0029,5,old_m1l5.wav,r,2759.0,1
0029,5,m1l5k1t5e3.wav,0,3700.0,1
0029,5,old_m2l5.wav,r,1991.0,1
0029,5,old_m1l5.wav,r,3124.0,1
0029,5,old_m3l5.wav,r,2891.0,1
0029,5,old_m3l5.wav,0,3700.0,1
0029,5,m2l5k1t3e1.wav,y,2123.0,1
0029,5,m1l5k1t3e3.wav,y,1779.0,1
0029,5,m3l5k1t5e3.wav,0,3700.0,1
0029,5,m1l5k1t3e1.wav,y,2003.0,1
0029,5,m2l5k2t5e3.wav,y,2400.0,1
0029,5,m2l5k2t3e2.wav,y,2047.0,1
0029,5,m3l5k2t3e3.wav,y,1961.0,1
0029,5,old_m1l5.wav,r,1901.0,1
0029,5,m3l5k2t5e1.wav,y,2440.0,1
0029,5,m2l5k2t5e1.wav,0,3700.0,1
0029,5,m1l5k1t5e2.wav,y,3138.0,1
0029,5,m1l5k2t5e1.wav,y,2363.0,1
0029,5,m2l5k1t5e3.wav,y,2310.0,1
0029,5,old_m1l5.wav,r,2062.0,1
0029,5,old_m1l5.wav,r,2127.0,1
0029,5,old_m1l5.wav,r,2225.0,1
0029,5,old_m1l5.wav,r,2403.0,1
0029,5,m1l5k2t3e3.wav,y,2891.0,1
0029,5,old_m3l5.wav,r,3072.0,1
0029,5,m2l5k2t5e2.wav,0,3700.0,1
0029,5,m2l5k2t3e3.wav,y,2065.0,1
0029,5,old_m2l5.wav,r,3522.0,1
0029,5,old_m1l5.wav,r,1758.0,1
0029,5,m3l5k1t5e2.wav,0,3700.0,1
0029,5,m3l5k2t5e3.wav,y,3420.0,1
0029,5,old_m2l5.wav,0,3700.0,1
0029,5,m2l5k1t3e2.wav,y,2290.0,1
0029,5,m1l5k1t3e2.wav,y,2007.0,1
0029,5,old_m3l5.wav,r,2455.0,1
0029,5,old_m2l5.wav,r,2487.0,1
0029,5,m3l5k2t3e1.wav,0,3700.0,1
0029,5,m3l5k1t5e1.wav,y,2412.0,1
0029,5,m2l5k2t3e1.wav,0,3700.0,1
0029,5,m1l5k2t3e1.wav,y,3313.0,1
0029,5,m2l5k1t5e2.wav,0,3700.0,1
0029,5,old_m3l5.wav,0,3700.0,1
0029,5,old_m3l5.wav,r,2580.0,1
0029,5,old_m2l5.wav,r,3285.0,1
0029,5,old_m3l5.wav,r,2909.0,1
0029,5,old_m1l5.wav,r,1958.0,1
0029,5,old_m2l5.wav,r,2242.0,1
0029,5,old_m2l5.wav,r,2152.0,1
0029,5,m1l5k2t5e3.wav,y,2935.0,1
0029,5,old_m3l5.wav,r,2498.0,1
0029,5,old_m1l5.wav,r,1865.0,1
0029,5,m1l5k2t5e2.wav,y,2339.0,1
0029,5,old_m2l5.wav,r,2008.0,1
0029,5,old_m3l5.wav,r,2621.0,1
0029,5,m3l5k1t3e1.wav,y,2016.0,1
0029,5,m2l5k1t3e3.wav,y,1894.0,1
0029,5,old_m3l5.wav,r,2216.0,1
0029,5,m1l5k1t5e1.wav,y,2151.0,1
0029,5,old_m3l5.wav,y,2722.0,1
0029,5,m3l5k1t3e3.wav,y,2033.0,1
0029,5,old_m2l5.wav,r,2592.0,1
0029,5,old_m2l5.wav,r,2219.0,1
0029,5,m1l5k2t3e2.wav,y,2108.0,1
0029,5,m3l5k1t3e2.wav,y,2543.0,1
0029,5,m3l5k2t5e2.wav,y,2449.0,1
0029,5,old_m1l5.wav,r,3224.0,1
0029,5,m2l5k1t5e1.wav,y,2825.0,1
0029,5,old_m2l5.wav,0,3700.0,1
0029,5,old_m2l5.wav,r,2155.0,1
0029,5,m3l5k2t3e2.wav,y,1940.0,1
0029,7,m1l7k1t5e3.wav,y,3885.0,1
0029,7,m1l7k1t7e3.wav,0,4500.0,1
0029,7,old_m2l7.wav,r,2735.0,1
0029,7,old_m1l7.wav,r,2731.0,1
0029,7,m3l7k1t7e1.wav,y,2909.0,1
0029,7,m2l7k2t7e1.wav,r,3425.0,1
0029,7,old_m1l7.wav,r,2737.0,1
0029,7,m2l7k1t5e1.wav,y,2729.0,1
0029,7,old_m3l7.wav,r,3678.0,1
0029,7,m3l7k1t5e2.wav,r,3370.0,1
0029,7,old_m1l7.wav,r,2734.0,1
0029,7,m1l7k1t5e2.wav,y,2640.0,1
0029,7,old_m3l7.wav,r,2697.0,1
0029,7,m3l7k2t5e3.wav,y,2462.0,1
0029,7,old_m3l7.wav,r,2675.0,1
0029,7,old_m3l7.wav,r,2985.0,1
0029,7,old_m3l7.wav,r,2872.0,1
0029,7,m2l7k2t5e3.wav,r,2856.0,1
0029,7,old_m2l7.wav,r,3701.0,1
0029,7,m3l7k2t5e2.wav,y,3017.0,1
0029,7,old_m3l7.wav,r,2777.0,1
0029,7,old_m1l7.wav,r,2750.0,1
0029,7,old_m3l7.wav,r,2683.0,1
0029,7,m2l7k1t5e3.wav,y,2798.0,1
0029,7,old_m1l7.wav,r,2492.0,1
0029,7,old_m1l7.wav,r,2573.0,1
0029,7,old_m1l7.wav,r,3545.0,1
0029,7,m3l7k2t7e3.wav,y,2841.0,1
0029,7,old_m2l7.wav,r,4379.0,1
0029,7,m3l7k1t5e1.wav,y,3248.0,1
0029,7,old_m1l7.wav,r,2569.0,1
0029,7,m1l7k1t5e1.wav,y,2198.0,1
0029,7,m2l7k2t7e2.wav,y,2766.0,1
0029,7,old_m2l7.wav,r,2852.0,1
0029,7,m3l7k1t7e3.wav,y,2776.0,1
0029,7,old_m1l7.wav,r,2568.0,1
0029,7,old_m2l7.wav,r,2828.0,1
0029,7,old_m3l7.wav,r,3885.0,1
0029,7,m2l7k2t5e2.wav,y,4402.0,1
0029,7,m3l7k2t5e1.wav,y,2973.0,1
0029,7,m2l7k1t7e3.wav,y,2781.0,1
0029,7,old_m3l7.wav,r,3795.0,1
0029,7,m1l7k1t7e1.wav,y,2729.0,1
0029,7,old_m2l7.wav,r,3568.0,1
0029,7,m1l7k2t7e2.wav,y,3264.0,1
0029,7,m1l7k2t5e3.wav,y,4043.0,1
0029,7,old_m2l7.wav,r,3697.0,1
0029,7,m3l7k1t5e3.wav,y,2400.0,1
0029,7,old_m3l7.wav,r,3127.0,1
0029,7,old_m1l7.wav,r,2830.0,1
0029,7,m3l7k2t7e2.wav,y,2873.0,1
0029,7,old_m2l7.wav,r,2994.0,1
0029,7,m1l7k1t7e2.wav,y,2865.0,1
0029,7,m2l7k1t5e2.wav,0,4500.0,1
0029,7,m2l7k1t7e2.wav,y,2939.0,1
0029,7,m1l7k2t7e1.wav,y,3394.0,1
0029,7,old_m3l7.wav,r,3062.0,1
0029,7,m3l7k1t7e2.wav,y,2802.0,1
0029,7,m1l7k2t5e1.wav,y,2569.0,1
0029,7,old_m2l7.wav,r,3545.0,1
0029,7,m3l7k2t7e1.wav,y,2864.0,1
0029,7,old_m1l7.wav,y,3880.0,1
0029,7,m1l7k2t7e3.wav,y,3437.0,1
0029,7,m2l7k2t7e3.wav,y,3161.0,1
0029,7,m1l7k2t5e2.wav,y,2502.0,1
0029,7,old_m2l7.wav,r,3278.0,1
0029,7,old_m2l7.wav,r,3296.0,1
0029,7,m2l7k2t5e1.wav,y,2806.0,1
0029,7,old_m1l7.wav,r,2767.0,1
0029,7,old_m3l7.wav,r,3359.0,1
0029,7,old_m2l7.wav,r,2625.0,1
0029,7,m2l7k1t7e1.wav,y,2815.0,1
0030,3,old_m1l3.wav,r,2499.0,1
0030,3,old_m3l3.wav,r,1664.0,1
0030,3,m1l3k2t3e1.wav,y,2072.0,1
0030,3,old_m2l3.wav,y,1711.0,1
0030,3,m3l3k1t3e1.wav,0,3000.0,1
0030,3,m2l3k1t2e3.wav,y,1526.0,1
0030,3,old_m1l3.wav,r,1534.0,1
0030,3,m3l3k2t2e1.wav,y,1471.0,1
0030,3,m3l3k1t2e2.wav,y,1404.0,1
0030,3,old_m3l3.wav,y,2141.0,1
0030,3,old_m1l3.wav,r,1474.0,1
0030,3,m2l3k2t2e2.wav,y,1424.0,1
0030,3,m3l3k1t2e1.wav,y,1988.0,1
0030,3,old_m2l3.wav,y,2838.0,1
0030,3,old_m1l3.wav,r,1363.0,1
0030,3,m1l3k1t3e3.wav,y,1569.0,1
0030,3,old_m3l3.wav,r,1476.0,1
0030,3,m3l3k2t2e3.wav,r,1586.0,1
0030,3,m1l3k2t2e1.wav,y,1312.0,1
0030,3,m3l3k2t3e1.wav,y,1461.0,1
0030,3,old_m2l3.wav,0,3000.0,1
0030,3,m3l3k2t2e2.wav,y,1741.0,1
0030,3,m2l3k2t2e3.wav,y,1836.0,1
0030,3,old_m1l3.wav,r,1364.0,1
0030,3,old_m3l3.wav,r,1425.0,1
0030,3,m1l3k1t3e1.wav,y,1555.0,1
0030,3,m1l3k2t2e3.wav,r,1621.0,1
0030,3,old_m3l3.wav,r,1450.0,1
0030,3,m2l3k1t3e1.wav,y,1063.0,1
0030,3,m2l3k2t3e1.wav,y,1502.0,1
0030,3,m3l3k2t3e3.wav,y,1398.0,1
0030,3,m3l3k1t3e2.wav,y,1474.0,1
0030,3,m2l3k2t3e2.wav,y,1458.0,1
0030,3,m2l3k2t3e3.wav,y,1366.0,1
0030,3,old_m1l3.wav,r,1478.0,1
0030,3,old_m2l3.wav,r,1340.0,1
0030,3,m3l3k2t3e2.wav,y,1377.0,1
0030,3,old_m3l3.wav,r,1360.0,1
0030,3,m1l3k1t2e2.wav,y,1436.0,1
0030,3,old_m3l3.wav,r,1763.0,1
0030,3,m2l3k1t2e1.wav,y,1386.0,1
0030,3,old_m3l3.wav,r,1355.0,1
0030,3,old_m1l3.wav,r,1235.0,1
0030,3,old_m3l3.wav,r,1289.0,1
0030,3,old_m1l3.wav,r,1189.0,1
0030,3,m1l3k2t3e2.wav,y,1429.0,1
0030,3,m2l3k1t3e2.wav,y,1234.0,1
0030,3,m2l3k1t2e2.wav,y,2161.0,1
0030,3,old_m2l3.wav,y,2017.0,1
0030,3,old_m3l3.wav,r,1426.0,1
0030,3,m1l3k2t2e2.wav,y,1143.0,1
0030,3,old_m2l3.wav,y,1313.0,1
0030,3,old_m2l3.wav,y,1443.0,1
0030,3,m2l3k2t2e1.wav,y,1330.0,1
0030,3,old_m2l3.wav,y,1198.0,1
0030,3,m1l3k1t3e2.wav,y,1475.0,1
0030,3,m1l3k1t2e3.wav,y,2107.0,1
0030,3,m1l3k1t2e1.wav,y,1468.0,1
0030,3,m3l3k1t2e3.wav,y,1482.0,1
0030,3,old_m2l3.wav,y,1965.0,1
0030,3,old_m2l3.wav,y,1646.0,1
0030,3,old_m1l3.wav,0,3000.0,1
0030,3,old_m2l3.wav,y,1504.0,1
0030,3,old_m2l3.wav,y,1521.0,1
0030,3,old_m1l3.wav,r,2199.0,1
0030,3,old_m3l3.wav,r,1579.0,1
0030,3,m2l3k1t3e3.wav,y,1952.0,1
0030,3,m3l3k1t3e3.wav,y,1573.0,1
0030,3,m1l3k2t3e3.wav,y,1517.0,1
0030,3,old_m1l3.wav,r,1256.0,1
0030,3,old_m1l3.wav,r,1771.0,1
0030,3,old_m3l3.wav,0,3000.0,1
0030,5,old_m1l5.wav,0,3700.0,1
0030,5,m2l5k1t3e2.wav,y,2055.0,1
0030,5,old_m3l5.wav,y,2123.0,1
0030,5,old_m1l5.wav,r,2175.0,1
0030,5,m3l5k2t3e3.wav,y,1956.0,1
0030,5,old_m3l5.wav,r,2341.0,1
0030,5,m2l5k2t3e1.wav,y,1972.0,1
0030,5,old_m2l5.wav,r,2410.0,1
0030,5,m2l5k1t3e1.wav,y,2219.0,1
0030,5,m3l5k1t5e1.wav,y,3318.0,1
0030,5,m2l5k1t5e1.wav,0,3700.0,1
0030,5,old_m1l5.wav,r,1722.0,1
0030,5,old_m1l5.wav,r,1694.0,1
0030,5,old_m2l5.wav,y,2935.0,1
0030,5,m1l5k2t5e1.wav,y,2986.0,1
0030,5,m3l5k1t3e1.wav,y,2186.0,1
0030,5,old_m3l5.wav,r,2875.0,1
0030,5,m2l5k2t3e3.wav,y,2035.0,1
0030,5,old_m2l5.wav,r,2200.0,1
0030,5,m2l5k1t5e3.wav,y,2346.0,1
0030,5,old_m1l5.wav,r,2439.0,1
0030,5,old_m2l5.wav,0,3700.0,1
0030,5,old_m2l5.wav,r,2429.0,1
0030,5,m3l5k2t5e1.wav,r,2030.0,1
0030,5,old_m3l5.wav,y,2913.0,1
0030,5,m1l5k1t5e2.wav,0,3700.0,1
0030,5,m1l5k2t5e2.wav,y,3197.0,1
0030,5,m1l5k1t3e3.wav,y,1925.0,1
0030,5,m1l5k2t5e3.wav,y,2285.0,1
0030,5,m2l5k1t3e3.wav,y,1948.0,1
0030,5,m1l5k1t5e3.wav,y,2721.0,1
0030,5,old_m1l5.wav,r,2506.0,1
0030,5,old_m1l5.wav,r,2085.0,1
0030,5,old_m2l5.wav,y,3339.0,1
0030,5,old_m2l5.wav,y,3523.0,1
0030,5,old_m2l5.wav,0,3700.0,1
0030,5,m1l5k2t3e2.wav,y,1805.0,1
0030,5,m3l5k2t5e2.wav,y,2426.0,1
0030,5,m1l5k2t3e3.wav,y,2429.0,1
0030,5,old_m3l5.wav,y,2630.0,1
0030,5,m1l5k1t3e2.wav,y,1861.0,1
0030,5,old_m1l5.wav,r,2453.0,1
0030,5,m3l5k1t3e3.wav,y,1793.0,1
0030,5,m2l5k2t3e2.wav,y,1800.0,1
0030,5,m3l5k2t5e3.wav,y,2485.0,1
0030,5,m1l5k1t3e1.wav,y,3044.0,1
0030,5,old_m2l5.wav,y,1908.0,1
0030,5,old_m3l5.wav,y,3584.0,1
0030,5,old_m1l5.wav,r,3336.0,1
0030,5,m2l5k2t5e3.wav,r,2293.0,1
0030,5,m3l5k1t5e3.wav,0,3700.0,1
0030,5,m3l5k2t3e1.wav,r,2168.0,1
0030,5,old_m3l5.wav,y,2919.0,1
0030,5,old_m3l5.wav,r,2904.0,1
0030,5,old_m3l5.wav,r,3213.0,1
0030,5,old_m1l5.wav,r,3243.0,1
0030,5,old_m3l5.wav,y,3234.0,1
0030,5,m2l5k2t5e1.wav,y,3355.0,1
0030,5,old_m1l5.wav,r,1885.0,1
0030,5,old_m1l5.wav,r,1706.0,1
0030,5,m3l5k1t5e2.wav,r,2352.0,1
0030,5,old_m3l5.wav,y,2844.0,1
0030,5,old_m2l5.wav,r,3006.0,1
0030,5,m2l5k2t5e2.wav,y,2286.0,1
0030,5,old_m2l5.wav,r,3029.0,1
0030,5,old_m3l5.wav,r,2988.0,1
0030,5,m3l5k1t3e2.wav,y,1929.0,1
0030,5,m3l5k2t3e2.wav,y,2272.0,1
0030,5,old_m2l5.wav,r,3320.0,1
0030,5,m1l5k2t3e1.wav,y,2906.0,1
0030,5,m1l5k1t5e1.wav,y,3452.0,1
0030,5,m2l5k1t5e2.wav,r,2675.0,1
0030,7,old_m2l7.wav,r,2933.0,1
0030,7,m3l7k2t7e2.wav,y,3230.0,1
0030,7,old_m1l7.wav,r,2797.0,1
0030,7,m2l7k2t5e2.wav,r,2827.0,1
0030,7,old_m1l7.wav,r,2859.0,1
0030,7,old_m1l7.wav,r,2856.0,1
0030,7,old_m1l7.wav,r,2787.0,1
0030,7,old_m1l7.wav,r,3317.0,1
0030,7,old_m2l7.wav,y,3331.0,1
0030,7,old_m2l7.wav,y,2629.0,1
0030,7,m1l7k1t7e1.wav,y,2885.0,1
0030,7,old_m3l7.wav,y,3795.0,1
0030,7,m1l7k1t7e2.wav,y,2888.0,1
0030,7,old_m1l7.wav,0,4500.0,1
0030,7,m3l7k1t7e2.wav,y,2808.0,1
0030,7,m2l7k2t7e2.wav,y,2981.0,1
0030,7,m2l7k1t5e1.wav,y,2712.0,1
0030,7,old_m1l7.wav,r,2675.0,1
0030,7,old_m2l7.wav,0,4500.0,1
0030,7,old_m3l7.wav,0,4500.0,1
0030,7,m1l7k1t5e2.wav,y,3124.0,1
0030,7,m3l7k1t7e3.wav,y,2604.0,1
0030,7,old_m2l7.wav,r,2692.0,1
0030,7,old_m3l7.wav,y,2708.0,1
0030,7,m2l7k2t5e1.wav,y,2513.0,1
0030,7,m3l7k1t5e2.wav,y,2450.0,1
0030,7,old_m1l7.wav,r,3002.0,1
0030,7,m3l7k2t5e3.wav,y,2621.0,1
0030,7,m2l7k1t5e2.wav,r,3590.0,1
0030,7,old_m3l7.wav,r,3119.0,1
0030,7,m2l7k1t5e3.wav,r,2725.0,1
0030,7,m1l7k1t5e1.wav,y,2978.0,1
0030,7,m1l7k2t5e3.wav,y,2549.0,1
0030,7,m3l7k2t7e1.wav,0,4500.0,1
0030,7,old_m3l7.wav,r,3385.0,1
0030,7,old_m1l7.wav,r,2678.0,1
0030,7,m2l7k1t7e3.wav,y,2853.0,1
0030,7,m2l7k2t7e1.wav,y,3447.0,1
0030,7,m1l7k2t7e2.wav,y,2786.0,1
0030,7,old_m2l7.wav,r,3248.0,1
0030,7,old_m3l7.wav,y,2832.0,1
0030,7,m1l7k2t7e3.wav,y,2782.0,1
0030,7,old_m3l7.wav,y,4060.0,1
0030,7,m1l7k1t5e3.wav,y,2959.0,1
0030,7,m1l7k2t7e1.wav,y,2815.0,1
0030,7,m3l7k1t7e1.wav,y,2721.0,1
0030,7,m3l7k1t5e1.wav,y,2802.0,1
0030,7,m1l7k2t5e2.wav,r,3025.0,1
0030,7,old_m3l7.wav,y,3037.0,1
0030,7,old_m1l7.wav,r,3056.0,1
0030,7,old_m1l7.wav,r,2851.0,1
0030,7,m3l7k2t7e3.wav,y,3325.0,1
0030,7,old_m2l7.wav,r,2743.0,1
0030,7,old_m2l7.wav,r,2880.0,1
0030,7,m2l7k1t7e1.wav,y,2822.0,1
0030,7,old_m3l7.wav,0,4500.0,1
0030,7,m3l7k1t5e3.wav,y,2507.0,1
0030,7,m1l7k1t7e3.wav,y,2753.0,1
0030,7,old_m3l7.wav,y,2975.0,1
0030,7,m1l7k2t5e1.wav,y,3064.0,1
0030,7,old_m2l7.wav,r,2585.0,1
0030,7,m2l7k2t5e3.wav,y,3164.0,1
0030,7,m3l7k2t5e1.wav,y,2516.0,1
0030,7,old_m3l7.wav,y,3164.0,1
0030,7,m3l7k2t5e2.wav,y,3116.0,1
0030,7,m2l7k1t7e2.wav,y,3109.0,1
0030,7,old_m2l7.wav,y,3637.0,1
0030,7,old_m3l7.wav,y,4327.0,1
0030,7,old_m2l7.wav,y,4149.0,1
0030,7,m2l7k2t7e3.wav,y,2859.0,1
0030,7,old_m1l7.wav,0,4500.0,1
0030,7,old_m2l7.wav,r,2906.0,1
0031,3,m3l3k2t3e1.wav,0,3000.0,1
0031,3,m1l3k2t2e3.wav,y,1398.0,1
0031,3,m3l3k2t2e2.wav,y,1396.0,1
0031,3,m3l3k1t3e2.wav,r,1470.0,1
0031,3,m1l3k2t3e2.wav,y,1809.0,1
0031,3,old_m1l3.wav,r,1378.0,1
0031,3,old_m2l3.wav,r,1351.0,1
0031,3,m2l3k1t2e3.wav,y,1350.0,1
0031,3,m1l3k1t3e2.wav,y,2003.0,1
0031,3,old_m1l3.wav,r,1311.0,1
0031,3,old_m3l3.wav,r,2047.0,1
0031,3,m2l3k1t3e1.wav,r,2620.0,1
0031,3,m1l3k1t2e2.wav,y,1226.0,1
0031,3,old_m2l3.wav,r,1178.0,1
0031,3,m2l3k1t2e2.wav,y,1302.0,1
0031,3,m2l3k1t3e3.wav,y,1458.0,1
0031,3,old_m1l3.wav,r,1268.0,1
0031,3,m2l3k2t2e2.wav,y,1426.0,1
0031,3,m2l3k2t3e1.wav,y,1421.0,1
0031,3,old_m2l3.wav,r,1362.0,1
0031,3,m1l3k1t2e1.wav,y,1191.0,1
0031,3,m1l3k1t2e3.wav,y,1809.0,1
0031,3,old_m3l3.wav,r,1547.0,1
0031,3,old_m3l3.wav,0,3000.0,1
0031,3,old_m2l3.wav,r,1275.0,1
0031,3,m1l3k2t2e1.wav,y,1123.0,1
0031,3,m2l3k2t2e1.wav,y,1509.0,1
0031,3,old_m1l3.wav,y,2218.0,1
0031,3,m3l3k2t3e3.wav,y,1402.0,1
0031,3,m3l3k1t3e1.wav,y,1838.0,1
0031,3,m3l3k2t3e2.wav,y,1383.0,1
0031,3,old_m2l3.wav,r,1340.0,1
0031,3,m1l3k1t3e3.wav,y,1333.0,1
0031,3,m3l3k1t3e3.wav,y,1458.0,1
0031,3,old_m1l3.wav,r,1366.0,1
0031,3,old_m1l3.wav,r,1623.0,1
0031,3,m1l3k2t2e2.wav,y,1396.0,1
0031,3,old_m2l3.wav,r,1549.0,1
0031,3,old_m3l3.wav,y,2318.0,1
0031,3,old_m1l3.wav,y,1821.0,1
0031,3,old_m1l3.wav,y,2175.0,1
0031,3,old_m1l3.wav,y,1404.0,1
0031,3,old_m3l3.wav,y,1946.0,1
0031,3,m2l3k1t3e2.wav,y,1431.0,1
0031,3,old_m3l3.wav,y,1658.0,1
0031,3,m2l3k1t2e1.wav,y,1564.0,1
0031,3,m1l3k1t3e1.wav,y,1381.0,1
0031,3,old_m3l3.wav,r,2006.0,1
0031,3,old_m2l3.wav,r,1584.0,1
0031,3,old_m3l3.wav,y,2246.0,1
0031,3,m2l3k2t3e2.wav,y,1380.0,1
0031,3,old_m1l3.wav,r,1317.0,1
0031,3,m1l3k2t3e1.wav,y,1435.0,1
0031,3,m3l3k1t2e1.wav,y,1401.0,1
0031,3,old_m2l3.wav,r,1410.0,1
0031,3,old_m3l3.wav,y,1123.0,1
0031,3,m3l3k1t2e3.wav,y,1327.0,1
0031,3,old_m2l3.wav,r,1469.0,1
0031,3,m2l3k2t3e3.wav,y,1334.0,1
0031,3,old_m3l3.wav,r,2140.0,1
0031,3,old_m2l3.wav,r,1410.0,1
0031,3,old_m1l3.wav,y,1846.0,1
0031,3,m3l3k2t2e3.wav,y,1164.0,1
0031,3,m3l3k2t2e1.wav,y,1429.0,1
0031,3,m2l3k2t2e3.wav,y,1392.0,1
0031,3,m3l3k1t2e2.wav,y,1566.0,1
0031,3,m1l3k2t3e3.wav,y,1732.0,1
0031,3,old_m2l3.wav,r,1460.0,1
0031,3,old_m1l3.wav,r,1525.0,1
0031,3,old_m3l3.wav,y,2003.0,1
0031,3,old_m2l3.wav,r,1413.0,1
0031,3,old_m3l3.wav,r,2517.0,1
0031,5,m2l5k1t3e3.wav,0,3700.0,1
0031,5,old_m1l5.wav,r,1337.0,1
0031,5,old_m2l5.wav,r,2401.0,1
0031,5,m3l5k1t5e2.wav,r,3051.0,1
0031,5,m3l5k2t5e2.wav,0,3700.0,1
0031,5,old_m3l5.wav,r,2374.0,1
0031,5,old_m1l5.wav,r,2108.0,1
0031,5,m2l5k2t3e2.wav,y,2213.0,1
0031,5,m1l5k1t5e2.wav,0,3700.0,1
0031,5,m2l5k2t5e2.wav,y,2374.0,1
0031,5,m2l5k1t3e1.wav,y,2204.0,1
0031,5,old_m1l5.wav,r,2109.0,1
0031,5,old_m2l5.wav,r,2221.0,1
0031,5,m2l5k2t5e3.wav,y,2219.0,1
0031,5,m1l5k2t5e2.wav,y,2459.0,1
0031,5,old_m3l5.wav,r,2244.0,1
0031,5,old_m2l5.wav,0,3700.0,1
0031,5,old_m3l5.wav,r,2148.0,1
0031,5,old_m2l5.wav,y,3656.0,1
0031,5,m2l5k2t3e3.wav,y,2069.0,1
0031,5,old_m2l5.wav,0,3700.0,1
0031,5,m1l5k2t3e1.wav,y,2124.0,1
0031,5,m2l5k2t3e1.wav,y,3637.0,1
0031,5,m1l5k1t3e1.wav,y,2871.0,1
0031,5,m1l5k2t5e1.wav,y,2365.0,1
0031,5,old_m2l5.wav,r,2150.0,1
0031,5,m3l5k2t3e1.wav,r,3266.0,1
0031,5,m2l5k1t5e1.wav,y,2314.0,1
0031,5,old_m2l5.wav,y,3320.0,1
0031,5,m3l5k1t5e3.wav,y,2131.0,1
0031,5,m3l5k1t3e3.wav,y,2070.0,1
0031,5,m1l5k1t3e3.wav,y,2058.0,1
0031,5,m2l5k1t5e3.wav,y,2375.0,1
0031,5,old_m3l5.wav,r,2150.0,1
0031,5,old_m1l5.wav,r,2139.0,1
0031,5,m1l5k1t3e2.wav,y,2050.0,1
0031,5,m3l5k1t3e2.wav,y,2330.0,1
0031,5,m3l5k1t5e1.wav,y,2208.0,1
0031,5,old_m3l5.wav,y,2374.0,1
0031,5,old_m2l5.wav,r,2115.0,1
0031,5,m3l5k2t5e3.wav,y,2174.0,1
0031,5,old_m3l5.wav,0,3700.0,1
0031,5,old_m3l5.wav,y,2454.0,1
0031,5,old_m3l5.wav,y,3000.0,1
0031,5,old_m1l5.wav,r,2199.0,1
0031,5,old_m2l5.wav,r,2039.0,1
0031,5,old_m1l5.wav,r,2044.0,1
0031,5,old_m2l5.wav,r,2030.0,1
0031,5,m1l5k1t5e3.wav,y,2442.0,1
0031,5,old_m1l5.wav,0,3700.0,1
0031,5,m3l5k2t3e2.wav,y,2079.0,1
0031,5,m1l5k2t3e2.wav,y,2042.0,1
0031,5,old_m1l5.wav,y,2091.0,1
0031,5,m2l5k2t5e1.wav,r,2891.0,1
0031,5,old_m3l5.wav,r,2178.0,1
0031,5,old_m1l5.wav,r,2223.0,1
0031,5,old_m1l5.wav,r,2204.0,1
0031,5,old_m1l5.wav,r,2208.0,1
0031,5,old_m2l5.wav,r,2341.0,1
0031,5,m3l5k1t3e1.wav,y,2210.0,1
0031,5,m3l5k2t5e1.wav,y,2296.0,1
0031,5,old_m3l5.wav,y,2090.0,1
0031,5,m1l5k2t3e3.wav,y,2151.0,1
0031,5,m1l5k1t5e1.wav,y,2115.0,1
0031,5,old_m3l5.wav,r,2254.0,1
0031,5,old_m1l5.wav,r,2267.0,1
0031,5,m2l5k1t3e2.wav,y,2450.0,1
0031,5,m2l5k1t5e2.wav,y,2100.0,1
0031,5,m1l5k2t5e3.wav,y,2072.0,1
0031,5,old_m2l5.wav,r,2235.0,1
0031,5,old_m3l5.wav,r,2863.0,1
0031,5,m3l5k2t3e3.wav,y,2178.0,1
0031,7,old_m3l7.wav,0,4500.0,1
0031,7,old_m3l7.wav,0,4500.0,1
0031,7,m1l7k2t7e3.wav,0,4500.0,1
0031,7,old_m3l7.wav,0,4500.0,1
0031,7,old_m3l7.wav,0,4500.0,1
0031,7,m3l7k2t7e3.wav,0,4500.0,1
0031,7,old_m1l7.wav,0,4500.0,1
0031,7,m1l7k1t7e2.wav,0,4500.0,1
0031,7,old_m1l7.wav,0,4500.0,1
0031,7,m3l7k2t5e1.wav,0,4500.0,1
0031,7,old_m1l7.wav,0,4500.0,1
0031,7,old_m3l7.wav,0,4500.0,1
0031,7,old_m1l7.wav,0,4500.0,1
0031,7,old_m3l7.wav,0,4500.0,1
0031,7,m2l7k1t5e3.wav,0,4500.0,1
0031,7,old_m1l7.wav,0,4500.0,1
0031,7,m1l7k1t5e1.wav,0,4500.0,1
0031,7,old_m1l7.wav,0,4500.0,1
0031,7,old_m1l7.wav,0,4500.0,1
0031,7,old_m3l7.wav,0,4500.0,1
0031,7,m2l7k1t5e1.wav,0,4500.0,1
0031,7,m2l7k2t5e2.wav,0,4500.0,1
0031,7,m2l7k1t7e3.wav,0,4500.0,1
0031,7,m1l7k1t7e1.wav,0,4500.0,1
0031,7,m1l7k1t5e2.wav,0,4500.0,1
0031,7,old_m1l7.wav,0,4500.0,1
0031,7,m1l7k2t5e1.wav,0,4500.0,1
0031,7,m2l7k2t7e2.wav,0,4500.0,1
0031,7,old_m2l7.wav,0,4500.0,1
0031,7,old_m2l7.wav,0,4500.0,1
0031,7,m1l7k2t7e2.wav,0,4500.0,1
0031,7,m2l7k1t5e2.wav,0,4500.0,1
0031,7,m3l7k1t7e1.wav,0,4500.0,1
0031,7,m2l7k2t5e1.wav,0,4500.0,1
0031,7,m2l7k2t7e3.wav,0,4500.0,1
0031,7,m2l7k1t7e2.wav,0,4500.0,1
0031,7,m2l7k2t7e1.wav,0,4500.0,1
0031,7,old_m2l7.wav,0,4500.0,1
0031,7,m3l7k2t7e1.wav,0,4500.0,1
0031,7,old_m3l7.wav,0,4500.0,1
0031,7,m1l7k1t5e3.wav,0,4500.0,1
0031,7,old_m3l7.wav,0,4500.0,1
0031,7,old_m1l7.wav,0,4500.0,1
0031,7,old_m2l7.wav,0,4500.0,1
0031,7,old_m2l7.wav,0,4500.0,1
0031,7,old_m2l7.wav,0,4500.0,1
0031,7,old_m3l7.wav,0,4500.0,1
0031,7,old_m2l7.wav,0,4500.0,1
0031,7,m1l7k2t5e3.wav,0,4500.0,1
0031,7,m3l7k1t7e3.wav,0,4500.0,1
0031,7,old_m2l7.wav,0,4500.0,1
0031,7,old_m2l7.wav,0,4500.0,1
0031,7,m2l7k2t5e3.wav,0,4500.0,1
0031,7,old_m2l7.wav,0,4500.0,1
0031,7,m3l7k1t7e2.wav,0,4500.0,1
0031,7,m1l7k1t7e3.wav,0,4500.0,1
0031,7,m3l7k2t7e2.wav,0,4500.0,1
0031,7,m1l7k2t5e2.wav,0,4500.0,1
0031,7,m3l7k1t5e1.wav,0,4500.0,1
0031,7,m1l7k2t7e1.wav,0,4500.0,1
0031,7,old_m1l7.wav,0,4500.0,1
0031,7,m3l7k2t5e2.wav,0,4500.0,1
0031,7,old_m1l7.wav,0,4500.0,1
0031,7,m2l7k1t7e1.wav,0,4500.0,1
0031,7,old_m2l7.wav,0,4500.0,1
0031,7,old_m3l7.wav,0,4500.0,1
0031,7,old_m3l7.wav,0,4500.0,1
0031,7,old_m2l7.wav,0,4500.0,1
0031,7,m3l7k1t5e3.wav,0,4500.0,1
0031,7,m3l7k2t5e3.wav,0,4500.0,1
0031,7,old_m1l7.wav,0,4500.0,1
0031,7,m3l7k1t5e2.wav,0,4500.0,1
0032,3,m2l3k2t2e2.wav,y,1565.0,1
0032,3,old_m1l3.wav,r,1589.0,1
0032,3,old_m1l3.wav,r,1320.0,1
0032,3,old_m3l3.wav,r,1327.0,1
0032,3,m1l3k1t3e2.wav,y,2842.0,1
0032,3,old_m3l3.wav,r,1434.0,1
0032,3,old_m2l3.wav,r,1468.0,1
0032,3,m3l3k1t3e3.wav,y,1662.0,1
0032,3,m3l3k2t3e2.wav,y,1670.0,1
0032,3,m3l3k2t2e3.wav,r,1509.0,1
0032,3,m1l3k1t3e3.wav,y,1728.0,1
0032,3,old_m2l3.wav,r,1325.0,1
0032,3,old_m1l3.wav,y,1400.0,1
0032,3,old_m2l3.wav,0,3000.0,1
0032,3,old_m3l3.wav,y,2475.0,1
0032,3,old_m1l3.wav,0,3000.0,1
0032,3,old_m1l3.wav,0,3000.0,1
0032,3,old_m1l3.wav,r,1224.0,1
0032,3,old_m3l3.wav,r,1542.0,1
0032,3,old_m3l3.wav,r,1297.0,1
0032,3,m1l3k2t2e2.wav,y,1391.0,1
0032,3,old_m3l3.wav,0,3000.0,1
0032,3,old_m3l3.wav,r,1623.0,1
0032,3,old_m3l3.wav,y,1690.0,1
0032,3,m1l3k2t3e2.wav,y,1653.0,1
0032,3,m3l3k1t2e2.wav,y,1462.0,1
0032,3,m2l3k1t2e2.wav,y,1241.0,1
0032,3,old_m1l3.wav,r,1347.0,1
0032,3,old_m1l3.wav,r,1188.0,1
0032,3,old_m2l3.wav,r,1705.0,1
0032,3,old_m2l3.wav,r,1181.0,1
0032,3,old_m3l3.wav,y,2383.0,1
0032,3,m1l3k2t3e1.wav,y,1623.0,1
0032,3,m1l3k1t2e1.wav,y,1520.0,1
0032,3,m2l3k2t2e3.wav,y,1426.0,1
0032,3,m3l3k2t3e1.wav,y,1448.0,1
0032,3,m1l3k1t2e3.wav,y,1607.0,1
0032,3,m3l3k1t2e3.wav,y,1558.0,1
0032,3,m3l3k1t3e1.wav,y,2210.0,1
0032,3,m2l3k1t3e2.wav,y,1937.0,1
0032,3,m1l3k2t2e3.wav,y,1380.0,1
0032,3,m3l3k1t2e1.wav,0,3000.0,1
0032,3,m3l3k2t2e1.wav,0,3000.0,1
0032,3,old_m1l3.wav,r,1441.0,1
0032,3,m2l3k2t2e1.wav,y,2185.0,1
0032,3,old_m3l3.wav,y,2881.0,1
0032,3,old_m2l3.wav,r,1564.0,1
0032,3,m3l3k2t3e3.wav,0,3000.0,1
0032,3,m2l3k1t2e1.wav,0,3000.0,1
0032,3,old_m3l3.wav,0,3000.0,1
0032,3,old_m2l3.wav,y,2210.0,1
0032,3,m1l3k1t2e2.wav,r,2809.0,1
0032,3,m2l3k2t3e3.wav,0,3000.0,1
0032,3,m2l3k1t3e3.wav,0,3000.0,1
0032,3,old_m2l3.wav,0,3000.0,1
0032,3,m2l3k1t2e3.wav,y,1340.0,1
0032,3,m2l3k1t3e1.wav,r,1413.0,1
0032,3,m1l3k2t2e1.wav,0,3000.0,1
0032,3,old_m2l3.wav,0,3000.0,1
0032,3,m1l3k2t3e3.wav,0,3000.0,1
0032,3,old_m1l3.wav,r,1557.0,1
0032,3,old_m2l3.wav,r,1403.0,1
0032,3,old_m1l3.wav,r,1564.0,1
0032,3,old_m3l3.wav,y,2124.0,1
0032,3,old_m2l3.wav,0,3000.0,1
0032,3,old_m1l3.wav,r,1717.0,1
0032,3,m2l3k2t3e1.wav,r,2364.0,1
0032,3,m3l3k1t3e2.wav,0,3000.0,1
0032,3,old_m2l3.wav,0,3000.0,1
0032,3,m2l3k2t3e2.wav,0,3000.0,1
0032,3,m3l3k2t2e2.wav,y,2655.0,1
0032,3,m1l3k1t3e1.wav,y,1816.0,1
0032,5,old_m2l5.wav,r,3337.0,1
0032,5,old_m3l5.wav,r,2312.0,1
0032,5,m3l5k1t3e1.wav,y,2623.0,1
0032,5,m2l5k1t5e2.wav,y,2386.0,1
0032,5,m1l5k1t5e3.wav,0,3700.0,1
0032,5,old_m3l5.wav,r,2685.0,1
0032,5,old_m1l5.wav,r,2102.0,1
0032,5,old_m3l5.wav,y,2639.0,1
0032,5,old_m2l5.wav,r,2039.0,1
0032,5,m1l5k2t3e3.wav,y,1991.0,1
0032,5,old_m2l5.wav,r,2156.0,1
0032,5,old_m1l5.wav,0,3700.0,1
0032,5,old_m3l5.wav,y,3476.0,1
0032,5,m2l5k2t5e3.wav,y,2300.0,1
0032,5,m1l5k1t5e2.wav,y,2346.0,1
0032,5,m2l5k1t5e1.wav,r,3227.0,1
0032,5,m2l5k1t3e1.wav,y,2232.0,1
0032,5,m3l5k2t5e2.wav,y,1999.0,1
0032,5,old_m1l5.wav,y,3208.0,1
0032,5,old_m3l5.wav,y,2390.0,1
0032,5,m1l5k2t5e3.wav,y,2260.0,1
0032,5,m2l5k1t3e3.wav,y,2199.0,1
0032,5,m3l5k2t3e2.wav,y,2548.0,1
0032,5,m2l5k2t3e2.wav,y,2531.0,1
0032,5,old_m2l5.wav,r,3401.0,1
0032,5,old_m1l5.wav,y,2173.0,1
0032,5,old_m2l5.wav,r,2032.0,1
0032,5,old_m2l5.wav,r,2792.0,1
0032,5,m1l5k1t3e1.wav,y,2512.0,1
0032,5,m2l5k2t5e1.wav,y,3588.0,1
0032,5,m3l5k1t3e3.wav,y,1737.0,1
0032,5,old_m1l5.wav,y,2316.0,1
0032,5,m1l5k2t3e2.wav,y,2409.0,1
0032,5,old_m3l5.wav,y,1911.0,1
0032,5,old_m2l5.wav,r,2440.0,1
0032,5,old_m1l5.wav,y,2053.0,1
0032,5,m2l5k1t5e3.wav,y,2147.0,1
0032,5,old_m1l5.wav,y,2279.0,1
0032,5,old_m1l5.wav,r,2149.0,1
0032,5,m3l5k2t3e3.wav,y,1908.0,1
0032,5,m1l5k1t5e1.wav,y,2144.0,1
0032,5,old_m1l5.wav,0,3700.0,1
0032,5,m2l5k2t3e3.wav,y,1941.0,1
0032,5,m3l5k1t3e2.wav,r,2372.0,1
0032,5,m1l5k2t5e2.wav,y,2827.0,1
0032,5,old_m1l5.wav,y,2366.0,1
0032,5,old_m1l5.wav,y,2013.0,1
0032,5,m3l5k2t3e1.wav,r,2414.0,1
0032,5,m1l5k1t3e3.wav,y,1786.0,1
0032,5,m1l5k1t3e2.wav,y,1726.0,1
0032,5,m3l5k2t5e1.wav,y,1961.0,1
0032,5,old_m2l5.wav,y,1936.0,1
0032,5,old_m3l5.wav,y,2036.0,1
0032,5,old_m3l5.wav,y,2091.0,1
0032,5,old_m1l5.wav,r,1896.0,1
0032,5,old_m2l5.wav,r,2022.0,1
0032,5,m2l5k1t3e2.wav,y,1695.0,1
0032,5,old_m3l5.wav,y,2151.0,1
0032,5,old_m2l5.wav,r,2400.0,1
0032,5,m3l5k1t5e1.wav,y,2174.0,1
0032,5,m2l5k2t5e2.wav,y,2368.0,1
0032,5,old_m3l5.wav,y,2147.0,1
0032,5,m2l5k2t3e1.wav,y,2154.0,1
0032,5,old_m3l5.wav,y,2360.0,1
0032,5,m1l5k2t3e1.wav,y,2400.0,1
0032,5,old_m2l5.wav,r,2345.0,1
0032,5,old_m2l5.wav,r,2643.0,1
0032,5,m3l5k2t5e3.wav,y,2268.0,1
0032,5,m3l5k1t5e3.wav,y,2225.0,1
0032,5,old_m3l5.wav,r,2450.0,1
0032,5,m1l5k2t5e1.wav,y,2947.0,1
0032,5,m3l5k1t5e2.wav,y,3617.0,1
0032,7,m2l7k1t5e2.wav,r,3859.0,1
0032,7,m2l7k2t5e2.wav,y,3102.0,1
0032,7,old_m3l7.wav,r,3352.0,1
0032,7,old_m2l7.wav,r,3080.0,1
0032,7,old_m3l7.wav,r,3788.0,1
0032,7,old_m1l7.wav,r,3059.0,1
0032,7,m3l7k1t5e2.wav,y,2759.0,1
0032,7,old_m1l7.wav,r,3012.0,1
0032,7,m2l7k1t7e1.wav,y,2996.0,1
0032,7,m3l7k2t7e3.wav,y,2755.0,1
0032,7,old_m1l7.wav,r,2672.0,1
0032,7,old_m3l7.wav,y,2781.0,1
0032,7,old_m2l7.wav,r,2677.0,1
0032,7,m3l7k1t7e1.wav,y,3153.0,1
0032,7,old_m2l7.wav,y,2437.0,1
0032,7,old_m2l7.wav,y,2677.0,1
0032,7,old_m2l7.wav,y,2473.0,1
0032,7,old_m2l7.wav,y,1686.0,1
0032,7,old_m1l7.wav,r,2727.0,1
0032,7,old_m2l7.wav,r,2615.0,1
0032,7,old_m3l7.wav,y,1956.0,1
0032,7,old_m3l7.wav,y,2770.0,1
0032,7,m1l7k2t5e1.wav,y,2522.0,1
0032,7,old_m2l7.wav,r,2721.0,1
0032,7,m1l7k1t7e3.wav,y,3032.0,1
0032,7,old_m1l7.wav,y,4322.0,1
0032,7,old_m2l7.wav,r,3854.0,1
0032,7,old_m1l7.wav,0,4500.0,1
0032,7,m1l7k2t7e2.wav,y,3173.0,1
0032,7,m1l7k1t5e1.wav,y,2404.0,1
0032,7,old_m3l7.wav,y,3799.0,1
0032,7,m3l7k1t7e2.wav,y,2783.0,1
0032,7,m1l7k2t7e1.wav,y,2925.0,1
0032,7,old_m1l7.wav,r,2928.0,1
0032,7,old_m3l7.wav,y,2596.0,1
0032,7,m1l7k1t5e3.wav,y,2460.0,1
0032,7,m1l7k2t5e2.wav,y,2068.0,1
0032,7,m2l7k1t7e3.wav,0,4500.0,1
0032,7,m2l7k1t7e2.wav,y,2879.0,1
0032,7,m2l7k2t7e2.wav,y,3369.0,1
0032,7,old_m1l7.wav,r,4358.0,1
0032,7,m3l7k2t7e2.wav,y,2415.0,1
0032,7,m3l7k1t5e1.wav,y,2747.0,1
0032,7,old_m3l7.wav,y,3587.0,1
0032,7,old_m2l7.wav,0,4500.0,1
0032,7,m2l7k2t7e3.wav,y,2827.0,1
0032,7,m1l7k1t5e2.wav,0,4500.0,1
0032,7,m3l7k2t5e1.wav,y,2674.0,1
0032,7,old_m1l7.wav,r,2659.0,1
0032,7,old_m1l7.wav,r,3764.0,1
0032,7,m3l7k2t5e2.wav,y,2641.0,1
0032,7,m2l7k2t5e1.wav,y,2512.0,1
0032,7,m3l7k1t7e3.wav,y,2755.0,1
0032,7,old_m3l7.wav,y,3691.0,1
0032,7,m2l7k2t7e1.wav,y,3281.0,1
0032,7,m3l7k2t5e3.wav,y,2057.0,1
0032,7,old_m3l7.wav,y,3095.0,1
0032,7,old_m1l7.wav,r,3078.0,1
0032,7,m1l7k2t5e3.wav,y,2689.0,1
0032,7,old_m2l7.wav,0,4500.0,1
0032,7,old_m3l7.wav,y,3188.0,1
0032,7,m2l7k2t5e3.wav,y,2103.0,1
0032,7,m2l7k1t5e1.wav,0,4500.0,1
0032,7,m1l7k1t7e2.wav,y,3103.0,1
0032,7,m3l7k2t7e1.wav,y,2871.0,1
0032,7,m1l7k2t7e3.wav,y,3230.0,1
0032,7,m3l7k1t5e3.wav,y,2673.0,1
0032,7,m1l7k1t7e1.wav,y,2813.0,1
0032,7,old_m3l7.wav,y,2689.0,1
0032,7,old_m2l7.wav,r,3010.0,1
0032,7,m2l7k1t5e3.wav,r,3203.0,1
0032,7,old_m1l7.wav,y,3722.0,1
0033,3,old_m3l3.wav,0,3000.0,1
0033,3,m2l3k1t3e3.wav,y,1885.0,1
0033,3,old_m3l3.wav,r,1690.0,1
0033,3,old_m3l3.wav,r,2024.0,1
0033,3,m2l3k2t3e2.wav,r,1893.0,1
0033,3,old_m3l3.wav,r,2736.0,1
0033,3,old_m1l3.wav,r,1752.0,1
0033,3,old_m2l3.wav,r,1752.0,1
0033,3,m3l3k2t2e1.wav,y,1439.0,1
0033,3,m2l3k1t2e2.wav,y,2865.0,1
0033,3,m3l3k1t3e3.wav,r,1724.0,1
0033,3,m3l3k1t2e2.wav,y,1934.0,1
0033,3,old_m1l3.wav,r,1632.0,1
0033,3,m2l3k2t3e3.wav,y,1603.0,1
0033,3,old_m3l3.wav,r,1477.0,1
0033,3,old_m2l3.wav,r,1934.0,1
0033,3,old_m3l3.wav,r,2292.0,1
0033,3,old_m1l3.wav,r,1483.0,1
0033,3,m3l3k1t2e1.wav,y,2497.0,1
0033,3,old_m3l3.wav,r,2156.0,1
0033,3,m2l3k2t2e2.wav,y,1845.0,1
0033,3,m1l3k1t3e1.wav,y,1584.0,1
0033,3,old_m1l3.wav,r,1340.0,1
0033,3,m1l3k1t2e3.wav,y,1596.0,1
0033,3,old_m2l3.wav,r,1327.0,1
0033,3,m2l3k1t3e1.wav,r,2958.0,1
0033,3,old_m3l3.wav,0,3000.0,1
0033,3,m3l3k2t3e3.wav,y,1374.0,1
0033,3,m2l3k2t2e3.wav,y,1496.0,1
0033,3,old_m2l3.wav,r,1619.0,1
0033,3,old_m1l3.wav,r,1322.0,1
0033,3,m1l3k2t3e2.wav,y,1521.0,0
0033,3,m2l3k1t2e3.wav,y,2047.0,0
0033,3,m1l3k2t2e2.wav,0,3000.0,0
0033,3,old_m2l3.wav,r,1213.0,0
0033,3,m3l3k1t3e2.wav,0,3000.0,0
0033,3,m2l3k2t3e1.wav,y,2091.0,0
0033,3,m1l3k1t2e2.wav,r,1818.0,0
0033,3,old_m2l3.wav,r,2301.0,0
0033,3,m3l3k1t2e3.wav,y,1544.0,0
0033,3,old_m1l3.wav,y,2605.0,0
0033,3,old_m3l3.wav,r,1585.0,0
0033,3,old_m1l3.wav,r,1505.0,0
0033,3,m2l3k1t3e2.wav,y,2560.0,0
0033,3,old_m1l3.wav,r,1869.0,0
0033,3,m2l3k1t2e1.wav,y,2325.0,0
0033,3,old_m1l3.wav,r,1921.0,0
0033,3,m3l3k2t3e1.wav,r,2852.0,0
0033,3,old_m3l3.wav,r,1556.0,0
0033,3,m3l3k2t2e3.wav,y,2267.0,0
0033,3,m1l3k2t3e1.wav,r,2955.0,0
0033,3,old_m3l3.wav,0,3000.0,1
0033,3,old_m2l3.wav,0,3000.0,1
0033,3,m1l3k2t2e3.wav,y,1855.0,1
0033,3,m1l3k2t3e3.wav,0,3000.0,1
0033,3,old_m2l3.wav,r,1407.0,1
0033,3,old_m2l3.wav,r,2793.0,1
0033,3,old_m2l3.wav,r,2967.0,1
0033,3,old_m1l3.wav,0,3000.0,1
0033,3,m1l3k2t2e1.wav,y,1739.0,1
0033,3,m1l3k1t2e1.wav,y,1485.0,1
0033,3,old_m3l3.wav,y,2025.0,1
0033,3,old_m1l3.wav,r,1592.0,1
0033,3,m3l3k2t3e2.wav,y,1672.0,1
0033,3,m1l3k1t3e3.wav,0,3000.0,1
0033,3,m1l3k1t3e2.wav,0,3000.0,1
0033,3,m3l3k2t2e2.wav,0,3000.0,1
0033,3,old_m2l3.wav,r,1345.0,1
0033,3,m3l3k1t3e1.wav,y,2317.0,1
0033,3,old_m2l3.wav,r,2013.0,1
0033,3,m2l3k2t2e1.wav,y,1515.0,1
0033,3,old_m1l3.wav,r,2009.0,1
0033,5,m1l5k2t3e2.wav,0,3700.0,1
0033,5,m3l5k2t5e3.wav,r,3272.0,1
0033,5,old_m2l5.wav,r,2183.0,1
0033,5,m3l5k2t3e1.wav,0,3700.0,1
0033,5,old_m3l5.wav,r,2942.0,1
0033,5,old_m3l5.wav,r,2843.0,1
0033,5,m1l5k2t3e1.wav,y,3081.0,1
0033,5,old_m3l5.wav,0,3700.0,1
0033,5,m2l5k1t3e2.wav,y,2666.0,1
0033,5,old_m1l5.wav,r,2811.0,1
0033,5,m1l5k2t3e3.wav,0,3700.0,1
0033,5,old_m2l5.wav,y,2564.0,1
0033,5,m3l5k2t5e2.wav,y,3252.0,1
0033,5,m2l5k2t5e2.wav,0,3700.0,1
0033,5,old_m1l5.wav,0,3700.0,1
0033,5,old_m2l5.wav,r,2020.0,1
0033,5,old_m1l5.wav,r,2549.0,1
0033,5,old_m1l5.wav,r,2552.0,1
0033,5,m3l5k1t3e1.wav,0,3700.0,1
0033,5,old_m3l5.wav,0,3700.0,1
0033,5,m2l5k1t3e1.wav,0,3700.0,1
0033,5,m2l5k1t5e1.wav,r,2786.0,1
0033,5,old_m3l5.wav,0,3700.0,1
0033,5,m2l5k2t5e1.wav,r,3411.0,0
0033,5,m1l5k1t5e3.wav,0,3700.0,0
0033,5,old_m3l5.wav,0,3700.0,0
0033,5,m2l5k2t3e3.wav,0,3700.0,1
0033,5,m1l5k1t3e1.wav,y,2395.0,1
0033,5,old_m2l5.wav,r,3146.0,1
0033,5,m3l5k1t5e2.wav,0,3700.0,1
0033,5,m2l5k2t3e2.wav,0,3700.0,1
0033,5,old_m1l5.wav,y,3377.0,1
0033,5,m3l5k1t3e2.wav,y,2474.0,1
0033,5,m1l5k1t3e2.wav,0,3700.0,1
0033,5,old_m3l5.wav,r,3288.0,1
0033,5,old_m3l5.wav,0,3700.0,1
0033,5,old_m3l5.wav,r,3409.0,1
0033,5,m1l5k2t5e2.wav,y,2366.0,1
0033,5,m1l5k1t5e2.wav,0,3700.0,1
0033,5,m3l5k1t3e3.wav,y,2499.0,1
0033,5,m3l5k2t5e1.wav,0,3700.0,1
0033,5,old_m2l5.wav,r,3412.0,1
0033,5,old_m2l5.wav,r,3059.0,1
0033,5,old_m1l5.wav,r,2328.0,1
0033,5,m1l5k2t5e1.wav,0,3700.0,1
0033,5,m2l5k1t3e3.wav,0,3700.0,0
0033,5,m2l5k2t3e1.wav,y,2739.0,0
0033,5,old_m1l5.wav,r,3142.0,0
0033,5,m3l5k1t5e1.wav,0,3700.0,0
0033,5,m1l5k1t5e1.wav,0,3700.0,1
0033,5,m1l5k2t5e3.wav,0,3700.0,1
0033,5,m3l5k1t5e3.wav,0,3700.0,1
0033,5,old_m1l5.wav,r,2217.0,1
0033,5,old_m2l5.wav,r,2549.0,1
0033,5,old_m3l5.wav,0,3700.0,1
0033,5,m1l5k1t3e3.wav,0,3700.0,1
0033,5,old_m1l5.wav,0,3700.0,1
0033,5,old_m2l5.wav,r,3118.0,1
0033,5,old_m2l5.wav,y,2953.0,1
0033,5,old_m2l5.wav,r,3651.0,1
0033,5,old_m1l5.wav,r,2447.0,1
0033,5,m2l5k1t5e3.wav,0,3700.0,1
0033,5,old_m2l5.wav,r,2465.0,1
0033,5,m2l5k1t5e2.wav,y,3171.0,1
0033,5,old_m3l5.wav,r,3306.0,1
0033,5,old_m1l5.wav,0,3700.0,1
0033,5,m3l5k2t3e2.wav,r,3402.0,1
0033,5,m2l5k2t5e3.wav,0,3700.0,1
0033,5,old_m2l5.wav,r,486.0,1
0033,5,old_m1l5.wav,0,3700.0,1
0033,5,m3l5k2t3e3.wav,0,3700.0,1
0033,5,old_m3l5.wav,0,3700.0,1
0033,7,old_m1l7.wav,r,2965.0,1
0033,7,m2l7k1t7e1.wav,y,3191.0,1
0033,7,m3l7k2t7e3.wav,y,2890.0,1
0033,7,m2l7k2t7e3.wav,y,3019.0,1
0033,7,old_m2l7.wav,r,2968.0,1
0033,7,old_m2l7.wav,r,3190.0,1
0033,7,m3l7k2t5e2.wav,0,4500.0,1
0033,7,m3l7k1t7e1.wav,0,4500.0,1
0033,7,m2l7k1t5e3.wav,0,4500.0,1
0033,7,old_m1l7.wav,r,2924.0,1
0033,7,old_m2l7.wav,r,2747.0,1
0033,7,old_m1l7.wav,r,3084.0,1
0033,7,m1l7k2t7e3.wav,y,2958.0,1
0033,7,m1l7k2t5e3.wav,y,3619.0,1
0033,7,old_m1l7.wav,r,2754.0,1
0033,7,old_m2l7.wav,y,3875.0,1
0033,7,m3l7k2t5e3.wav,y,2300.0,1
0033,7,m3l7k1t7e2.wav,0,4500.0,1
0033,7,m1l7k1t7e1.wav,y,3159.0,1
0033,7,old_m3l7.wav,y,3449.0,1
0033,7,m3l7k2t7e2.wav,y,2897.0,1
0033,7,m1l7k2t5e2.wav,r,3853.0,1
0033,7,m2l7k2t5e3.wav,y,3016.0,1
0033,7,m2l7k1t7e2.wav,0,4500.0,1
0033,7,m1l7k1t7e3.wav,0,4500.0,1
0033,7,m2l7k1t5e2.wav,0,4500.0,1
0033,7,m1l7k1t5e1.wav,r,4080.0,1
0033,7,m1l7k1t7e2.wav,0,4500.0,1
0033,7,old_m3l7.wav,r,3534.0,1
0033,7,old_m2l7.wav,r,2923.0,1
0033,7,old_m3l7.wav,r,3949.0,1
0033,7,old_m1l7.wav,r,3252.0,1
0033,7,m3l7k1t7e3.wav,y,2925.0,1
0033,7,m2l7k2t5e1.wav,0,4500.0,1
0033,7,old_m2l7.wav,r,3536.0,1
0033,7,old_m1l7.wav,r,3759.0,1
0033,7,m1l7k1t5e3.wav,0,4500.0,1
0033,7,m3l7k1t5e2.wav,y,2596.0,1
0033,7,old_m2l7.wav,r,2914.0,1
0033,7,m1l7k2t5e1.wav,y,3235.0,1
0033,7,old_m2l7.wav,r,3914.0,1
0033,7,m1l7k2t7e2.wav,y,2862.0,1
0033,7,old_m3l7.wav,r,3246.0,1
0033,7,old_m3l7.wav,r,4433.0,1
0033,7,m2l7k2t5e2.wav,0,4500.0,1
0033,7,m2l7k1t7e3.wav,0,4500.0,1
0033,7,old_m1l7.wav,r,2796.0,1
0033,7,old_m3l7.wav,r,3544.0,1
0033,7,old_m3l7.wav,r,3806.0,1
0033,7,m2l7k2t7e1.wav,0,4500.0,1
0033,7,old_m1l7.wav,r,2705.0,1
0033,7,old_m2l7.wav,r,3740.0,1
0033,7,old_m2l7.wav,r,3439.0,1
0033,7,old_m3l7.wav,y,3954.0,1
0033,7,old_m3l7.wav,0,4500.0,1
0033,7,m2l7k2t7e2.wav,y,3111.0,1
0033,7,old_m1l7.wav,0,4500.0,1
0033,7,old_m1l7.wav,r,2758.0,1
0033,7,m1l7k1t5e2.wav,y,3010.0,1
0033,7,old_m2l7.wav,r,3753.0,1
0033,7,old_m3l7.wav,y,2663.0,1
0033,7,m3l7k1t5e1.wav,y,2997.0,1
0033,7,old_m2l7.wav,r,3271.0,1
0033,7,m3l7k2t5e1.wav,y,2677.0,1
0033,7,old_m1l7.wav,0,4500.0,1
0033,7,old_m1l7.wav,r,4072.0,1
0033,7,old_m3l7.wav,y,4439.0,1
0033,7,m1l7k2t7e1.wav,y,3038.0,1
0033,7,m3l7k1t5e3.wav,y,3760.0,1
0033,7,m3l7k2t7e1.wav,y,3030.0,1
0033,7,old_m3l7.wav,0,4500.0,1
0033,7,m2l7k1t5e1.wav,y,2935.0,1
0034,3,old_m2l3.wav,y,2823.0,1
0034,3,old_m1l3.wav,r,1606.0,1
0034,3,old_m2l3.wav,r,1420.0,1
0034,3,m1l3k1t2e1.wav,y,1261.0,1
0034,3,m2l3k1t2e1.wav,y,1347.0,1
0034,3,m1l3k2t3e2.wav,y,1425.0,1
0034,3,m3l3k1t3e2.wav,y,1619.0,1
0034,3,old_m3l3.wav,r,1755.0,1
0034,3,old_m1l3.wav,y,1441.0,1
0034,3,m1l3k1t2e3.wav,y,2233.0,1
0034,3,old_m3l3.wav,r,1671.0,1
0034,3,old_m3l3.wav,r,2203.0,1
0034,3,m2l3k2t2e2.wav,y,1731.0,1
0034,3,old_m2l3.wav,r,1713.0,1
0034,3,old_m3l3.wav,r,1952.0,1
0034,3,m3l3k2t3e1.wav,y,1993.0,1
0034,3,old_m1l3.wav,y,2180.0,1
0034,3,m2l3k2t2e1.wav,y,1752.0,1
0034,3,m1l3k2t2e3.wav,y,1579.0,1
0034,3,old_m2l3.wav,r,1308.0,1
0034,3,m2l3k2t3e1.wav,y,1596.0,1
0034,3,old_m3l3.wav,r,2045.0,1
0034,3,old_m2l3.wav,r,1348.0,1
0034,3,m1l3k1t2e2.wav,y,1485.0,1
0034,3,m2l3k1t2e2.wav,y,1486.0,1
0034,3,old_m1l3.wav,r,1372.0,1
0034,3,old_m1l3.wav,r,1721.0,1
0034,3,m1l3k2t2e1.wav,y,1510.0,1
0034,3,m3l3k2t3e3.wav,y,1900.0,1
0034,3,old_m2l3.wav,r,1476.0,1
0034,3,m2l3k1t2e3.wav,y,1725.0,1
0034,3,old_m1l3.wav,r,1786.0,1
0034,3,old_m1l3.wav,r,1935.0,1
0034,3,m3l3k1t3e3.wav,y,2950.0,1
0034,3,old_m1l3.wav,r,1406.0,1
0034,3,old_m3l3.wav,r,1972.0,1
0034,3,m3l3k1t2e1.wav,y,1583.0,1
0034,3,old_m2l3.wav,r,1571.0,1
0034,3,old_m3l3.wav,y,1862.0,1
0034,3,old_m2l3.wav,r,1311.0,1
0034,3,m1l3k2t2e2.wav,y,1266.0,1
0034,3,old_m1l3.wav,r,1303.0,1
0034,3,old_m3l3.wav,r,1512.0,1
0034,3,old_m2l3.wav,r,1301.0,1
0034,3,m1l3k1t3e1.wav,y,1405.0,1
0034,3,m3l3k2t2e2.wav,r,1569.0,1
0034,3,m1l3k1t3e2.wav,y,1564.0,1
0034,3,m1l3k2t3e3.wav,y,1500.0,1
0034,3,old_m1l3.wav,r,1517.0,1
0034,3,m2l3k1t3e2.wav,y,1450.0,1
0034,3,m2l3k1t3e3.wav,y,2019.0,1
0034,3,old_m2l3.wav,r,1857.0,1
0034,3,m2l3k2t2e3.wav,y,1501.0,1
0034,3,m2l3k2t3e2.wav,y,1461.0,1
0034,3,old_m3l3.wav,r,1460.0,1
0034,3,m1l3k2t3e1.wav,y,1821.0,1
0034,3,m1l3k1t3e3.wav,y,1609.0,1
0034,3,old_m3l3.wav,r,1712.0,1
0034,3,m3l3k1t2e2.wav,y,1520.0,1
0034,3,old_m3l3.wav,r,1359.0,1
0034,3,m2l3k2t3e3.wav,r,1862.0,1
0034,3,old_m2l3.wav,r,1477.0,1
0034,3,old_m2l3.wav,r,1558.0,1
0034,3,m3l3k1t2e3.wav,y,1741.0,1
0034,3,m3l3k1t3e1.wav,r,1548.0,1
0034,3,m3l3k2t2e3.wav,y,1589.0,1
0034,3,old_m1l3.wav,r,2414.0,1
0034,3,m3l3k2t3e2.wav,y,1534.0,1
0034,3,old_m3l3.wav,r,1504.0,1
0034,3,m2l3k1t3e1.wav,y,1491.0,1
0034,3,m3l3k2t2e1.wav,0,3000.0,1
0034,3,old_m1l3.wav,r,1462.0,1
0034,5,old_m1l5.wav,r,2898.0,1
0034,5,old_m1l5.wav,r,2176.0,1
0034,5,m3l5k1t5e1.wav,r,2291.0,1
0034,5,m1l5k2t5e1.wav,y,2403.0,1
0034,5,m3l5k2t5e1.wav,y,2732.0,1
0034,5,m3l5k2t3e2.wav,y,2451.0,1
0034,5,old_m3l5.wav,r,2387.0,1
0034,5,m1l5k1t5e3.wav,0,3700.0,1
0034,5,old_m2l5.wav,r,2260.0,1
0034,5,old_m2l5.wav,r,2333.0,1
0034,5,old_m1l5.wav,r,2107.0,1
0034,5,m2l5k2t5e3.wav,y,2571.0,1
0034,5,m1l5k2t3e2.wav,y,2210.0,1
0034,5,m3l5k1t5e3.wav,r,2409.0,1
0034,5,m2l5k2t3e1.wav,y,2722.0,1
0034,5,m1l5k1t3e3.wav,y,2126.0,1
0034,5,old_m2l5.wav,r,2118.0,1
0034,5,m1l5k1t5e2.wav,y,2216.0,1
0034,5,old_m3l5.wav,r,2663.0,1
0034,5,m1l5k2t3e3.wav,y,1960.0,1
0034,5,m3l5k2t5e2.wav,r,2901.0,1
0034,5,m3l5k1t3e2.wav,r,2913.0,1
0034,5,m2l5k2t5e2.wav,y,3021.0,1
0034,5,old_m1l5.wav,r,2496.0,1
0034,5,m3l5k2t3e3.wav,y,3083.0,1
0034,5,old_m3l5.wav,r,2200.0,1
0034,5,old_m3l5.wav,r,2289.0,1
0034,5,m2l5k1t3e1.wav,y,2528.0,1
0034,5,m2l5k1t3e2.wav,y,2389.0,1
0034,5,m3l5k1t5e2.wav,y,2432.0,1
0034,5,m2l5k1t3e3.wav,y,2435.0,1
0034,5,m1l5k1t3e2.wav,y,2372.0,1
0034,5,m1l5k2t3e1.wav,y,2399.0,1
0034,5,m3l5k2t5e3.wav,y,2257.0,1
0034,5,m1l5k1t3e1.wav,y,2450.0,1
0034,5,old_m2l5.wav,r,2339.0,1
0034,5,old_m2l5.wav,r,3111.0,1
0034,5,old_m3l5.wav,r,2764.0,1
0034,5,old_m2l5.wav,r,2206.0,1
0034,5,old_m1l5.wav,r,2176.0,1
0034,5,m2l5k1t5e2.wav,y,2368.0,1
0034,5,old_m2l5.wav,r,2280.0,1
0034,5,m2l5k1t5e3.wav,y,2233.0,1
0034,5,old_m3l5.wav,r,2547.0,1
0034,5,old_m1l5.wav,r,2152.0,1
0034,5,old_m2l5.wav,r,2062.0,1
0034,5,old_m3l5.wav,r,2475.0,1
0034,5,old_m1l5.wav,y,2092.0,1
0034,5,old_m3l5.wav,r,3577.0,1
0034,5,old_m2l5.wav,r,2502.0,1
0034,5,m3l5k1t3e1.wav,y,2371.0,1
0034,5,old_m3l5.wav,y,2549.0,1
0034,5,m2l5k2t5e1.wav,r,2435.0,1
0034,5,old_m3l5.wav,r,2144.0,1
0034,5,m1l5k2t5e2.wav,y,2306.0,1
0034,5,old_m1l5.wav,r,2212.0,1
0034,5,m1l5k1t5e1.wav,y,2251.0,1
0034,5,m1l5k2t5e3.wav,y,2419.0,1
0034,5,m2l5k1t5e1.wav,y,2310.0,1
0034,5,old_m1l5.wav,r,2454.0,1
0034,5,old_m2l5.wav,r,2404.0,1
0034,5,old_m2l5.wav,r,2252.0,1
0034,5,old_m1l5.wav,r,2331.0,1
0034,5,m2l5k2t3e2.wav,y,3224.0,1
0034,5,old_m1l5.wav,r,2840.0,1
0034,5,m2l5k2t3e3.wav,y,2022.0,1
0034,5,old_m3l5.wav,r,2044.0,1
0034,5,old_m2l5.wav,y,2010.0,1
0034,5,old_m3l5.wav,r,2739.0,1
0034,5,m3l5k2t3e1.wav,r,2070.0,1
0034,5,old_m1l5.wav,r,2443.0,1
0034,5,m3l5k1t3e3.wav,y,1994.0,1
0034,7,m3l7k2t5e2.wav,y,3458.0,1
0034,7,old_m2l7.wav,r,2885.0,1
0034,7,old_m3l7.wav,r,2816.0,1
0034,7,m1l7k1t5e1.wav,r,2890.0,1
0034,7,m3l7k1t7e2.wav,y,3051.0,1
0034,7,m3l7k2t7e2.wav,y,3214.0,1
0034,7,m2l7k1t7e3.wav,r,3080.0,1
0034,7,m2l7k2t7e3.wav,y,3007.0,1
0034,7,old_m3l7.wav,r,3071.0,1
0034,7,m1l7k1t7e3.wav,y,3151.0,1
0034,7,old_m1l7.wav,r,2846.0,1
0034,7,old_m3l7.wav,r,2824.0,1
0034,7,old_m3l7.wav,r,2859.0,1
0034,7,old_m2l7.wav,r,2986.0,1
0034,7,m2l7k2t7e1.wav,y,3421.0,1
0034,7,m3l7k1t5e3.wav,y,2880.0,1
0034,7,old_m2l7.wav,r,2840.0,1
0034,7,old_m2l7.wav,r,3056.0,1
0034,7,m1l7k1t7e1.wav,y,3541.0,1
0034,7,m2l7k1t7e1.wav,y,3192.0,1
0034,7,old_m1l7.wav,r,3009.0,1
0034,7,m2l7k2t5e3.wav,y,2810.0,1
0034,7,m2l7k2t5e1.wav,y,3121.0,1
0034,7,old_m1l7.wav,r,2882.0,1
0034,7,m3l7k2t7e3.wav,y,3000.0,1
0034,7,old_m3l7.wav,r,2859.0,1
0034,7,m1l7k1t7e2.wav,y,3065.0,1
0034,7,old_m3l7.wav,r,3141.0,1
0034,7,m2l7k1t7e2.wav,y,3221.0,1
0034,7,old_m3l7.wav,r,3183.0,1
0034,7,old_m2l7.wav,r,3119.0,1
0034,7,old_m1l7.wav,r,2714.0,1
0034,7,m2l7k2t5e2.wav,y,3254.0,1
0034,7,m2l7k1t5e2.wav,r,2928.0,1
0034,7,m1l7k2t5e3.wav,y,2793.0,1
0034,7,old_m1l7.wav,r,2727.0,1
0034,7,m3l7k1t7e1.wav,y,3090.0,1
0034,7,old_m3l7.wav,r,3072.0,1
0034,7,m1l7k2t5e2.wav,y,2707.0,1
0034,7,m1l7k1t5e3.wav,y,2765.0,1
0034,7,old_m3l7.wav,r,3010.0,1
0034,7,old_m2l7.wav,r,2849.0,1
0034,7,old_m3l7.wav,r,3208.0,1
0034,7,old_m2l7.wav,r,2892.0,1
0034,7,old_m1l7.wav,r,2600.0,1
0034,7,old_m1l7.wav,r,2755.0,1
0034,7,m3l7k1t7e3.wav,y,3016.0,1
0034,7,m2l7k1t5e1.wav,y,2909.0,1
0034,7,m1l7k1t5e2.wav,y,2756.0,1
0034,7,m3l7k1t5e1.wav,y,2709.0,1
0034,7,m3l7k2t7e1.wav,r,3766.0,1
0034,7,m1l7k2t5e1.wav,y,2562.0,1
0034,7,m2l7k2t7e2.wav,y,3429.0,1
0034,7,m1l7k2t7e1.wav,y,2929.0,1
0034,7,m2l7k1t5e3.wav,y,2947.0,1
0034,7,m1l7k2t7e3.wav,y,3179.0,1
0034,7,m3l7k2t5e3.wav,y,2952.0,1
0034,7,old_m2l7.wav,r,3201.0,1
0034,7,old_m1l7.wav,r,2831.0,1
0034,7,old_m3l7.wav,y,3193.0,1
0034,7,old_m1l7.wav,r,3027.0,1
0034,7,old_m2l7.wav,r,2826.0,1
0034,7,old_m2l7.wav,r,3018.0,1
0034,7,m3l7k1t5e2.wav,y,2669.0,1
0034,7,old_m3l7.wav,y,2670.0,1
0034,7,m1l7k2t7e2.wav,y,2880.0,1
0034,7,old_m2l7.wav,r,2888.0,1
0034,7,old_m1l7.wav,r,2761.0,1
0034,7,old_m1l7.wav,r,2959.0,1
0034,7,m3l7k2t5e1.wav,y,2574.0,1
0034,7,old_m2l7.wav,r,2675.0,1
0034,7,old_m1l7.wav,r,2726.0,1
0035,3,m1l3k2t3e3.wav,y,1528.0,1
0035,3,old_m1l3.wav,r,1388.0,1
0035,3,old_m2l3.wav,r,1367.0,1
0035,3,m2l3k1t3e1.wav,y,1280.0,1
0035,3,old_m3l3.wav,r,1312.0,1
0035,3,m3l3k1t3e1.wav,y,1462.0,1
0035,3,old_m3l3.wav,r,1312.0,1
0035,3,old_m2l3.wav,r,1320.0,1
0035,3,old_m1l3.wav,r,1239.0,1
0035,3,old_m2l3.wav,r,1275.0,1
0035,3,m3l3k1t2e3.wav,y,1162.0,1
0035,3,m1l3k2t2e2.wav,y,1185.0,1
0035,3,old_m1l3.wav,r,1297.0,1
0035,3,m1l3k1t3e2.wav,y,1240.0,1
0035,3,old_m1l3.wav,r,1323.0,1
0035,3,m3l3k2t3e3.wav,y,1195.0,1
0035,3,old_m3l3.wav,y,1505.0,1
0035,3,old_m3l3.wav,y,1348.0,1
0035,3,old_m1l3.wav,r,1160.0,1
0035,3,old_m1l3.wav,r,1204.0,1
0035,3,old_m1l3.wav,r,1243.0,1
0035,3,old_m3l3.wav,r,1221.0,1
0035,3,m3l3k1t3e3.wav,y,1203.0,1
0035,3,m1l3k1t3e3.wav,y,1448.0,1
0035,3,m2l3k2t2e2.wav,y,1289.0,1
0035,3,m3l3k2t3e1.wav,y,1354.0,1
0035,3,old_m3l3.wav,r,1214.0,1
0035,3,m2l3k2t2e3.wav,y,1196.0,1
0035,3,old_m2l3.wav,r,1315.0,1
0035,3,m1l3k2t2e1.wav,y,1139.0,1
0035,3,m1l3k1t3e1.wav,r,1966.0,1
0035,3,m2l3k2t2e1.wav,y,1160.0,1
0035,3,old_m1l3.wav,r,1162.0,1
0035,3,old_m2l3.wav,r,1237.0,1
0035,3,old_m1l3.wav,r,1238.0,1
0035,3,m3l3k1t3e2.wav,y,1324.0,1
0035,3,m3l3k2t2e2.wav,y,1245.0,1
0035,3,m2l3k2t3e2.wav,y,1302.0,1
0035,3,old_m3l3.wav,r,1337.0,1
0035,3,old_m2l3.wav,r,1236.0,1
0035,3,m3l3k1t2e2.wav,y,1284.0,1
0035,3,m2l3k1t2e1.wav,y,1220.0,1
0035,3,old_m3l3.wav,r,1521.0,1
0035,3,old_m3l3.wav,r,1315.0,1
0035,3,old_m2l3.wav,r,1187.0,1
0035,3,m3l3k2t2e3.wav,y,1384.0,1
0035,3,m2l3k1t2e2.wav,y,1132.0,1
0035,3,m2l3k1t3e2.wav,y,1238.0,1
0035,3,m2l3k2t3e3.wav,y,1255.0,1
0035,3,m1l3k2t2e3.wav,y,1206.0,1
0035,3,old_m3l3.wav,y,1411.0,1
0035,3,old_m3l3.wav,r,1425.0,1
0035,3,old_m2l3.wav,r,1255.0,1
0035,3,m2l3k2t3e1.wav,y,1274.0,1
0035,3,old_m2l3.wav,r,1383.0,1
0035,3,old_m1l3.wav,r,1229.0,1
0035,3,old_m2l3.wav,r,1613.0,1
0035,3,old_m3l3.wav,r,1523.0,1
0035,3,m3l3k1t2e1.wav,y,1174.0,1
0035,3,m1l3k1t2e2.wav,y,1147.0,1
0035,3,m1l3k2t3e2.wav,r,1496.0,1
0035,3,old_m2l3.wav,r,1267.0,1
0035,3,m1l3k2t3e1.wav,y,1817.0,1
0035,3,old_m1l3.wav,r,1265.0,1
0035,3,m3l3k2t2e1.wav,y,1267.0,1
0035,3,m2l3k1t3e3.wav,y,1328.0,1
0035,3,old_m2l3.wav,r,1338.0,1
0035,3,m2l3k1t2e3.wav,y,1214.0,1
0035,3,m3l3k2t3e2.wav,y,1505.0,1
0035,3,m1l3k1t2e1.wav,y,1116.0,1
0035,3,old_m1l3.wav,r,1187.0,1
0035,3,m1l3k1t2e3.wav,y,1297.0,1
0035,5,old_m2l5.wav,r,2466.0,1
0035,5,old_m3l5.wav,r,2513.0,1
0035,5,m1l5k1t5e2.wav,y,3120.0,1
0035,5,m1l5k2t3e1.wav,y,2240.0,1
0035,5,m2l5k1t3e1.wav,y,2138.0,1
0035,5,m1l5k1t5e3.wav,y,2622.0,1
0035,5,old_m3l5.wav,r,2239.0,1
0035,5,old_m1l5.wav,r,2044.0,1
0035,5,m2l5k1t5e2.wav,r,2415.0,1
0035,5,m3l5k1t5e3.wav,y,1998.0,1
0035,5,m2l5k1t5e1.wav,r,2315.0,1
0035,5,old_m2l5.wav,r,2146.0,1
0035,5,old_m3l5.wav,r,2630.0,1
0035,5,old_m3l5.wav,y,2038.0,1
0035,5,m1l5k1t3e3.wav,y,2048.0,1
0035,5,old_m1l5.wav,r,1989.0,1
0035,5,old_m2l5.wav,r,2064.0,1
0035,5,old_m2l5.wav,r,2295.0,1
0035,5,m2l5k1t3e2.wav,y,2052.0,1
0035,5,old_m1l5.wav,r,2039.0,1
0035,5,old_m1l5.wav,r,2012.0,1
0035,5,m3l5k2t5e1.wav,y,2026.0,1
0035,5,m3l5k2t3e1.wav,y,2293.0,1
0035,5,m3l5k2t5e3.wav,y,2085.0,1
0035,5,m3l5k1t5e2.wav,r,2140.0,1
0035,5,m1l5k2t5e1.wav,y,2174.0,1
0035,5,m1l5k2t3e3.wav,y,1771.0,1
0035,5,old_m3l5.wav,y,2358.0,1
0035,5,old_m1l5.wav,r,1957.0,1
0035,5,m1l5k1t3e2.wav,y,1785.0,1
0035,5,m3l5k1t3e2.wav,y,1945.0,1
0035,5,m2l5k1t5e3.wav,y,2185.0,1
0035,5,old_m2l5.wav,r,2009.0,1
0035,5,m2l5k2t5e1.wav,y,2075.0,1
0035,5,m3l5k1t3e1.wav,y,2148.0,1
0035,5,old_m2l5.wav,r,2147.0,1
0035,5,m3l5k2t5e2.wav,y,1862.0,1
0035,5,m2l5k2t5e3.wav,y,2054.0,1
0035,5,old_m3l5.wav,r,2127.0,1
0035,5,m1l5k2t3e2.wav,y,2040.0,1
0035,5,m2l5k2t3e2.wav,y,2026.0,1
0035,5,m3l5k1t5e1.wav,y,2169.0,1
0035,5,old_m3l5.wav,r,2168.0,1
0035,5,old_m1l5.wav,r,1873.0,1
0035,5,old_m2l5.wav,y,2198.0,1
0035,5,old_m2l5.wav,r,1888.0,1
0035,5,old_m2l5.wav,r,2075.0,1
0035,5,m2l5k1t3e3.wav,y,1892.0,1
0035,5,old_m3l5.wav,r,1911.0,1
0035,5,old_m3l5.wav,y,2064.0,1
0035,5,old_m2l5.wav,r,2022.0,1
0035,5,old_m1l5.wav,r,1862.0,1
0035,5,m1l5k1t5e1.wav,y,1972.0,1
0035,5,m2l5k2t3e3.wav,y,1994.0,1
0035,5,m3l5k2t3e3.wav,y,1999.0,1
0035,5,m2l5k2t5e2.wav,r,2256.0,1
0035,5,m1l5k1t3e1.wav,y,2049.0,1
0035,5,old_m1l5.wav,r,2133.0,1
0035,5,m3l5k2t3e2.wav,y,2065.0,1
0035,5,old_m2l5.wav,r,1996.0,1
0035,5,old_m3l5.wav,r,1905.0,1
0035,5,old_m1l5.wav,r,1915.0,1
0035,5,m2l5k2t3e1.wav,y,1954.0,1
0035,5,m1l5k2t5e2.wav,y,2041.0,1
0035,5,old_m2l5.wav,r,2060.0,1
0035,5,m3l5k1t3e3.wav,y,1934.0,1
0035,5,old_m1l5.wav,r,1965.0,1
0035,5,old_m1l5.wav,r,2108.0,1
0035,5,old_m3l5.wav,r,2615.0,1
0035,5,m1l5k2t5e3.wav,y,2038.0,1
0035,5,old_m1l5.wav,y,2478.0,1
0035,5,old_m3l5.wav,r,2025.0,1
0035,7,m3l7k2t7e3.wav,r,3389.0,1
0035,7,old_m2l7.wav,r,2943.0,1
0035,7,m3l7k1t5e1.wav,y,2893.0,1
0035,7,old_m1l7.wav,r,2957.0,1
0035,7,m2l7k2t7e2.wav,y,2971.0,1
0035,7,m1l7k2t5e2.wav,y,2941.0,1
0035,7,old_m2l7.wav,r,2959.0,1
0035,7,m3l7k1t7e2.wav,y,2852.0,1
0035,7,m3l7k2t5e3.wav,y,3081.0,1
0035,7,m1l7k1t5e1.wav,y,2809.0,1
0035,7,m2l7k2t5e2.wav,r,3016.0,1
0035,7,m1l7k1t5e3.wav,y,2928.0,1
0035,7,old_m2l7.wav,r,2942.0,1
0035,7,old_m1l7.wav,r,2865.0,1
0035,7,m2l7k1t5e3.wav,y,2781.0,1
0035,7,old_m2l7.wav,r,3546.0,1
0035,7,m2l7k1t7e3.wav,y,2848.0,1
0035,7,m3l7k1t5e3.wav,y,2763.0,1
0035,7,m2l7k2t5e1.wav,y,2878.0,1
0035,7,old_m3l7.wav,y,2808.0,1
0035,7,old_m3l7.wav,y,2798.0,1
0035,7,m1l7k1t7e1.wav,y,2789.0,1
0035,7,m2l7k2t5e3.wav,r,2852.0,1
0035,7,old_m3l7.wav,r,2991.0,1
0035,7,old_m1l7.wav,r,2871.0,1
0035,7,old_m2l7.wav,r,2866.0,1
0035,7,m3l7k2t5e1.wav,y,2791.0,1
0035,7,old_m2l7.wav,r,3151.0,1
0035,7,old_m3l7.wav,r,2787.0,1
0035,7,old_m1l7.wav,r,2730.0,1
0035,7,old_m1l7.wav,r,2990.0,1
0035,7,m2l7k1t7e2.wav,y,2886.0,1
0035,7,m1l7k1t5e2.wav,y,2671.0,1
0035,7,m2l7k2t7e3.wav,y,2685.0,1
0035,7,m2l7k2t7e1.wav,y,2851.0,1
0035,7,m3l7k1t5e2.wav,y,2757.0,1
0035,7,m2l7k1t5e1.wav,y,3065.0,1
0035,7,old_m3l7.wav,r,3170.0,1
0035,7,old_m1l7.wav,r,2780.0,1
0035,7,old_m1l7.wav,r,2725.0,1
0035,7,old_m2l7.wav,r,2821.0,1
0035,7,old_m2l7.wav,y,2964.0,1
0035,7,m2l7k1t5e2.wav,y,2727.0,1
0035,7,m1l7k2t7e1.wav,y,2865.0,1
0035,7,old_m2l7.wav,r,2777.0,1
0035,7,m3l7k2t5e2.wav,y,2747.0,1
0035,7,old_m2l7.wav,r,2744.0,1
0035,7,old_m3l7.wav,r,2906.0,1
0035,7,m1l7k2t7e3.wav,y,2873.0,1
0035,7,m3l7k2t7e1.wav,y,2810.0,1
0035,7,old_m3l7.wav,y,3279.0,1
0035,7,old_m2l7.wav,r,2936.0,1
0035,7,old_m3l7.wav,r,3008.0,1
0035,7,m1l7k2t7e2.wav,y,2781.0,1
0035,7,m3l7k1t7e3.wav,y,2799.0,1
0035,7,m3l7k1t7e1.wav,y,2780.0,1
0035,7,m1l7k1t7e3.wav,y,2820.0,1
0035,7,m3l7k2t7e2.wav,y,2881.0,1
0035,7,m1l7k1t7e2.wav,y,2820.0,1
0035,7,old_m1l7.wav,r,3020.0,1
0035,7,old_m3l7.wav,r,3043.0,1
0035,7,old_m1l7.wav,r,2768.0,1
0035,7,old_m1l7.wav,y,2719.0,1
0035,7,old_m1l7.wav,r,2709.0,1
0035,7,old_m3l7.wav,r,3009.0,1
0035,7,m2l7k1t7e1.wav,y,2936.0,1
0035,7,old_m1l7.wav,r,2902.0,1
0035,7,old_m2l7.wav,r,2959.0,1
0035,7,old_m3l7.wav,r,2850.0,1
0035,7,old_m3l7.wav,y,2847.0,1
0035,7,m1l7k2t5e1.wav,y,2811.0,1
0035,7,m1l7k2t5e3.wav,y,2776.0,1
0036,3,m1l3k1t2e3.wav,y,1478.0,1
0036,3,m1l3k1t3e1.wav,r,1494.0,1
0036,3,m2l3k1t2e1.wav,y,1246.0,1
0036,3,old_m2l3.wav,y,1458.0,1
0036,3,m2l3k1t3e2.wav,y,1705.0,1
0036,3,m3l3k1t3e2.wav,r,1366.0,1
0036,3,m2l3k2t2e3.wav,y,1213.0,1
0036,3,m1l3k2t3e3.wav,y,1347.0,1
0036,3,old_m3l3.wav,r,1320.0,1
0036,3,old_m3l3.wav,r,1213.0,1
0036,3,m1l3k2t2e1.wav,y,1305.0,1
0036,3,m1l3k2t2e2.wav,y,1205.0,1
0036,3,m1l3k2t3e2.wav,y,1435.0,1
0036,3,m3l3k2t2e3.wav,y,1537.0,1
0036,3,old_m2l3.wav,r,1451.0,1
0036,3,old_m1l3.wav,r,1248.0,1
0036,3,old_m1l3.wav,r,1196.0,1
0036,3,m1l3k2t2e3.wav,y,1249.0,1
0036,3,m3l3k1t2e2.wav,y,1656.0,1
0036,3,old_m3l3.wav,r,1252.0,1
0036,3,m2l3k2t3e2.wav,y,1466.0,1
0036,3,old_m2l3.wav,r,1754.0,1
0036,3,old_m3l3.wav,r,1721.0,1
0036,3,m1l3k2t3e1.wav,y,1326.0,1
0036,3,m2l3k2t2e2.wav,y,1270.0,1
0036,3,m2l3k2t3e3.wav,y,1529.0,1
0036,3,old_m2l3.wav,r,1833.0,1
0036,3,m2l3k2t2e1.wav,y,1315.0,1
0036,3,old_m1l3.wav,r,1441.0,1
0036,3,old_m1l3.wav,r,1261.0,1
0036,3,m1l3k1t2e2.wav,y,1516.0,1
0036,3,m3l3k1t3e3.wav,y,1516.0,1
0036,3,m3l3k2t3e2.wav,y,1394.0,1
0036,3,m1l3k1t2e1.wav,y,1225.0,1
0036,3,old_m3l3.wav,r,1237.0,1
0036,3,m2l3k1t2e3.wav,y,1238.0,1
0036,3,old_m3l3.wav,r,1216.0,1
0036,3,m1l3k1t3e3.wav,y,2188.0,1
0036,3,m3l3k2t3e3.wav,y,1413.0,1
0036,3,m3l3k1t2e3.wav,y,1422.0,1
0036,3,m1l3k1t3e2.wav,r,2095.0,1
0036,3,m3l3k1t2e1.wav,r,1381.0,1
0036,3,m3l3k2t3e1.wav,y,1493.0,1
0036,3,old_m3l3.wav,r,1893.0,1
0036,3,m3l3k1t3e1.wav,y,1341.0,1
0036,3,old_m2l3.wav,r,1598.0,1
0036,3,old_m2l3.wav,r,1246.0,1
0036,3,m3l3k2t2e1.wav,y,1577.0,1
0036,3,m2l3k1t2e2.wav,y,1264.0,1
0036,3,old_m1l3.wav,r,1173.0,1
0036,3,old_m1l3.wav,r,1258.0,1
0036,3,old_m3l3.wav,r,1546.0,1
0036,3,old_m1l3.wav,r,1171.0,1
0036,3,old_m1l3.wav,r,1120.0,1
0036,3,old_m3l3.wav,r,1222.0,1
0036,3,old_m2l3.wav,r,1189.0,1
0036,3,m2l3k1t3e1.wav,r,1185.0,1
0036,3,old_m3l3.wav,r,1598.0,1
0036,3,old_m2l3.wav,r,1316.0,1
0036,3,old_m2l3.wav,r,1303.0,1
0036,3,old_m1l3.wav,r,1231.0,1
0036,3,old_m3l3.wav,r,1356.0,1
0036,3,m3l3k2t2e2.wav,y,1219.0,1
0036,3,old_m1l3.wav,r,1256.0,1
0036,3,old_m2l3.wav,r,1772.0,1
0036,3,old_m1l3.wav,y,1227.0,1
0036,3,old_m1l3.wav,y,1476.0,1
0036,3,old_m3l3.wav,r,1592.0,1
0036,3,m2l3k1t3e3.wav,y,1353.0,1
0036,3,old_m2l3.wav,r,1843.0,1
0036,3,old_m2l3.wav,r,1606.0,1
0036,3,m2l3k2t3e1.wav,y,1349.0,1
0036,5,old_m1l5.wav,r,2862.0,1
0036,5,old_m2l5.wav,r,2011.0,1
0036,5,old_m1l5.wav,r,1985.0,1
0036,5,m3l5k2t5e1.wav,y,2129.0,1
0036,5,old_m1l5.wav,r,2034.0,1
0036,5,m2l5k2t5e3.wav,y,2080.0,1
0036,5,m3l5k2t5e3.wav,y,2042.0,1
0036,5,old_m3l5.wav,r,2451.0,1
0036,5,old_m2l5.wav,r,2339.0,1
0036,5,m1l5k2t5e2.wav,y,2028.0,1
0036,5,old_m1l5.wav,r,2343.0,1
0036,5,m1l5k1t5e1.wav,y,2187.0,1
0036,5,old_m3l5.wav,r,2889.0,1
0036,5,m3l5k1t5e3.wav,y,2063.0,1
0036,5,old_m2l5.wav,r,2178.0,1
0036,5,m2l5k1t3e3.wav,y,2525.0,1
0036,5,m2l5k1t3e1.wav,y,1935.0,1
0036,5,m1l5k2t5e3.wav,y,2093.0,1
0036,5,m2l5k1t3e2.wav,y,1878.0,1
0036,5,old_m1l5.wav,r,1936.0,1
0036,5,old_m2l5.wav,r,2277.0,1
0036,5,m3l5k1t5e2.wav,y,2376.0,1
0036,5,old_m1l5.wav,r,2251.0,1
0036,5,m2l5k2t5e2.wav,y,2217.0,1
0036,5,old_m3l5.wav,r,2226.0,1
0036,5,m1l5k1t5e3.wav,y,2015.0,1
0036,5,old_m3l5.wav,y,1893.0,1
0036,5,m1l5k2t3e1.wav,y,1916.0,1
0036,5,m2l5k1t5e2.wav,y,2243.0,1
0036,5,m1l5k2t5e1.wav,y,2042.0,1
0036,5,m1l5k2t3e2.wav,y,1873.0,1
0036,5,m3l5k2t3e3.wav,y,1848.0,1
0036,5,old_m3l5.wav,r,1865.0,1
0036,5,m3l5k1t5e1.wav,y,2197.0,1
0036,5,m2l5k1t5e3.wav,y,2018.0,1
0036,5,old_m1l5.wav,r,2536.0,1
0036,5,m3l5k1t3e2.wav,y,2169.0,1
0036,5,old_m2l5.wav,r,2027.0,1
0036,5,old_m3l5.wav,r,2502.0,1
0036,5,old_m1l5.wav,r,1788.0,1
0036,5,old_m3l5.wav,r,2376.0,1
0036,5,old_m1l5.wav,r,2019.0,1
0036,5,old_m2l5.wav,r,2169.0,1
0036,5,old_m2l5.wav,r,2454.0,1
0036,5,m2l5k2t3e1.wav,y,1839.0,1
0036,5,m3l5k1t3e1.wav,y,3043.0,1
0036,5,old_m2l5.wav,r,1919.0,1
0036,5,old_m1l5.wav,r,2453.0,1
0036,5,old_m3l5.wav,r,2255.0,1
0036,5,m3l5k2t3e1.wav,y,2085.0,1
0036,5,old_m3l5.wav,r,2462.0,1
0036,5,old_m2l5.wav,r,2913.0,1
0036,5,m1l5k2t3e3.wav,y,1936.0,1
0036,5,old_m3l5.wav,r,2157.0,1
0036,5,m1l5k1t5e2.wav,y,2347.0,1
0036,5,old_m2l5.wav,r,2815.0,1
0036,5,m1l5k1t3e3.wav,y,1785.0,1
0036,5,m3l5k2t5e2.wav,y,2084.0,1
0036,5,m1l5k1t3e1.wav,y,1813.0,1
0036,5,old_m2l5.wav,r,2772.0,1
0036,5,old_m2l5.wav,r,2247.0,1
0036,5,m2l5k1t5e1.wav,y,2103.0,1
0036,5,m3l5k2t3e2.wav,y,2128.0,1
0036,5,m2l5k2t3e3.wav,y,1887.0,1
0036,5,old_m1l5.wav,r,1888.0,1
0036,5,old_m3l5.wav,r,1989.0,1
0036,5,m2l5k2t3e2.wav,y,1894.0,1
0036,5,m2l5k2t5e1.wav,r,1979.0,1
0036,5,m3l5k1t3e3.wav,y,1838.0,1
0036,5,m1l5k1t3e2.wav,y,2806.0,1
0036,5,old_m3l5.wav,r,1794.0,1
0036,5,old_m1l5.wav,r,2180.0,1
0036,7,old_m3l7.wav,r,2727.0,1
0036,7,m3l7k2t7e2.wav,y,2633.0,1
0036,7,m3l7k1t7e1.wav,y,2714.0,1
0036,7,m3l7k1t5e1.wav,y,2477.0,1
0036,7,m2l7k1t5e2.wav,y,2581.0,1
0036,7,old_m3l7.wav,r,2511.0,1
0036,7,old_m3l7.wav,r,2701.0,1
0036,7,old_m2l7.wav,r,2970.0,1
0036,7,m1l7k1t5e2.wav,y,2653.0,1
0036,7,old_m3l7.wav,r,3381.0,1
0036,7,m1l7k1t5e1.wav,y,2477.0,1
0036,7,m1l7k1t5e3.wav,y,2456.0,1
0036,7,m3l7k2t7e3.wav,y,2761.0,1
0036,7,m2l7k1t5e1.wav,y,2543.0,1
0036,7,m1l7k1t7e2.wav,y,2724.0,1
0036,7,old_m2l7.wav,r,2755.0,1
0036,7,m2l7k1t5e3.wav,y,2678.0,1
0036,7,old_m1l7.wav,r,3412.0,1
0036,7,m3l7k2t7e1.wav,y,2714.0,1
0036,7,old_m2l7.wav,r,2752.0,1
0036,7,old_m1l7.wav,r,2892.0,1
0036,7,old_m3l7.wav,r,2789.0,1
0036,7,old_m1l7.wav,r,3146.0,1
0036,7,old_m1l7.wav,r,2740.0,1
0036,7,old_m2l7.wav,r,2486.0,1
0036,7,m3l7k2t5e3.wav,y,2545.0,1
0036,7,old_m2l7.wav,r,2806.0,1
0036,7,m2l7k2t7e1.wav,y,3044.0,1
0036,7,old_m1l7.wav,r,2738.0,1
0036,7,m1l7k2t7e3.wav,y,2706.0,1
0036,7,m2l7k1t7e3.wav,y,2727.0,1
0036,7,m1l7k2t5e1.wav,y,2426.0,1
0036,7,old_m3l7.wav,r,3055.0,1
0036,7,old_m1l7.wav,r,2810.0,1
0036,7,m3l7k2t5e1.wav,y,2524.0,1
0036,7,old_m2l7.wav,y,3448.0,1
0036,7,m1l7k1t7e1.wav,y,2804.0,1
0036,7,old_m2l7.wav,r,3119.0,1
0036,7,old_m2l7.wav,r,2866.0,1
0036,7,m3l7k1t5e2.wav,y,2455.0,1
0036,7,old_m1l7.wav,r,2882.0,1
0036,7,m1l7k1t7e3.wav,y,2681.0,1
0036,7,m3l7k2t5e2.wav,y,2652.0,1
0036,7,old_m1l7.wav,r,2823.0,1
0036,7,m3l7k1t7e3.wav,y,2764.0,1
0036,7,old_m2l7.wav,r,2879.0,1
0036,7,m2l7k2t7e3.wav,y,2720.0,1
0036,7,old_m2l7.wav,r,3289.0,1
0036,7,old_m2l7.wav,r,2666.0,1
0036,7,old_m3l7.wav,r,3168.0,1
0036,7,m1l7k2t5e3.wav,y,2517.0,1
0036,7,m1l7k2t7e1.wav,y,2709.0,1
0036,7,old_m1l7.wav,r,2710.0,1
0036,7,old_m3l7.wav,r,2760.0,1
0036,7,m1l7k2t7e2.wav,y,2725.0,1
0036,7,m2l7k2t5e1.wav,y,2449.0,1
0036,7,old_m3l7.wav,y,3395.0,1
0036,7,m3l7k1t7e2.wav,y,3093.0,1
0036,7,old_m1l7.wav,r,2687.0,1
0036,7,m2l7k2t7e2.wav,y,2830.0,1
0036,7,m1l7k2t5e2.wav,y,2742.0,1
0036,7,m2l7k1t7e2.wav,y,2942.0,1
0036,7,old_m3l7.wav,r,3033.0,1
0036,7,old_m2l7.wav,r,2964.0,1
0036,7,old_m3l7.wav,r,2728.0,1
0036,7,m3l7k1t5e3.wav,y,2639.0,1
0036,7,m2l7k2t5e3.wav,y,3131.0,1
0036,7,old_m1l7.wav,r,2930.0,1
0036,7,m2l7k2t5e2.wav,r,3924.0,1
0036,7,m2l7k1t7e1.wav,y,2932.0,1
0036,7,old_m3l7.wav,r,2814.0,1
0036,7,old_m1l7.wav,r,2712.0,1
0037,3,m3l3k1t3e2.wav,0,3000.0,1
0037,3,old_m3l3.wav,y,2900.0,1
0037,3,m2l3k1t2e2.wav,y,2710.0,1
0037,3,old_m2l3.wav,r,2831.0,1
0037,3,old_m3l3.wav,r,2053.0,1
0037,3,old_m1l3.wav,r,1890.0,1
0037,3,old_m3l3.wav,r,2347.0,1
0037,3,m1l3k1t2e2.wav,y,2037.0,1
0037,3,old_m2l3.wav,r,2565.0,1
0037,3,m1l3k2t3e2.wav,y,1610.0,1
0037,3,m3l3k2t2e3.wav,y,2095.0,1
0037,3,m3l3k2t3e1.wav,y,2149.0,1
0037,3,old_m2l3.wav,r,1466.0,1
0037,3,m2l3k2t2e1.wav,y,1587.0,1
0037,3,old_m1l3.wav,r,1522.0,1
0037,3,m1l3k2t2e1.wav,y,2952.0,1
0037,3,old_m1l3.wav,r,1405.0,1
0037,3,m2l3k2t3e1.wav,y,1898.0,1
0037,3,old_m1l3.wav,r,1828.0,1
0037,3,old_m1l3.wav,r,1627.0,1
0037,3,old_m3l3.wav,r,2207.0,1
0037,3,m3l3k1t3e1.wav,r,1831.0,1
0037,3,old_m3l3.wav,r,2286.0,1
0037,3,m1l3k2t3e1.wav,y,1902.0,1
0037,3,old_m3l3.wav,0,3000.0,1
0037,3,old_m2l3.wav,0,3000.0,1
0037,3,m2l3k1t2e1.wav,y,1622.0,1
0037,3,m1l3k1t2e1.wav,y,2021.0,1
0037,3,m3l3k2t3e2.wav,y,1626.0,1
0037,3,m1l3k2t3e3.wav,y,1765.0,1
0037,3,m2l3k1t3e2.wav,y,1684.0,1
0037,3,m2l3k2t2e3.wav,y,1907.0,1
0037,3,m1l3k1t3e3.wav,y,1943.0,1
0037,3,m1l3k1t3e1.wav,y,2143.0,1
0037,3,m2l3k2t3e3.wav,y,1802.0,1
0037,3,m2l3k1t3e3.wav,y,2670.0,1
0037,3,old_m3l3.wav,r,1552.0,1
0037,3,old_m1l3.wav,r,1903.0,1
0037,3,old_m3l3.wav,r,1878.0,1
0037,3,old_m2l3.wav,0,3000.0,1
0037,3,old_m2l3.wav,y,1842.0,1
0037,3,old_m1l3.wav,r,1527.0,1
0037,3,m1l3k1t2e3.wav,0,3000.0,1
0037,3,old_m1l3.wav,r,1639.0,1
0037,3,old_m2l3.wav,y,1602.0,1
0037,3,m1l3k2t2e3.wav,y,1548.0,1
0037,3,m3l3k2t3e3.wav,y,1655.0,1
0037,3,m3l3k2t2e1.wav,y,1685.0,1
0037,3,old_m2l3.wav,y,2122.0,1
0037,3,old_m2l3.wav,y,1712.0,1
0037,3,m2l3k1t2e3.wav,y,1590.0,1
0037,3,old_m3l3.wav,r,1434.0,1
0037,3,old_m1l3.wav,r,2551.0,1
0037,3,m3l3k2t2e2.wav,y,1605.0,1
0037,3,old_m3l3.wav,r,2294.0,1
0037,3,old_m2l3.wav,y,1786.0,1
0037,3,m2l3k2t2e2.wav,y,1804.0,1
0037,3,m3l3k1t2e3.wav,y,1681.0,1
0037,3,m3l3k1t2e1.wav,0,3000.0,1
0037,3,old_m2l3.wav,y,2277.0,1
0037,3,m3l3k1t3e3.wav,y,1586.0,1
0037,3,old_m2l3.wav,r,1505.0,1
0037,3,old_m3l3.wav,r,2422.0,1
0037,3,old_m1l3.wav,r,2117.0,1
0037,3,old_m1l3.wav,r,1618.0,1
0037,3,old_m1l3.wav,r,1467.0,1
0037,3,m2l3k2t3e2.wav,y,1786.0,1
0037,3,m3l3k1t2e2.wav,0,3000.0,1
0037,3,m1l3k1t3e2.wav,y,1421.0,1
0037,3,m2l3k1t3e1.wav,0,3000.0,1
0037,3,m1l3k2t2e2.wav,y,1420.0,1
0037,3,old_m3l3.wav,r,1772.0,1
0037,5,old_m3l5.wav,0,3700.0,1
0037,5,m1l5k1t3e1.wav,y,2272.0,1
0037,5,old_m1l5.wav,r,3225.0,1
0037,5,old_m2l5.wav,y,2620.0,1
0037,5,m1l5k2t3e2.wav,y,2293.0,1
0037,5,old_m2l5.wav,0,3700.0,1
0037,5,m3l5k1t3e2.wav,y,2827.0,1
0037,5,m3l5k1t3e3.wav,y,2259.0,1
0037,5,m2l5k2t5e2.wav,y,2532.0,1
0037,5,old_m1l5.wav,r,2925.0,1
0037,5,old_m3l5.wav,r,2246.0,1
0037,5,old_m1l5.wav,r,2206.0,1
0037,5,old_m3l5.wav,r,3663.0,1
0037,5,old_m3l5.wav,r,2769.0,1
0037,5,old_m1l5.wav,0,3700.0,1
0037,5,m3l5k2t5e1.wav,y,2260.0,1
0037,5,m2l5k1t5e2.wav,y,2341.0,1
0037,5,old_m3l5.wav,r,2573.0,1
0037,5,old_m1l5.wav,y,3529.0,1
0037,5,m2l5k1t3e2.wav,y,2140.0,1
0037,5,m1l5k2t5e1.wav,y,2332.0,1
0037,5,m1l5k1t3e3.wav,y,1971.0,1
0037,5,m3l5k1t3e1.wav,0,3700.0,1
0037,5,m2l5k2t5e3.wav,y,2106.0,1
0037,5,m3l5k2t3e1.wav,r,2269.0,1
0037,5,m1l5k1t5e3.wav,y,2606.0,1
0037,5,m2l5k1t3e1.wav,y,2038.0,1
0037,5,old_m3l5.wav,r,2480.0,1
0037,5,m3l5k2t5e3.wav,y,2239.0,1
0037,5,m3l5k1t5e1.wav,0,3700.0,1
0037,5,m1l5k2t3e1.wav,y,2099.0,1
0037,5,m1l5k1t5e1.wav,y,2298.0,1
0037,5,m1l5k2t5e3.wav,y,2101.0,1
0037,5,m2l5k2t3e1.wav,y,2543.0,1
0037,5,m3l5k2t3e2.wav,y,2366.0,1
0037,5,old_m2l5.wav,r,2383.0,1
0037,5,m2l5k2t3e3.wav,y,2245.0,1
0037,5,old_m1l5.wav,r,2142.0,1
0037,5,old_m2l5.wav,y,3340.0,1
0037,5,old_m1l5.wav,r,3269.0,1
0037,5,old_m3l5.wav,0,3700.0,1
0037,5,m3l5k1t5e2.wav,y,2410.0,1
0037,5,m1l5k1t3e2.wav,y,2105.0,1
0037,5,old_m3l5.wav,r,3329.0,1
0037,5,old_m3l5.wav,r,2623.0,1
0037,5,m3l5k2t5e2.wav,y,2516.0,1
0037,5,old_m2l5.wav,r,2363.0,1
0037,5,m3l5k1t5e3.wav,y,2519.0,1
0037,5,old_m3l5.wav,r,2517.0,1
0037,5,m1l5k2t5e2.wav,y,3088.0,1
0037,5,m1l5k2t3e3.wav,y,2100.0,1
0037,5,old_m2l5.wav,r,2171.0,1
0037,5,old_m2l5.wav,r,2032.0,1
0037,5,m2l5k2t5e1.wav,0,3700.0,1
0037,5,old_m1l5.wav,r,2193.0,1
0037,5,old_m3l5.wav,y,2380.0,1
0037,5,m2l5k2t3e2.wav,y,1975.0,1
0037,5,old_m3l5.wav,r,2729.0,1
0037,5,old_m2l5.wav,r,2925.0,1
0037,5,m2l5k1t5e3.wav,y,2209.0,1
0037,5,m1l5k1t5e2.wav,0,3700.0,1
0037,5,m2l5k1t3e3.wav,y,1966.0,1
0037,5,m3l5k2t3e3.wav,y,2209.0,1
0037,5,old_m1l5.wav,r,2204.0,1
0037,5,old_m2l5.wav,r,3475.0,1
0037,5,old_m2l5.wav,r,3166.0,1
0037,5,m2l5k1t5e1.wav,y,2459.0,1
0037,5,old_m2l5.wav,r,2995.0,1
0037,5,old_m2l5.wav,r,2697.0,1
0037,5,old_m1l5.wav,r,3358.0,1
0037,5,old_m1l5.wav,r,2290.0,1
0037,5,old_m1l5.wav,r,2362.0,1
0037,7,m3l7k2t7e1.wav,0,4500.0,1
0037,7,old_m2l7.wav,r,3563.0,1
0037,7,m1l7k1t7e2.wav,y,3355.0,1
0037,7,old_m3l7.wav,r,2960.0,1
0037,7,m2l7k2t5e1.wav,y,2993.0,1
0037,7,old_m2l7.wav,0,4500.0,1
0037,7,m2l7k1t7e1.wav,y,2924.0,1
0037,7,old_m2l7.wav,r,2846.0,1
0037,7,m3l7k1t5e1.wav,y,2928.0,1
0037,7,old_m3l7.wav,r,2819.0,1
0037,7,m1l7k1t5e2.wav,y,2901.0,1
0037,7,m1l7k1t7e3.wav,y,4184.0,1
0037,7,old_m1l7.wav,r,2813.0,1
0037,7,old_m2l7.wav,r,3004.0,1
0037,7,old_m2l7.wav,r,2885.0,1
0037,7,m1l7k2t7e1.wav,y,3077.0,1
0037,7,old_m3l7.wav,r,2919.0,1
0037,7,old_m1l7.wav,r,2825.0,1
0037,7,m2l7k1t7e2.wav,y,2854.0,1
0037,7,m1l7k2t7e3.wav,y,2866.0,1
0037,7,m2l7k1t7e3.wav,y,4174.0,1
0037,7,old_m3l7.wav,r,2807.0,1
0037,7,m3l7k2t5e2.wav,0,4500.0,1
0037,7,m2l7k1t5e2.wav,0,4500.0,1
0037,7,old_m2l7.wav,r,3384.0,1
0037,7,old_m3l7.wav,r,2899.0,1
0037,7,m3l7k2t7e3.wav,y,3115.0,1
0037,7,old_m2l7.wav,r,3337.0,1
0037,7,m3l7k2t5e1.wav,y,3190.0,1
0037,7,m2l7k2t5e3.wav,y,3525.0,1
0037,7,m1l7k2t7e2.wav,y,4005.0,1
0037,7,m2l7k2t7e1.wav,r,3617.0,1
0037,7,old_m1l7.wav,r,3221.0,1
0037,7,old_m2l7.wav,r,3078.0,1
0037,7,old_m1l7.wav,r,2851.0,1
0037,7,old_m3l7.wav,r,2828.0,1
0037,7,old_m1l7.wav,r,2962.0,1
0037,7,old_m3l7.wav,r,2940.0,1
0037,7,m1l7k2t5e1.wav,y,2719.0,1
0037,7,old_m3l7.wav,r,2817.0,1
0037,7,old_m2l7.wav,r,2897.0,1
0037,7,m3l7k1t7e3.wav,y,2868.0,1
0037,7,m1l7k1t5e1.wav,y,2757.0,1
0037,7,old_m1l7.wav,r,4298.0,1
0037,7,m2l7k1t5e3.wav,y,2908.0,1
0037,7,m2l7k2t7e2.wav,y,2912.0,1
0037,7,old_m2l7.wav,r,2915.0,1
0037,7,m1l7k1t7e1.wav,y,2914.0,1
0037,7,old_m1l7.wav,r,2963.0,1
0037,7,old_m3l7.wav,r,2980.0,1
0037,7,m3l7k1t7e2.wav,y,2949.0,1
0037,7,m3l7k1t5e3.wav,y,2675.0,1
0037,7,old_m1l7.wav,r,3107.0,1
0037,7,old_m3l7.wav,r,3385.0,1
0037,7,m1l7k2t5e3.wav,y,2785.0,1
0037,7,old_m1l7.wav,r,3239.0,1
0037,7,m2l7k2t7e3.wav,y,2836.0,1
0037,7,m3l7k2t5e3.wav,y,2880.0,1
0037,7,old_m3l7.wav,r,2972.0,1
0037,7,old_m2l7.wav,r,2853.0,1
0037,7,old_m3l7.wav,r,3048.0,1
0037,7,m2l7k1t5e1.wav,y,2862.0,1
0037,7,m3l7k1t7e1.wav,y,2815.0,1
0037,7,old_m1l7.wav,r,2829.0,1
0037,7,m1l7k1t5e3.wav,y,3014.0,1
0037,7,m3l7k1t5e2.wav,y,3100.0,1
0037,7,old_m1l7.wav,r,2868.0,1
0037,7,m2l7k2t5e2.wav,y,3515.0,1
0037,7,m3l7k2t7e2.wav,y,3108.0,1
0037,7,old_m2l7.wav,r,3188.0,1
0037,7,old_m1l7.wav,r,2918.0,1
0037,7,m1l7k2t5e2.wav,y,2868.0,1
0038,3,m2l3k1t3e1.wav,0,3000.0,1
0038,3,old_m2l3.wav,r,2429.0,1
0038,3,old_m1l3.wav,r,2117.0,1
0038,3,old_m3l3.wav,r,2403.0,1
0038,3,old_m3l3.wav,r,1753.0,1
0038,3,m2l3k1t3e2.wav,y,2137.0,1
0038,3,old_m3l3.wav,r,2044.0,1
0038,3,m2l3k1t2e2.wav,y,2319.0,1
0038,3,old_m2l3.wav,y,2663.0,1
0038,3,old_m2l3.wav,y,2276.0,1
0038,3,old_m3l3.wav,r,1498.0,1
0038,3,m1l3k2t2e3.wav,r,1918.0,1
0038,3,old_m3l3.wav,r,1969.0,1
0038,3,old_m1l3.wav,r,1774.0,1
0038,3,old_m2l3.wav,r,1964.0,1
0038,3,m3l3k2t3e3.wav,y,2006.0,1
0038,3,old_m3l3.wav,r,1877.0,1
0038,3,m3l3k2t2e1.wav,y,2801.0,1
0038,3,old_m3l3.wav,r,2045.0,1
0038,3,old_m3l3.wav,r,1597.0,1
0038,3,old_m3l3.wav,r,1840.0,1
0038,3,m1l3k2t2e2.wav,y,2800.0,1
0038,3,old_m1l3.wav,r,1862.0,1
0038,3,m2l3k1t3e3.wav,0,3000.0,1
0038,3,m3l3k1t2e1.wav,r,1782.0,1
0038,3,old_m1l3.wav,r,1607.0,1
0038,3,old_m1l3.wav,r,1679.0,1
0038,3,old_m2l3.wav,y,2486.0,1
0038,3,old_m1l3.wav,r,1609.0,1
0038,3,m1l3k2t3e2.wav,y,2351.0,1
0038,3,m2l3k2t2e2.wav,y,2630.0,1
0038,3,old_m2l3.wav,r,1795.0,1
0038,3,m1l3k1t2e2.wav,r,2116.0,1
0038,3,m2l3k2t3e2.wav,y,1896.0,1
0038,3,m2l3k2t2e3.wav,r,2384.0,1
0038,3,old_m1l3.wav,r,1585.0,1
0038,3,m1l3k1t2e3.wav,y,2608.0,1
0038,3,m2l3k2t3e1.wav,r,2827.0,1
0038,3,m3l3k2t2e2.wav,r,2786.0,1
0038,3,old_m2l3.wav,r,1925.0,1
0038,3,old_m2l3.wav,r,1620.0,1
0038,3,old_m3l3.wav,y,1862.0,1
0038,3,m3l3k2t3e1.wav,r,2661.0,1
0038,3,old_m3l3.wav,y,2071.0,1
0038,3,old_m2l3.wav,y,2182.0,1
0038,3,m3l3k2t3e2.wav,r,2668.0,1
0038,3,old_m1l3.wav,r,1440.0,1
0038,3,m2l3k1t2e3.wav,y,2047.0,1
0038,3,m3l3k1t2e3.wav,y,2778.0,1
0038,3,old_m2l3.wav,r,1616.0,1
0038,3,old_m1l3.wav,r,1616.0,1
0038,3,old_m3l3.wav,r,1758.0,1
0038,3,old_m2l3.wav,0,3000.0,1
0038,3,m1l3k2t3e3.wav,y,2134.0,1
0038,3,m3l3k1t2e2.wav,y,2327.0,1
0038,3,old_m1l3.wav,r,1520.0,1
0038,3,old_m1l3.wav,r,2576.0,1
0038,3,old_m1l3.wav,r,1378.0,1
0038,3,m1l3k2t3e1.wav,0,3000.0,1
0038,3,m1l3k1t3e1.wav,y,1603.0,1
0038,3,m1l3k1t2e1.wav,r,2141.0,1
0038,3,m1l3k1t3e3.wav,y,1538.0,1
0038,3,m1l3k1t3e2.wav,y,1669.0,1
0038,3,m1l3k2t2e1.wav,0,3000.0,1
0038,3,m3l3k1t3e2.wav,y,2328.0,1
0038,3,m2l3k1t2e1.wav,y,2890.0,1
0038,3,m3l3k1t3e1.wav,r,1803.0,1
0038,3,old_m2l3.wav,y,2822.0,1
0038,3,m3l3k1t3e3.wav,y,2215.0,1
0038,3,m3l3k2t2e3.wav,r,2178.0,1
0038,3,m2l3k2t2e1.wav,0,3000.0,1
0038,3,m2l3k2t3e3.wav,r,1947.0,1
0038,5,old_m2l5.wav,r,3644.0,1
0038,5,m2l5k1t5e2.wav,0,3700.0,1
0038,5,old_m3l5.wav,r,2889.0,1
0038,5,m2l5k1t3e1.wav,y,2473.0,1
0038,5,m3l5k2t5e2.wav,0,3700.0,1
0038,5,m2l5k1t3e2.wav,y,2452.0,1
0038,5,old_m1l5.wav,r,2769.0,1
0038,5,old_m1l5.wav,r,3688.0,1
0038,5,m1l5k1t3e3.wav,y,2666.0,1
0038,5,old_m1l5.wav,r,2613.0,1
0038,5,m3l5k1t3e1.wav,y,3456.0,1
0038,5,m3l5k2t5e3.wav,r,2786.0,1
0038,5,m3l5k2t5e1.wav,0,3700.0,1
0038,5,m2l5k2t3e1.wav,0,3700.0,1
0038,5,m3l5k2t3e1.wav,r,2616.0,1
0038,5,old_m3l5.wav,r,2629.0,1
0038,5,m2l5k2t5e2.wav,y,2613.0,1
0038,5,old_m3l5.wav,y,3577.0,1
0038,5,old_m1l5.wav,r,2347.0,1
0038,5,m2l5k2t3e2.wav,y,2927.0,1
0038,5,old_m2l5.wav,r,3629.0,1
0038,5,m1l5k1t5e2.wav,y,2538.0,1
0038,5,old_m3l5.wav,y,3313.0,1
0038,5,old_m2l5.wav,r,2506.0,1
0038,5,m3l5k2t3e3.wav,0,3700.0,1
0038,5,m1l5k2t3e2.wav,y,2363.0,1
0038,5,old_m3l5.wav,r,2832.0,1
0038,5,old_m1l5.wav,y,2711.0,1
0038,5,m1l5k2t5e1.wav,y,2995.0,1
0038,5,old_m3l5.wav,r,3143.0,1
0038,5,old_m3l5.wav,0,3700.0,1
0038,5,old_m2l5.wav,r,2488.0,1
0038,5,old_m1l5.wav,r,2418.0,1
0038,5,old_m2l5.wav,0,3700.0,1
0038,5,m2l5k1t5e1.wav,r,101.0,1
0038,5,old_m3l5.wav,y,100.0,1
0038,5,old_m2l5.wav,y,3156.0,1
0038,5,old_m2l5.wav,r,3026.0,1
0038,5,old_m2l5.wav,r,2819.0,1
0038,5,m1l5k1t3e1.wav,y,2289.0,1
0038,5,m1l5k1t5e3.wav,y,2373.0,1
0038,5,old_m3l5.wav,r,2917.0,1
0038,5,m3l5k1t3e2.wav,y,2220.0,1
0038,5,old_m3l5.wav,r,2802.0,1
0038,5,old_m1l5.wav,r,2512.0,1
0038,5,old_m2l5.wav,r,2879.0,1
0038,5,m3l5k1t3e3.wav,y,2669.0,1
0038,5,old_m1l5.wav,r,3328.0,1
0038,5,m1l5k2t3e1.wav,y,2077.0,1
0038,5,old_m2l5.wav,y,3056.0,1
0038,5,m1l5k1t5e1.wav,y,3011.0,1
0038,5,m3l5k1t5e1.wav,y,2974.0,1
0038,5,old_m3l5.wav,r,2713.0,1
0038,5,m1l5k2t5e3.wav,y,3034.0,1
0038,5,m1l5k1t3e2.wav,y,2224.0,1
0038,5,m2l5k1t3e3.wav,r,3336.0,1
0038,5,old_m1l5.wav,r,2077.0,1
0038,5,old_m2l5.wav,r,3459.0,1
0038,5,old_m2l5.wav,y,2714.0,1
0038,5,m3l5k1t5e2.wav,0,3700.0,1
0038,5,m3l5k1t5e3.wav,y,2935.0,1
0038,5,old_m3l5.wav,y,3101.0,1
0038,5,old_m1l5.wav,r,2394.0,1
0038,5,m1l5k2t3e3.wav,y,2021.0,1
0038,5,m1l5k2t5e2.wav,y,2330.0,1
0038,5,m2l5k2t3e3.wav,0,3700.0,1
0038,5,m2l5k1t5e3.wav,y,2957.0,1
0038,5,m2l5k2t5e3.wav,0,3700.0,1
0038,5,m2l5k2t5e1.wav,0,3700.0,1
0038,5,old_m1l5.wav,r,2987.0,1
0038,5,m3l5k2t3e2.wav,y,2046.0,1
0038,5,old_m1l5.wav,r,2314.0,1
0038,7,old_m1l7.wav,r,3395.0,1
0038,7,m2l7k2t7e2.wav,y,4348.0,1
0038,7,old_m3l7.wav,y,3407.0,1
0038,7,old_m1l7.wav,r,3868.0,1
0038,7,m1l7k1t5e3.wav,y,2807.0,1
0038,7,old_m2l7.wav,r,3254.0,1
0038,7,m2l7k1t5e1.wav,y,2982.0,1
0038,7,m2l7k2t7e3.wav,y,4175.0,1
0038,7,m3l7k2t7e1.wav,y,3448.0,1
0038,7,m1l7k1t7e1.wav,y,3217.0,1
0038,7,m2l7k2t5e1.wav,y,3947.0,1
0038,7,m2l7k1t7e2.wav,y,3188.0,1
0038,7,old_m1l7.wav,r,2944.0,1
0038,7,old_m3l7.wav,r,4046.0,1
0038,7,old_m1l7.wav,r,3642.0,1
0038,7,old_m3l7.wav,r,3996.0,1
0038,7,old_m1l7.wav,r,2864.0,1
0038,7,old_m2l7.wav,r,3323.0,1
0038,7,m2l7k2t5e3.wav,y,2576.0,1
0038,7,m1l7k2t5e2.wav,y,2494.0,1
0038,7,old_m3l7.wav,y,3566.0,1
0038,7,m3l7k2t5e2.wav,y,2632.0,1
0038,7,m1l7k1t7e2.wav,y,3356.0,1
0038,7,m3l7k2t5e1.wav,y,3551.0,1
0038,7,m3l7k2t5e3.wav,y,3814.0,1
0038,7,m3l7k1t5e1.wav,y,3545.0,1
0038,7,m1l7k2t5e3.wav,y,4264.0,1
0038,7,old_m2l7.wav,r,2994.0,1
0038,7,m1l7k1t5e1.wav,y,2623.0,1
0038,7,m3l7k1t5e2.wav,0,4500.0,1
0038,7,old_m2l7.wav,r,2796.0,1
0038,7,old_m1l7.wav,y,3421.0,1
0038,7,m2l7k1t5e3.wav,y,3901.0,1
0038,7,m3l7k2t7e2.wav,y,4058.0,1
0038,7,m2l7k1t5e2.wav,0,4500.0,1
0038,7,old_m3l7.wav,0,4500.0,1
0038,7,m2l7k1t7e1.wav,y,2976.0,1
0038,7,m3l7k2t7e3.wav,0,4500.0,1
0038,7,m1l7k2t7e2.wav,y,3227.0,1
0038,7,old_m2l7.wav,r,2791.0,1
0038,7,old_m1l7.wav,r,2918.0,1
0038,7,old_m3l7.wav,r,3563.0,1
0038,7,m2l7k2t7e1.wav,r,3504.0,1
0038,7,m2l7k2t5e2.wav,r,4113.0,1
0038,7,old_m2l7.wav,0,4500.0,1
0038,7,old_m2l7.wav,r,3212.0,1
0038,7,m1l7k1t7e3.wav,y,3043.0,1
0038,7,old_m1l7.wav,r,4227.0,1
0038,7,m3l7k1t7e1.wav,y,2939.0,1
0038,7,old_m1l7.wav,0,4500.0,1
0038,7,m1l7k1t5e2.wav,r,4009.0,1
0038,7,old_m1l7.wav,r,3353.0,1
0038,7,old_m2l7.wav,r,4076.0,1
0038,7,old_m3l7.wav,y,3083.0,1
0038,7,m3l7k1t7e2.wav,y,4005.0,1
0038,7,old_m1l7.wav,r,3644.0,1
0038,7,old_m2l7.wav,r,2924.0,1
0038,7,m1l7k2t7e1.wav,y,3082.0,1
0038,7,old_m3l7.wav,y,3350.0,1
0038,7,old_m2l7.wav,r,2727.0,1
0038,7,old_m3l7.wav,r,3630.0,1
0038,7,old_m2l7.wav,r,3728.0,1
0038,7,old_m3l7.wav,0,4500.0,1
0038,7,m1l7k2t7e3.wav,y,3085.0,1
0038,7,m2l7k1t7e3.wav,y,3051.0,1
0038,7,old_m1l7.wav,r,3595.0,1
0038,7,old_m2l7.wav,r,4033.0,1
0038,7,old_m3l7.wav,y,3837.0,1
0038,7,old_m3l7.wav,y,4263.0,1
0038,7,m3l7k1t7e3.wav,y,3493.0,1
0038,7,m1l7k2t5e1.wav,y,2902.0,1
0038,7,m3l7k1t5e3.wav,y,3838.0,1
0039,3,old_m2l3.wav,r,2865.0,1
0039,3,old_m1l3.wav,r,1771.0,1
0039,3,m2l3k2t2e3.wav,y,1863.0,1
0039,3,m3l3k1t3e3.wav,y,2044.0,1
0039,3,old_m3l3.wav,r,1441.0,1
0039,3,old_m3l3.wav,r,1603.0,1
0039,3,old_m2l3.wav,r,1465.0,1
0039,3,m3l3k1t2e3.wav,y,1406.0,1
0039,3,old_m2l3.wav,r,1537.0,1
0039,3,old_m3l3.wav,y,1889.0,1
0039,3,m1l3k2t3e3.wav,y,1589.0,1
0039,3,old_m1l3.wav,r,1537.0,1
0039,3,m2l3k1t2e3.wav,y,1334.0,1
0039,3,m2l3k2t3e2.wav,y,1487.0,1
0039,3,old_m2l3.wav,r,1564.0,1
0039,3,m3l3k2t2e3.wav,y,2031.0,1
0039,3,m2l3k1t3e1.wav,y,1555.0,1
0039,3,m3l3k1t3e1.wav,0,3000.0,1
0039,3,m3l3k2t3e3.wav,y,1533.0,1
0039,3,old_m1l3.wav,r,1434.0,1
0039,3,m1l3k1t3e3.wav,y,1473.0,1
0039,3,old_m1l3.wav,r,1454.0,1
0039,3,old_m2l3.wav,r,1523.0,1
0039,3,old_m2l3.wav,r,1586.0,1
0039,3,old_m2l3.wav,r,1824.0,1
0039,3,m3l3k1t2e2.wav,y,1292.0,1
0039,3,old_m3l3.wav,y,2135.0,1
0039,3,old_m2l3.wav,r,1877.0,1
0039,3,old_m1l3.wav,y,1397.0,1
0039,3,old_m1l3.wav,y,1863.0,1
0039,3,old_m1l3.wav,y,2395.0,1
0039,3,m3l3k1t3e2.wav,y,1615.0,1
0039,3,m3l3k1t2e1.wav,y,1514.0,1
0039,3,m1l3k2t2e2.wav,y,1357.0,1
0039,3,old_m3l3.wav,y,1613.0,1
0039,3,m2l3k2t2e2.wav,y,1375.0,1
0039,3,old_m2l3.wav,r,1459.0,1
0039,3,old_m1l3.wav,y,1368.0,1
0039,3,m1l3k2t2e3.wav,y,1375.0,1
0039,3,m2l3k1t3e2.wav,y,1566.0,1
0039,3,old_m3l3.wav,y,2779.0,1
0039,3,old_m3l3.wav,0,3000.0,1
0039,3,old_m3l3.wav,y,2528.0,1
0039,3,old_m3l3.wav,0,3000.0,1
0039,3,old_m1l3.wav,0,3000.0,1
0039,3,m1l3k2t2e1.wav,y,1417.0,1
0039,3,m1l3k1t3e1.wav,y,1667.0,1
0039,3,old_m3l3.wav,0,3000.0,1
0039,3,m3l3k2t2e1.wav,y,1384.0,1
0039,3,m2l3k2t2e1.wav,y,1525.0,1
0039,3,m2l3k2t3e1.wav,y,2337.0,1
0039,3,old_m3l3.wav,y,2150.0,1
0039,3,old_m2l3.wav,y,1605.0,1
0039,3,m1l3k1t2e2.wav,y,1787.0,1
0039,3,m1l3k1t3e2.wav,y,1725.0,1
0039,3,old_m1l3.wav,y,2591.0,1
0039,3,m1l3k2t3e1.wav,y,1752.0,1
0039,3,m1l3k2t3e2.wav,y,1632.0,1
0039,3,m3l3k2t2e2.wav,y,1538.0,1
0039,3,m2l3k1t2e1.wav,y,1704.0,1
0039,3,m3l3k2t3e2.wav,r,2541.0,1
0039,3,m1l3k1t2e1.wav,y,1837.0,1
0039,3,m3l3k2t3e1.wav,y,2052.0,1
0039,3,m1l3k1t2e3.wav,0,3000.0,1
0039,3,old_m2l3.wav,y,1948.0,1
0039,3,old_m2l3.wav,y,1693.0,1
0039,3,old_m3l3.wav,0,3000.0,1
0039,3,old_m1l3.wav,0,3000.0,1
0039,3,m2l3k1t2e2.wav,y,1373.0,1
0039,3,m2l3k1t3e3.wav,y,2002.0,1
0039,3,old_m1l3.wav,y,1494.0,1
0039,3,m2l3k2t3e3.wav,y,1847.0,1
0039,5,m2l5k2t5e1.wav,r,2719.0,1
0039,5,old_m1l5.wav,0,3700.0,1
0039,5,m3l5k2t3e3.wav,r,3393.0,1
0039,5,old_m1l5.wav,0,3700.0,1
0039,5,m1l5k2t5e2.wav,y,2334.0,1
0039,5,old_m3l5.wav,r,2128.0,1
0039,5,old_m1l5.wav,r,2042.0,1
0039,5,m1l5k1t5e1.wav,y,2271.0,1
0039,5,old_m2l5.wav,r,2513.0,1
0039,5,m1l5k2t3e1.wav,y,2136.0,1
0039,5,m1l5k2t3e2.wav,y,2121.0,1
0039,5,old_m1l5.wav,r,2471.0,1
0039,5,m2l5k1t5e2.wav,y,2460.0,1
0039,5,old_m3l5.wav,r,2593.0,1
0039,5,m3l5k2t3e2.wav,y,2038.0,1
0039,5,old_m1l5.wav,r,2334.0,1
0039,5,m2l5k2t3e3.wav,y,2145.0,1
0039,5,old_m1l5.wav,r,2379.0,1
0039,5,old_m3l5.wav,y,2180.0,1
0039,5,old_m3l5.wav,y,2371.0,1
0039,5,old_m2l5.wav,r,2389.0,1
0039,5,m2l5k2t5e3.wav,y,2304.0,1
0039,5,m1l5k1t3e3.wav,y,2133.0,1
0039,5,m2l5k1t5e1.wav,y,2353.0,1
0039,5,m3l5k1t5e1.wav,y,2234.0,1
0039,5,old_m1l5.wav,r,2236.0,1
0039,5,m3l5k2t5e2.wav,y,2108.0,1
0039,5,m3l5k1t3e3.wav,y,2074.0,1
0039,5,m2l5k1t3e1.wav,y,2116.0,1
0039,5,old_m3l5.wav,y,2134.0,1
0039,5,old_m3l5.wav,y,2164.0,1
0039,5,m3l5k1t3e1.wav,y,2219.0,1
0039,5,old_m2l5.wav,r,2528.0,1
0039,5,m3l5k2t3e1.wav,y,2195.0,1
0039,5,m2l5k1t3e3.wav,y,2035.0,1
0039,5,old_m3l5.wav,y,2283.0,1
0039,5,m2l5k1t3e2.wav,y,2139.0,1
0039,5,old_m2l5.wav,r,2523.0,1
0039,5,m1l5k1t5e2.wav,y,2186.0,1
0039,5,old_m2l5.wav,r,2596.0,1
0039,5,m2l5k2t5e2.wav,y,2554.0,1
0039,5,m2l5k2t3e2.wav,y,2164.0,1
0039,5,old_m3l5.wav,y,2212.0,1
0039,5,old_m1l5.wav,r,2088.0,1
0039,5,m3l5k1t3e2.wav,y,2114.0,1
0039,5,m3l5k2t5e3.wav,y,2289.0,1
0039,5,old_m3l5.wav,y,2194.0,1
0039,5,old_m3l5.wav,y,2558.0,1
0039,5,m1l5k1t3e2.wav,y,2246.0,1
0039,5,m3l5k2t5e1.wav,y,2364.0,1
0039,5,old_m2l5.wav,r,2679.0,1
0039,5,m3l5k1t5e3.wav,y,2324.0,1
0039,5,old_m2l5.wav,r,2188.0,1
0039,5,m2l5k2t3e1.wav,y,2082.0,1
0039,5,m1l5k1t5e3.wav,r,2788.0,1
0039,5,m1l5k2t5e3.wav,y,2251.0,1
0039,5,old_m3l5.wav,r,2956.0,1
0039,5,old_m3l5.wav,r,2669.0,1
0039,5,old_m1l5.wav,r,2444.0,1
0039,5,m3l5k1t5e2.wav,y,2495.0,1
0039,5,m1l5k1t3e1.wav,y,2096.0,1
0039,5,m2l5k1t5e3.wav,y,2271.0,1
0039,5,old_m2l5.wav,y,2617.0,1
0039,5,old_m1l5.wav,r,2043.0,1
0039,5,old_m2l5.wav,r,2342.0,1
0039,5,old_m2l5.wav,r,2354.0,1
0039,5,old_m1l5.wav,r,2100.0,1
0039,5,old_m2l5.wav,r,2142.0,1
0039,5,m1l5k2t3e3.wav,y,2181.0,1
0039,5,old_m2l5.wav,r,2297.0,1
0039,5,m1l5k2t5e1.wav,y,2165.0,1
0039,5,old_m1l5.wav,r,2561.0,1
0039,7,m2l7k2t5e3.wav,y,3053.0,1
0039,7,old_m1l7.wav,r,2849.0,1
0039,7,m2l7k1t5e2.wav,y,2824.0,1
0039,7,old_m3l7.wav,y,2820.0,1
0039,7,old_m1l7.wav,r,2790.0,1
0039,7,old_m2l7.wav,r,3073.0,1
0039,7,old_m1l7.wav,r,2778.0,1
0039,7,old_m3l7.wav,y,2894.0,1
0039,7,m1l7k1t7e3.wav,y,2928.0,1
0039,7,old_m2l7.wav,r,2748.0,1
0039,7,m2l7k2t7e2.wav,y,2784.0,1
0039,7,old_m3l7.wav,y,2730.0,1
0039,7,old_m3l7.wav,y,2701.0,1
0039,7,m3l7k1t5e3.wav,y,2884.0,1
0039,7,m3l7k2t5e1.wav,y,2817.0,1
0039,7,old_m1l7.wav,r,2737.0,1
0039,7,old_m3l7.wav,y,2695.0,1
0039,7,m1l7k2t5e3.wav,y,2924.0,1
0039,7,m3l7k2t7e2.wav,y,2907.0,1
0039,7,m3l7k1t7e2.wav,y,2994.0,1
0039,7,m2l7k1t7e1.wav,y,2904.0,1
0039,7,old_m2l7.wav,r,3497.0,1
0039,7,m2l7k1t5e3.wav,r,3274.0,1
0039,7,m3l7k2t7e1.wav,y,3076.0,1
0039,7,old_m3l7.wav,y,3231.0,1
0039,7,m1l7k2t7e2.wav,y,2979.0,1
0039,7,m3l7k2t5e2.wav,y,3031.0,1
0039,7,m1l7k2t7e3.wav,y,3027.0,1
0039,7,m3l7k1t7e1.wav,y,2953.0,1
0039,7,old_m2l7.wav,r,3088.0,1
0039,7,old_m1l7.wav,r,2897.0,1
0039,7,old_m3l7.wav,y,2944.0,1
0039,7,m2l7k2t5e2.wav,y,3292.0,1
0039,7,old_m3l7.wav,y,3078.0,1
0039,7,m3l7k1t5e2.wav,y,2869.0,1
0039,7,m2l7k1t7e3.wav,y,3013.0,1
0039,7,m1l7k1t7e1.wav,y,3064.0,1
0039,7,old_m2l7.wav,y,3378.0,1
0039,7,m2l7k2t7e1.wav,y,3050.0,1
0039,7,m2l7k1t5e1.wav,y,2867.0,1
0039,7,m1l7k1t5e1.wav,y,2693.0,1
0039,7,old_m1l7.wav,r,3214.0,1
0039,7,m1l7k1t7e2.wav,y,2964.0,1
0039,7,old_m1l7.wav,r,3232.0,1
0039,7,m2l7k2t5e1.wav,y,2885.0,1
0039,7,m1l7k1t5e2.wav,y,2714.0,1
0039,7,old_m2l7.wav,r,3094.0,1
0039,7,old_m3l7.wav,y,2755.0,1
0039,7,old_m3l7.wav,y,2763.0,1
0039,7,old_m1l7.wav,r,2844.0,1
0039,7,m1l7k2t7e1.wav,y,3056.0,1
0039,7,m2l7k2t7e3.wav,y,3016.0,1
0039,7,m1l7k2t5e2.wav,y,3374.0,1
0039,7,old_m3l7.wav,y,3171.0,1
0039,7,old_m2l7.wav,y,3679.0,1
0039,7,old_m3l7.wav,y,3286.0,1
0039,7,old_m2l7.wav,y,3172.0,1
0039,7,m3l7k1t5e1.wav,y,2804.0,1
0039,7,old_m1l7.wav,y,3082.0,1
0039,7,m1l7k2t5e1.wav,y,2606.0,1
0039,7,old_m2l7.wav,r,3444.0,1
0039,7,old_m1l7.wav,r,2886.0,1
0039,7,old_m2l7.wav,r,3716.0,1
0039,7,m3l7k1t7e3.wav,y,2657.0,1
0039,7,m2l7k1t7e2.wav,y,2757.0,1
0039,7,old_m2l7.wav,y,2858.0,1
0039,7,old_m1l7.wav,y,2787.0,1
0039,7,m3l7k2t5e3.wav,y,2564.0,1
0039,7,m1l7k1t5e3.wav,y,2785.0,1
0039,7,old_m1l7.wav,y,2778.0,1
0039,7,m3l7k2t7e3.wav,y,2724.0,1
0039,7,old_m2l7.wav,r,3351.0,1
0040,3,m3l3k2t3e1.wav,0,3000.0,1
0040,3,m2l3k1t2e2.wav,y,2567.0,1
0040,3,old_m2l3.wav,r,1989.0,1
0040,3,m1l3k2t3e2.wav,r,2716.0,1
0040,3,m3l3k2t2e2.wav,y,1807.0,1
0040,3,m1l3k2t2e3.wav,0,3000.0,1
0040,3,old_m2l3.wav,r,1795.0,1
0040,3,old_m2l3.wav,r,2383.0,1
0040,3,old_m1l3.wav,r,1393.0,1
0040,3,m1l3k1t3e1.wav,0,3000.0,1
0040,3,old_m3l3.wav,y,2110.0,1
0040,3,old_m2l3.wav,r,1539.0,1
0040,3,old_m2l3.wav,r,1716.0,1
0040,3,old_m2l3.wav,r,2888.0,1
0040,3,m3l3k2t2e3.wav,y,1691.0,1
0040,3,m2l3k1t3e2.wav,y,1788.0,1
0040,3,old_m3l3.wav,r,2058.0,1
0040,3,old_m1l3.wav,r,2535.0,1
0040,3,m3l3k1t2e2.wav,y,1579.0,1
0040,3,m1l3k2t3e1.wav,y,1640.0,1
0040,3,old_m3l3.wav,y,1495.0,1
0040,3,old_m1l3.wav,r,1362.0,1
0040,3,m3l3k1t2e3.wav,y,1673.0,1
0040,3,m1l3k1t3e2.wav,0,3000.0,1
0040,3,m2l3k1t2e1.wav,y,2862.0,1
0040,3,old_m2l3.wav,r,1632.0,1
0040,3,m3l3k1t3e3.wav,y,2735.0,1
0040,3,m2l3k1t3e1.wav,r,2129.0,1
0040,3,m3l3k2t3e3.wav,0,3000.0,1
0040,3,old_m2l3.wav,r,1497.0,1
0040,3,m2l3k2t3e2.wav,y,1450.0,1
0040,3,m3l3k1t3e2.wav,y,2557.0,1
0040,3,old_m3l3.wav,0,3000.0,1
0040,3,old_m1l3.wav,r,1612.0,1
0040,3,m1l3k2t2e1.wav,y,1358.0,1
0040,3,old_m2l3.wav,r,1270.0,1
0040,3,m3l3k1t2e1.wav,y,1487.0,1
0040,3,old_m1l3.wav,r,1677.0,1
0040,3,old_m1l3.wav,r,1556.0,1
0040,3,m3l3k2t2e1.wav,y,2296.0,1
0040,3,old_m1l3.wav,r,1498.0,1
0040,3,old_m2l3.wav,r,1368.0,1
0040,3,old_m1l3.wav,r,1450.0,1
0040,3,m3l3k1t3e1.wav,y,1843.0,1
0040,3,m2l3k2t2e1.wav,y,2779.0,1
0040,3,old_m2l3.wav,r,1374.0,1
0040,3,old_m3l3.wav,y,2388.0,1
0040,3,old_m3l3.wav,y,2095.0,1
0040,3,m2l3k1t3e3.wav,y,2726.0,1
0040,3,m1l3k1t2e1.wav,y,1884.0,1
0040,3,m2l3k2t3e3.wav,y,2500.0,1
0040,3,old_m3l3.wav,r,2235.0,1
0040,3,m1l3k2t3e3.wav,y,1714.0,1
0040,3,old_m2l3.wav,r,1463.0,1
0040,3,m1l3k1t2e3.wav,y,2212.0,1
0040,3,m2l3k2t2e3.wav,y,2026.0,1
0040,3,old_m1l3.wav,r,1541.0,1
0040,3,m1l3k1t2e2.wav,0,3000.0,1
0040,3,m2l3k2t3e1.wav,0,3000.0,1
0040,3,old_m3l3.wav,y,2889.0,1
0040,3,old_m3l3.wav,y,1798.0,1
0040,3,old_m1l3.wav,r,1279.0,1
0040,3,old_m3l3.wav,y,2049.0,1
0040,3,old_m1l3.wav,r,1396.0,1
0040,3,m1l3k1t3e3.wav,r,1873.0,1
0040,3,m3l3k2t3e2.wav,y,2209.0,1
0040,3,m2l3k1t2e3.wav,y,1677.0,1
0040,3,old_m3l3.wav,0,3000.0,1
0040,3,old_m1l3.wav,r,1298.0,1
0040,3,m2l3k2t2e2.wav,y,1958.0,1
0040,3,m1l3k2t2e2.wav,y,1995.0,1
0040,3,old_m3l3.wav,0,3000.0,1
0040,5,old_m3l5.wav,r,2717.0,1
0040,5,old_m2l5.wav,0,3700.0,1
0040,5,m3l5k2t3e2.wav,y,1975.0,1
0040,5,old_m3l5.wav,0,3700.0,1
0040,5,old_m3l5.wav,r,2076.0,1
0040,5,old_m1l5.wav,y,2567.0,1
0040,5,old_m3l5.wav,r,2028.0,1
0040,5,old_m1l5.wav,y,3333.0,1
0040,5,m3l5k1t5e1.wav,r,2050.0,1
0040,5,m2l5k1t3e1.wav,y,2025.0,1
0040,5,old_m2l5.wav,0,3700.0,1
0040,5,m3l5k1t3e1.wav,r,1992.0,1
0040,5,m2l5k2t3e3.wav,y,1996.0,1
0040,5,m1l5k2t5e2.wav,r,1997.0,1
0040,5,m3l5k1t3e2.wav,y,2765.0,1
0040,5,m1l5k1t5e2.wav,y,2984.0,1
0040,5,old_m1l5.wav,y,3674.0,1
0040,5,old_m3l5.wav,r,1992.0,1
0040,5,old_m3l5.wav,r,2340.0,1
0040,5,old_m2l5.wav,y,2738.0,1
0040,5,m2l5k1t5e3.wav,y,2434.0,1
0040,5,m1l5k2t5e1.wav,y,2174.0,1
0040,5,m2l5k1t5e1.wav,r,2057.0,1
0040,5,m3l5k1t5e3.wav,y,3030.0,1
0040,5,old_m2l5.wav,r,3455.0,1
0040,5,old_m2l5.wav,y,2724.0,1
0040,5,m3l5k1t3e3.wav,y,1937.0,1
0040,5,m3l5k2t3e3.wav,y,2134.0,1
0040,5,old_m1l5.wav,r,2764.0,1
0040,5,m1l5k1t3e1.wav,y,2355.0,1
0040,5,old_m1l5.wav,0,3700.0,1
0040,5,m3l5k2t5e2.wav,r,2051.0,1
0040,5,old_m3l5.wav,r,2043.0,1
0040,5,m1l5k2t3e2.wav,y,2705.0,1
0040,5,m1l5k1t3e2.wav,y,2979.0,1
0040,5,old_m3l5.wav,r,1992.0,1
0040,5,m3l5k2t3e1.wav,y,2643.0,1
0040,5,m2l5k1t3e3.wav,y,1979.0,1
0040,5,m2l5k2t5e3.wav,r,2001.0,1
0040,5,m1l5k2t3e1.wav,0,3700.0,1
0040,5,old_m1l5.wav,r,2819.0,1
0040,5,old_m3l5.wav,r,1994.0,1
0040,5,m1l5k1t5e3.wav,y,2022.0,1
0040,5,old_m2l5.wav,0,3700.0,1
0040,5,old_m2l5.wav,y,2412.0,1
0040,5,m2l5k2t3e1.wav,y,3567.0,1
0040,5,old_m1l5.wav,r,3509.0,1
0040,5,old_m2l5.wav,0,3700.0,1
0040,5,m2l5k2t3e2.wav,y,1981.0,1
0040,5,m3l5k2t5e1.wav,r,1868.0,1
0040,5,m1l5k1t3e3.wav,y,1861.0,1
0040,5,m2l5k2t5e1.wav,0,3700.0,1
0040,5,m2l5k2t5e2.wav,y,2847.0,1
0040,5,m3l5k1t5e2.wav,y,2410.0,1
0040,5,m1l5k2t5e3.wav,0,3700.0,1
0040,5,old_m2l5.wav,r,2740.0,1
0040,5,old_m3l5.wav,r,2068.0,1
0040,5,old_m1l5.wav,y,2905.0,1
0040,5,m1l5k1t5e1.wav,y,2294.0,1
0040,5,m2l5k1t5e2.wav,r,1920.0,1
0040,5,old_m1l5.wav,r,1944.0,1
0040,5,old_m3l5.wav,0,3700.0,1
0040,5,old_m1l5.wav,r,2091.0,1
0040,5,old_m2l5.wav,y,3174.0,1
0040,5,old_m2l5.wav,y,2616.0,1
0040,5,old_m1l5.wav,r,2042.0,1
0040,5,m2l5k1t3e2.wav,y,2008.0,1
0040,5,old_m3l5.wav,r,1904.0,1
0040,5,old_m1l5.wav,r,3117.0,1
0040,5,m3l5k2t5e3.wav,y,2162.0,1
0040,5,old_m2l5.wav,0,3700.0,1
0040,5,m1l5k2t3e3.wav,y,1974.0,1
0040,7,old_m3l7.wav,0,4500.0,1
0040,7,m3l7k1t7e1.wav,0,4500.0,1
0040,7,m2l7k2t7e2.wav,y,3049.0,1
0040,7,old_m3l7.wav,0,4500.0,1
0040,7,m1l7k1t7e2.wav,y,2902.0,1
0040,7,m2l7k2t5e1.wav,y,2747.0,1
0040,7,old_m1l7.wav,r,2844.0,1
0040,7,old_m1l7.wav,r,2791.0,1
0040,7,old_m1l7.wav,r,3095.0,1
0040,7,m3l7k2t7e3.wav,y,2942.0,1
0040,7,old_m2l7.wav,y,2876.0,1
0040,7,m1l7k2t5e3.wav,y,2777.0,1
0040,7,old_m1l7.wav,0,4500.0,1
0040,7,m3l7k2t5e2.wav,y,2801.0,1
0040,7,m2l7k2t5e3.wav,y,3001.0,1
0040,7,m1l7k1t5e2.wav,y,2778.0,1
0040,7,old_m3l7.wav,r,3582.0,1
0040,7,old_m2l7.wav,y,2883.0,1
0040,7,old_m2l7.wav,y,2794.0,1
0040,7,m3l7k2t5e1.wav,y,2697.0,1
0040,7,old_m2l7.wav,r,2902.0,1
0040,7,m3l7k1t7e3.wav,y,3275.0,1
0040,7,m2l7k1t5e2.wav,y,2672.0,1
0040,7,m3l7k2t7e1.wav,y,4068.0,1
0040,7,m2l7k2t5e2.wav,y,2951.0,1
0040,7,old_m1l7.wav,y,3774.0,1
0040,7,m2l7k1t5e1.wav,y,2660.0,1
0040,7,old_m3l7.wav,0,4500.0,1
0040,7,m2l7k2t7e1.wav,y,2668.0,1
0040,7,old_m1l7.wav,y,3127.0,1
0040,7,m1l7k2t5e1.wav,y,2424.0,1
0040,7,m3l7k2t7e2.wav,y,2949.0,1
0040,7,old_m1l7.wav,y,3495.0,1
0040,7,old_m2l7.wav,r,3173.0,1
0040,7,old_m1l7.wav,r,2663.0,1
0040,7,m1l7k1t7e3.wav,y,2855.0,1
0040,7,old_m2l7.wav,y,2702.0,1
0040,7,old_m3l7.wav,y,2869.0,1
0040,7,old_m2l7.wav,y,3356.0,1
0040,7,m1l7k1t5e1.wav,y,2639.0,1
0040,7,m3l7k1t5e3.wav,y,2539.0,1
0040,7,m1l7k2t7e3.wav,y,2754.0,1
0040,7,old_m3l7.wav,y,4432.0,1
0040,7,old_m3l7.wav,y,2921.0,1
0040,7,old_m2l7.wav,y,2852.0,1
0040,7,m3l7k1t5e1.wav,y,2440.0,1
0040,7,m3l7k1t5e2.wav,y,2428.0,1
0040,7,old_m3l7.wav,y,2956.0,1
0040,7,m2l7k1t7e3.wav,y,2673.0,1
0040,7,m3l7k2t5e3.wav,y,2408.0,1
0040,7,old_m3l7.wav,0,4500.0,1
0040,7,m3l7k1t7e2.wav,y,3080.0,1
0040,7,old_m1l7.wav,y,2502.0,1
0040,7,old_m2l7.wav,y,2442.0,1
0040,7,m2l7k1t5e3.wav,y,2640.0,1
0040,7,old_m1l7.wav,y,2664.0,1
0040,7,old_m3l7.wav,y,2716.0,1
0040,7,old_m2l7.wav,y,2504.0,1
0040,7,old_m2l7.wav,y,2610.0,1
0040,7,m2l7k1t7e1.wav,y,2835.0,1
0040,7,m1l7k1t7e1.wav,y,2931.0,1
0040,7,m2l7k2t7e3.wav,y,2628.0,1
0040,7,m1l7k2t7e1.wav,y,2860.0,1
0040,7,m2l7k1t7e2.wav,y,2749.0,1
0040,7,m1l7k2t5e2.wav,y,2814.0,1
0040,7,old_m1l7.wav,y,3791.0,1
0040,7,m1l7k2t7e2.wav,y,3456.0,1
0040,7,old_m2l7.wav,y,4287.0,1
0040,7,old_m3l7.wav,r,2721.0,1
0040,7,old_m1l7.wav,r,2855.0,1
0040,7,old_m3l7.wav,y,2727.0,1
0040,7,m1l7k1t5e3.wav,y,2499.0,1
0041,3,old_m3l3.wav,r,2014.0,1
0041,3,old_m2l3.wav,0,3000.0,1
0041,3,m1l3k1t3e2.wav,y,1662.0,1
0041,3,old_m1l3.wav,r,1464.0,1
0041,3,m3l3k2t2e3.wav,y,2771.0,1
0041,3,m2l3k1t2e2.wav,y,1487.0,1
0041,3,old_m2l3.wav,r,1284.0,1
0041,3,m1l3k1t2e3.wav,y,1921.0,1
0041,3,old_m3l3.wav,r,1289.0,1
0041,3,m2l3k2t2e2.wav,r,2905.0,1
0041,3,m1l3k2t2e2.wav,r,2621.0,1
0041,3,old_m2l3.wav,r,1244.0,1
0041,3,old_m1l3.wav,r,1194.0,1
0041,3,old_m2l3.wav,r,1020.0,1
0041,3,m1l3k1t2e2.wav,y,1474.0,1
0041,3,m2l3k1t2e1.wav,y,1539.0,1
0041,3,old_m3l3.wav,r,1260.0,1
0041,3,old_m3l3.wav,r,1315.0,1
0041,3,old_m1l3.wav,r,1493.0,1
0041,3,m2l3k1t3e2.wav,y,1535.0,1
0041,3,m3l3k1t3e2.wav,y,1703.0,1
0041,3,m3l3k1t2e3.wav,y,1692.0,1
0041,3,m1l3k1t3e1.wav,0,3000.0,1
0041,3,m2l3k1t2e3.wav,0,3000.0,1
0041,3,old_m1l3.wav,r,998.0,1
0041,3,old_m2l3.wav,r,998.0,1
0041,3,m1l3k1t2e1.wav,r,1365.0,1
0041,3,m3l3k1t3e1.wav,r,1330.0,1
0041,3,old_m1l3.wav,r,1273.0,1
0041,3,old_m1l3.wav,r,1267.0,1
0041,3,m3l3k1t2e1.wav,y,1796.0,1
0041,3,m3l3k2t3e3.wav,y,1342.0,1
0041,3,old_m2l3.wav,r,1153.0,1
0041,3,old_m1l3.wav,r,1101.0,1
0041,3,m2l3k2t3e1.wav,y,1419.0,1
0041,3,old_m2l3.wav,r,1306.0,1
0041,3,old_m1l3.wav,r,1037.0,1
0041,3,m3l3k2t2e2.wav,r,1441.0,1
0041,3,old_m3l3.wav,r,1355.0,1
0041,3,m2l3k1t3e3.wav,y,1361.0,1
0041,3,m1l3k2t2e3.wav,y,1287.0,1
0041,3,m1l3k2t3e3.wav,0,3000.0,1
0041,3,m2l3k2t3e2.wav,y,1462.0,1
0041,3,old_m2l3.wav,r,1214.0,1
0041,3,old_m3l3.wav,r,1258.0,1
0041,3,old_m1l3.wav,r,1577.0,1
0041,3,m1l3k1t3e3.wav,y,1467.0,1
0041,3,m1l3k2t2e1.wav,y,1307.0,1
0041,3,m2l3k1t3e1.wav,r,1414.0,1
0041,3,old_m1l3.wav,r,1288.0,1
0041,3,old_m3l3.wav,y,2011.0,1
0041,3,old_m2l3.wav,r,1169.0,1
0041,3,m1l3k2t3e2.wav,y,2024.0,1
0041,3,m2l3k2t3e3.wav,y,1958.0,1
0041,3,old_m1l3.wav,r,1292.0,1
0041,3,m3l3k2t3e1.wav,y,1660.0,1
0041,3,m3l3k2t2e1.wav,r,1989.0,1
0041,3,old_m3l3.wav,y,1737.0,1
0041,3,m3l3k1t2e2.wav,y,1347.0,1
0041,3,m2l3k2t2e3.wav,r,2383.0,1
0041,3,old_m2l3.wav,r,1241.0,1
0041,3,old_m2l3.wav,r,1409.0,1
0041,3,old_m3l3.wav,r,1233.0,1
0041,3,m2l3k2t2e1.wav,y,1582.0,1
0041,3,m3l3k2t3e2.wav,y,2434.0,1
0041,3,old_m3l3.wav,r,1091.0,1
0041,3,old_m3l3.wav,r,1333.0,1
0041,3,old_m2l3.wav,r,1272.0,1
0041,3,m1l3k2t3e1.wav,r,1032.0,1
0041,3,m3l3k1t3e3.wav,r,1971.0,1
0041,3,old_m3l3.wav,r,1432.0,1
0041,3,old_m1l3.wav,r,1528.0,1
0041,5,m3l5k2t5e2.wav,y,2935.0,1
0041,5,old_m3l5.wav,r,1957.0,1
0041,5,m1l5k1t3e1.wav,y,2086.0,1
0041,5,m2l5k2t5e3.wav,y,2523.0,1
0041,5,old_m2l5.wav,r,2636.0,1
0041,5,old_m2l5.wav,r,2029.0,1
0041,5,old_m1l5.wav,r,2520.0,1
0041,5,old_m3l5.wav,r,2134.0,1
0041,5,m1l5k1t3e3.wav,y,1460.0,1
0041,5,old_m2l5.wav,r,2001.0,1
0041,5,old_m1l5.wav,r,1782.0,1
0041,5,old_m3l5.wav,r,2284.0,1
0041,5,m3l5k1t3e2.wav,y,1824.0,1
0041,5,old_m2l5.wav,r,2001.0,1
0041,5,m3l5k1t5e3.wav,y,1952.0,1
0041,5,old_m1l5.wav,r,1902.0,1
0041,5,m2l5k2t3e1.wav,y,1860.0,1
0041,5,m2l5k1t5e3.wav,y,2052.0,1
0041,5,old_m2l5.wav,r,2041.0,1
0041,5,old_m1l5.wav,r,1685.0,1
0041,5,m3l5k2t3e3.wav,y,1504.0,1
0041,5,old_m1l5.wav,y,2060.0,1
0041,5,old_m2l5.wav,y,2289.0,1
0041,5,m2l5k2t5e2.wav,r,2282.0,1
0041,5,old_m2l5.wav,y,2167.0,1
0041,5,old_m1l5.wav,r,1745.0,1
0041,5,old_m1l5.wav,r,1705.0,1
0041,5,m1l5k1t5e3.wav,y,2259.0,1
0041,5,m3l5k2t3e1.wav,y,2169.0,1
0041,5,m3l5k2t5e3.wav,y,2166.0,1
0041,5,m1l5k2t5e1.wav,y,2131.0,1
0041,5,old_m3l5.wav,r,2043.0,1
0041,5,old_m3l5.wav,y,2059.0,1
0041,5,m1l5k1t5e1.wav,y,2249.0,1
0041,5,old_m2l5.wav,y,2106.0,1
0041,5,m3l5k1t3e3.wav,y,1775.0,1
0041,5,old_m1l5.wav,r,2164.0,1
0041,5,m1l5k1t5e2.wav,y,2035.0,1
0041,5,old_m3l5.wav,r,2067.0,1
0041,5,old_m2l5.wav,y,2157.0,1
0041,5,old_m3l5.wav,r,2064.0,1
0041,5,old_m1l5.wav,r,2125.0,1
0041,5,m3l5k1t5e1.wav,y,2153.0,1
0041,5,m3l5k2t3e2.wav,y,1710.0,1
0041,5,old_m1l5.wav,r,2026.0,1
0041,5,old_m3l5.wav,r,2102.0,1
0041,5,m1l5k2t3e3.wav,y,1824.0,1
0041,5,m2l5k1t3e2.wav,y,1846.0,1
0041,5,m2l5k2t3e3.wav,y,1994.0,1
0041,5,m2l5k2t5e1.wav,y,2682.0,1
0041,5,m1l5k1t3e2.wav,y,2880.0,1
0041,5,m3l5k2t5e1.wav,y,2007.0,1
0041,5,old_m3l5.wav,r,2045.0,1
0041,5,old_m3l5.wav,r,1983.0,1
0041,5,m1l5k2t3e2.wav,r,2037.0,1
0041,5,m2l5k1t3e1.wav,y,1898.0,1
0041,5,old_m2l5.wav,y,3624.0,1
0041,5,m2l5k1t3e3.wav,y,2184.0,1
0041,5,old_m3l5.wav,r,2035.0,1
0041,5,old_m1l5.wav,r,2015.0,1
0041,5,old_m2l5.wav,r,2572.0,1
0041,5,m3l5k1t5e2.wav,y,2114.0,1
0041,5,m2l5k1t5e2.wav,y,2202.0,1
0041,5,m1l5k2t5e3.wav,y,2007.0,1
0041,5,old_m1l5.wav,r,2063.0,1
0041,5,old_m3l5.wav,r,2027.0,1
0041,5,m2l5k2t3e2.wav,y,2129.0,1
0041,5,m1l5k2t5e2.wav,y,2486.0,1
0041,5,m2l5k1t5e1.wav,y,2208.0,1
0041,5,old_m2l5.wav,r,2714.0,1
0041,5,m3l5k1t3e1.wav,y,2258.0,1
0041,5,m1l5k2t3e1.wav,y,2237.0,1
0041,7,m1l7k2t7e2.wav,r,1114.0,1
0041,7,old_m1l7.wav,y,3656.0,1
0041,7,old_m1l7.wav,r,2615.0,1
0041,7,m3l7k1t5e2.wav,y,3116.0,1
0041,7,m1l7k1t7e1.wav,y,2975.0,1
0041,7,m3l7k1t7e2.wav,y,3060.0,1
0041,7,m3l7k1t5e3.wav,y,2948.0,1
0041,7,old_m3l7.wav,r,3039.0,1
0041,7,m1l7k2t7e1.wav,y,2963.0,1
0041,7,old_m1l7.wav,r,2547.0,1
0041,7,old_m2l7.wav,r,2683.0,1
0041,7,old_m3l7.wav,r,2594.0,1
0041,7,m1l7k1t5e1.wav,y,2690.0,1
0041,7,m3l7k1t7e1.wav,y,2858.0,1
0041,7,old_m2l7.wav,r,2932.0,1
0041,7,old_m2l7.wav,r,2902.0,1
0041,7,old_m3l7.wav,r,2972.0,1
0041,7,old_m1l7.wav,r,2709.0,1
0041,7,m1l7k1t7e2.wav,y,2804.0,1
0041,7,m3l7k2t7e1.wav,y,2670.0,1
0041,7,m2l7k2t5e3.wav,r,2734.0,1
0041,7,old_m2l7.wav,r,2823.0,1
0041,7,m3l7k2t7e3.wav,y,2684.0,1
0041,7,m2l7k1t5e1.wav,y,2771.0,1
0041,7,old_m2l7.wav,r,2588.0,1
0041,7,m2l7k2t7e2.wav,y,2721.0,1
0041,7,m2l7k1t5e3.wav,y,3115.0,1
0041,7,old_m3l7.wav,r,2775.0,1
0041,7,m1l7k1t7e3.wav,y,2702.0,1
0041,7,old_m2l7.wav,r,2636.0,1
0041,7,old_m2l7.wav,r,2621.0,1
0041,7,m2l7k2t7e1.wav,y,2678.0,1
0041,7,old_m2l7.wav,r,2810.0,1
0041,7,m2l7k2t5e2.wav,r,2735.0,1
0041,7,old_m2l7.wav,r,2474.0,1
0041,7,m1l7k1t5e2.wav,r,3284.0,1
0041,7,old_m2l7.wav,r,2512.0,1
0041,7,old_m1l7.wav,r,2547.0,1
0041,7,old_m3l7.wav,r,2690.0,1
0041,7,old_m1l7.wav,r,2417.0,1
0041,7,old_m1l7.wav,r,2428.0,1
0041,7,old_m3l7.wav,r,2778.0,1
0041,7,old_m2l7.wav,r,2738.0,1
0041,7,old_m2l7.wav,r,2795.0,1
0041,7,old_m3l7.wav,r,2766.0,1
0041,7,old_m3l7.wav,r,2840.0,1
0041,7,m1l7k1t5e3.wav,y,2504.0,1
0041,7,m2l7k2t5e1.wav,y,3137.0,1
0041,7,old_m3l7.wav,r,2742.0,1
0041,7,m3l7k2t5e1.wav,y,2126.0,1
0041,7,m1l7k2t5e2.wav,y,2580.0,1
0041,7,m3l7k2t5e2.wav,y,2577.0,1
0041,7,old_m1l7.wav,r,2650.0,1
0041,7,m3l7k2t7e2.wav,y,2839.0,1
0041,7,old_m1l7.wav,r,2432.0,1
0041,7,m3l7k1t5e1.wav,y,2269.0,1
0041,7,m3l7k1t7e3.wav,y,3018.0,1
0041,7,m1l7k2t5e3.wav,y,2700.0,1
0041,7,m2l7k1t5e2.wav,y,2746.0,1
0041,7,m2l7k1t7e3.wav,y,2871.0,1
0041,7,old_m1l7.wav,r,2727.0,1
0041,7,old_m3l7.wav,r,2878.0,1
0041,7,m2l7k1t7e2.wav,y,3382.0,1
0041,7,m1l7k2t5e1.wav,y,2551.0,1
0041,7,m2l7k2t7e3.wav,y,2747.0,1
0041,7,old_m3l7.wav,r,2792.0,1
0041,7,old_m1l7.wav,r,2711.0,1
0041,7,old_m1l7.wav,r,2672.0,1
0041,7,m3l7k2t5e3.wav,y,2659.0,1
0041,7,m2l7k1t7e1.wav,y,2926.0,1
0041,7,old_m3l7.wav,r,2722.0,1
0041,7,m1l7k2t7e3.wav,y,3067.0,1
0042,3,old_m3l3.wav,r,1879.0,1
0042,3,old_m2l3.wav,y,2296.0,1
0042,3,old_m1l3.wav,r,1634.0,1
0042,3,m2l3k1t3e2.wav,y,1530.0,1
0042,3,m2l3k2t2e2.wav,y,1416.0,1
0042,3,old_m2l3.wav,y,2392.0,1
0042,3,old_m3l3.wav,r,1799.0,1
0042,3,m3l3k1t2e3.wav,y,1601.0,1
0042,3,m3l3k2t3e2.wav,y,1577.0,1
0042,3,old_m3l3.wav,r,1897.0,1
0042,3,m1l3k1t3e3.wav,y,1608.0,1
0042,3,m1l3k2t3e1.wav,r,1439.0,1
0042,3,old_m3l3.wav,r,1747.0,1
0042,3,m2l3k1t3e1.wav,r,2260.0,1
0042,3,m1l3k1t2e1.wav,y,1517.0,1
0042,3,old_m3l3.wav,r,1311.0,1
0042,3,m3l3k1t3e1.wav,y,2970.0,1
0042,3,old_m3l3.wav,0,3000.0,1
0042,3,old_m1l3.wav,r,1769.0,1
0042,3,m3l3k2t2e1.wav,0,3000.0,1
0042,3,m1l3k1t2e3.wav,r,1711.0,1
0042,3,m1l3k2t3e3.wav,0,3000.0,1
0042,3,m2l3k2t2e1.wav,y,1622.0,1
0042,3,old_m1l3.wav,r,2142.0,1
0042,3,m3l3k1t3e3.wav,y,1459.0,1
0042,3,old_m2l3.wav,r,1521.0,1
0042,3,m3l3k2t2e3.wav,y,1613.0,1
0042,3,old_m1l3.wav,r,1206.0,1
0042,3,old_m3l3.wav,r,1755.0,1
0042,3,m2l3k1t3e3.wav,y,1660.0,1
0042,3,m3l3k1t3e2.wav,y,1891.0,1
0042,3,m2l3k2t3e3.wav,y,1526.0,1
0042,3,old_m1l3.wav,r,1124.0,1
0042,3,m2l3k2t3e2.wav,y,2585.0,1
0042,3,m2l3k1t2e1.wav,y,1664.0,1
0042,3,old_m2l3.wav,r,1496.0,1
0042,3,old_m2l3.wav,r,1505.0,1
0042,3,old_m2l3.wav,r,1321.0,1
0042,3,old_m1l3.wav,r,1382.0,1
0042,3,old_m2l3.wav,r,1474.0,1
0042,3,old_m1l3.wav,r,1610.0,1
0042,3,old_m1l3.wav,r,1285.0,1
0042,3,old_m2l3.wav,0,3000.0,1
0042,3,old_m1l3.wav,r,1399.0,1
0042,3,m2l3k1t2e3.wav,y,1298.0,1
0042,3,m1l3k2t2e3.wav,y,1350.0,1
0042,3,m1l3k1t3e1.wav,0,3000.0,1
0042,3,old_m3l3.wav,r,2871.0,1
0042,3,old_m2l3.wav,0,3000.0,1
0042,3,m3l3k1t2e1.wav,y,1384.0,1
0042,3,old_m2l3.wav,r,2319.0,1
0042,3,m1l3k2t2e1.wav,y,1327.0,1
0042,3,m2l3k2t2e3.wav,y,1347.0,1
0042,3,m3l3k2t3e1.wav,y,1772.0,1
0042,3,m1l3k1t3e2.wav,y,1320.0,1
0042,3,old_m3l3.wav,y,1970.0,1
0042,3,old_m3l3.wav,r,2033.0,1
0042,3,m1l3k1t2e2.wav,y,1547.0,1
0042,3,m3l3k1t2e2.wav,y,1329.0,1
0042,3,m1l3k2t2e2.wav,y,1449.0,1
0042,3,m3l3k2t3e3.wav,y,1420.0,1
0042,3,m1l3k2t3e2.wav,r,1989.0,1
0042,3,old_m3l3.wav,y,2304.0,1
0042,3,m2l3k2t3e1.wav,y,2140.0,1
0042,3,old_m3l3.wav,0,3000.0,1
0042,3,m3l3k2t2e2.wav,y,1375.0,1
0042,3,old_m1l3.wav,r,1329.0,1
0042,3,old_m2l3.wav,r,1549.0,1
0042,3,old_m2l3.wav,r,1555.0,1
0042,3,old_m1l3.wav,r,2107.0,1
0042,3,m2l3k1t2e2.wav,y,1674.0,1
0042,3,old_m1l3.wav,r,1374.0,1
0042,5,m1l5k2t3e1.wav,0,3700.0,1
0042,5,old_m1l5.wav,r,2391.0,1
0042,5,m2l5k2t3e3.wav,y,3037.0,1
0042,5,old_m2l5.wav,r,2289.0,1
0042,5,old_m2l5.wav,r,2600.0,1
0042,5,old_m3l5.wav,y,2103.0,1
0042,5,old_m1l5.wav,r,2791.0,1
0042,5,old_m2l5.wav,r,2676.0,1
0042,5,m3l5k2t5e1.wav,y,3371.0,1
0042,5,old_m2l5.wav,r,2588.0,1
0042,5,m3l5k2t5e3.wav,y,2324.0,1
0042,5,old_m1l5.wav,r,2194.0,1
0042,5,old_m1l5.wav,r,2338.0,1
0042,5,m1l5k1t3e1.wav,y,2086.0,1
0042,5,old_m3l5.wav,r,3287.0,1
0042,5,m2l5k1t3e1.wav,y,2003.0,1
0042,5,m2l5k2t3e1.wav,y,2135.0,1
0042,5,old_m2l5.wav,r,1847.0,1
0042,5,old_m3l5.wav,r,2824.0,1
0042,5,m2l5k2t5e1.wav,0,3700.0,1
0042,5,m2l5k2t3e2.wav,y,1999.0,1
0042,5,old_m2l5.wav,0,3700.0,1
0042,5,old_m2l5.wav,r,2223.0,1
0042,5,m1l5k2t3e2.wav,y,2007.0,1
0042,5,old_m2l5.wav,r,2152.0,1
0042,5,m3l5k2t3e3.wav,y,1981.0,1
0042,5,m1l5k1t5e2.wav,y,2784.0,1
0042,5,m1l5k2t3e3.wav,y,2211.0,1
0042,5,old_m3l5.wav,r,2728.0,1
0042,5,m2l5k1t3e3.wav,y,2364.0,1
0042,5,old_m3l5.wav,0,3700.0,1
0042,5,old_m3l5.wav,r,2690.0,1
0042,5,m3l5k1t5e1.wav,y,2214.0,1
0042,5,old_m1l5.wav,r,2324.0,1
0042,5,old_m1l5.wav,r,2119.0,1
0042,5,old_m2l5.wav,y,3195.0,1
0042,5,old_m3l5.wav,r,3305.0,1
0042,5,old_m3l5.wav,r,1948.0,1
0042,5,m1l5k1t3e2.wav,y,1846.0,1
0042,5,old_m1l5.wav,r,2995.0,1
0042,5,old_m3l5.wav,r,2284.0,1
0042,5,m2l5k1t3e2.wav,y,2054.0,1
0042,5,m2l5k1t5e3.wav,y,2146.0,1
0042,5,old_m1l5.wav,r,1952.0,1
0042,5,old_m1l5.wav,r,2073.0,1
0042,5,m1l5k2t5e1.wav,y,2432.0,1
0042,5,m3l5k1t5e2.wav,y,2724.0,1
0042,5,m3l5k1t3e3.wav,0,3700.0,1
0042,5,m3l5k1t5e3.wav,y,2253.0,1
0042,5,old_m3l5.wav,y,2789.0,1
0042,5,m1l5k1t3e3.wav,y,1890.0,1
0042,5,old_m1l5.wav,r,2000.0,1
0042,5,old_m1l5.wav,r,1785.0,1
0042,5,m2l5k2t5e2.wav,y,3346.0,1
0042,5,m2l5k1t5e2.wav,y,2383.0,1
0042,5,m1l5k2t5e3.wav,y,2107.0,1
0042,5,m3l5k1t3e1.wav,y,3001.0,1
0042,5,old_m1l5.wav,r,2042.0,1
0042,5,old_m2l5.wav,y,3268.0,1
0042,5,m2l5k2t5e3.wav,y,2264.0,1
0042,5,m1l5k2t5e2.wav,y,2184.0,1
0042,5,m2l5k1t5e1.wav,y,2234.0,1
0042,5,m3l5k2t3e1.wav,y,3694.0,1
0042,5,old_m3l5.wav,r,3031.0,1
0042,5,old_m3l5.wav,y,2715.0,1
0042,5,m3l5k2t5e2.wav,y,2153.0,1
0042,5,m1l5k1t5e3.wav,y,2074.0,1
0042,5,old_m2l5.wav,r,2747.0,1
0042,5,m1l5k1t5e1.wav,y,2098.0,1
0042,5,old_m2l5.wav,r,2175.0,1
0042,5,m3l5k1t3e2.wav,y,2665.0,1
0042,5,m3l5k2t3e2.wav,y,2259.0,1
0042,7,m3l7k1t7e1.wav,y,2821.0,1
0042,7,m3l7k2t7e1.wav,y,2928.0,1
0042,7,old_m3l7.wav,y,3280.0,1
0042,7,m3l7k1t5e3.wav,y,4395.0,1
0042,7,m3l7k1t5e2.wav,y,3017.0,1
0042,7,old_m2l7.wav,r,2721.0,1
0042,7,old_m1l7.wav,r,2579.0,1
0042,7,m3l7k2t5e3.wav,y,2698.0,1
0042,7,m1l7k1t7e2.wav,0,4500.0,1
0042,7,m2l7k2t7e2.wav,r,2599.0,1
0042,7,old_m3l7.wav,r,2487.0,1
0042,7,m1l7k1t5e3.wav,y,2604.0,1
0042,7,old_m3l7.wav,r,3121.0,1
0042,7,m3l7k2t5e2.wav,y,2647.0,1
0042,7,m2l7k2t7e3.wav,r,3271.0,1
0042,7,m3l7k2t7e2.wav,y,2862.0,1
0042,7,old_m3l7.wav,r,2641.0,1
0042,7,old_m1l7.wav,r,2691.0,1
0042,7,old_m2l7.wav,r,2799.0,1
0042,7,old_m2l7.wav,r,2553.0,1
0042,7,old_m2l7.wav,r,2840.0,1
0042,7,old_m2l7.wav,r,2481.0,1
0042,7,m3l7k1t7e3.wav,y,2695.0,1
0042,7,m1l7k2t7e2.wav,r,3173.0,1
0042,7,old_m2l7.wav,r,2666.0,1
0042,7,old_m1l7.wav,r,2709.0,1
0042,7,m1l7k1t7e1.wav,y,2826.0,1
0042,7,m2l7k1t7e3.wav,y,3537.0,1
0042,7,old_m1l7.wav,r,3003.0,1
0042,7,m1l7k1t7e3.wav,y,2770.0,1
0042,7,old_m3l7.wav,r,3406.0,1
0042,7,m2l7k1t5e1.wav,y,2650.0,1
0042,7,m2l7k1t5e2.wav,r,3317.0,1
0042,7,m2l7k1t7e2.wav,y,3107.0,1
0042,7,old_m2l7.wav,r,2629.0,1
0042,7,m2l7k1t5e3.wav,y,2492.0,1
0042,7,old_m1l7.wav,r,2730.0,1
0042,7,m1l7k1t5e2.wav,y,2481.0,1
0042,7,m3l7k2t7e3.wav,y,2877.0,1
0042,7,old_m1l7.wav,r,2673.0,1
0042,7,old_m3l7.wav,y,3789.0,1
0042,7,m2l7k2t5e1.wav,y,2649.0,1
0042,7,m2l7k2t7e1.wav,y,2823.0,1
0042,7,old_m2l7.wav,r,2570.0,1
0042,7,old_m2l7.wav,r,2686.0,1
0042,7,m1l7k2t5e1.wav,y,2523.0,1
0042,7,old_m2l7.wav,r,3748.0,1
0042,7,old_m3l7.wav,y,2779.0,1
0042,7,m1l7k2t7e3.wav,y,2748.0,1
0042,7,old_m1l7.wav,r,2673.0,1
0042,7,old_m3l7.wav,r,3253.0,1
0042,7,old_m1l7.wav,r,2644.0,1
0042,7,m2l7k1t7e1.wav,y,2747.0,1
0042,7,old_m2l7.wav,r,2638.0,1
0042,7,old_m2l7.wav,r,3027.0,1
0042,7,old_m3l7.wav,y,2848.0,1
0042,7,old_m3l7.wav,y,2706.0,1
0042,7,old_m3l7.wav,y,4310.0,1
0042,7,old_m1l7.wav,r,2457.0,1
0042,7,old_m3l7.wav,y,4426.0,1
0042,7,m1l7k2t7e1.wav,y,2748.0,1
0042,7,m1l7k2t5e3.wav,y,2614.0,1
0042,7,m2l7k2t5e2.wav,r,2816.0,1
0042,7,m3l7k1t5e1.wav,y,2649.0,1
0042,7,m1l7k2t5e2.wav,y,2626.0,1
0042,7,old_m1l7.wav,r,2699.0,1
0042,7,m2l7k2t5e3.wav,r,4296.0,1
0042,7,old_m1l7.wav,r,2681.0,1
0042,7,old_m1l7.wav,r,2744.0,1
0042,7,m1l7k1t5e1.wav,y,2736.0,1
0042,7,m3l7k1t7e2.wav,y,3312.0,1
0042,7,m3l7k2t5e1.wav,y,2821.0,1
0043,5,old_m3l5.wav,r,2846.0,1
0043,5,old_m1l5.wav,r,2030.0,1
0043,5,m1l5k1t5e3.wav,y,2137.0,1
0043,5,old_m2l5.wav,r,2382.0,1
0043,5,old_m1l5.wav,r,2013.0,1
0043,5,old_m1l5.wav,r,2154.0,1
0043,5,old_m3l5.wav,r,2139.0,1
0043,5,m1l5k2t5e2.wav,y,2364.0,1
0043,5,old_m1l5.wav,r,1944.0,1
0043,5,m2l5k2t3e2.wav,y,2394.0,1
0043,5,m1l5k1t3e2.wav,y,2194.0,1
0043,5,m1l5k1t5e1.wav,y,2436.0,1
0043,5,old_m3l5.wav,r,1996.0,1
0043,5,old_m2l5.wav,r,2045.0,1
0043,5,old_m1l5.wav,r,2419.0,1
0043,5,m3l5k2t3e2.wav,y,2010.0,1
0043,5,m3l5k2t5e3.wav,y,2175.0,1
0043,5,m3l5k1t5e3.wav,y,2479.0,1
0043,5,m3l5k1t3e3.wav,y,2651.0,1
0043,5,m1l5k2t3e2.wav,y,1906.0,1
0043,5,m3l5k2t3e1.wav,0,3700.0,1
0043,5,m2l5k2t3e3.wav,y,1955.0,1
0043,5,m1l5k1t3e3.wav,y,1893.0,1
0043,5,m3l5k2t5e2.wav,y,2246.0,1
0043,5,m1l5k1t3e1.wav,y,3534.0,1
0043,5,old_m2l5.wav,r,2027.0,1
0043,5,old_m3l5.wav,r,1973.0,1
0043,5,m2l5k2t5e1.wav,0,3700.0,1
0043,5,old_m3l5.wav,r,2005.0,1
0043,5,old_m1l5.wav,r,2023.0,1
0043,5,m2l5k1t5e3.wav,y,2450.0,1
0043,5,old_m1l5.wav,r,2294.0,1
0043,5,old_m2l5.wav,r,2154.0,1
0043,5,m1l5k2t3e3.wav,y,1871.0,1
0043,5,old_m3l5.wav,r,2012.0,1
0043,5,m2l5k1t3e1.wav,y,2126.0,1
0043,5,old_m2l5.wav,r,2800.0,1
0043,5,m1l5k2t5e1.wav,y,2162.0,1
0043,5,m3l5k2t3e3.wav,y,1999.0,1
0043,5,m3l5k2t5e1.wav,y,2847.0,1
0043,5,m1l5k2t3e1.wav,y,1989.0,1
0043,5,m2l5k2t5e3.wav,y,2125.0,1
0043,5,old_m3l5.wav,r,2059.0,1
0043,5,m2l5k2t3e1.wav,y,2044.0,1
0043,5,m1l5k1t5e2.wav,y,2088.0,1
0043,5,m3l5k1t5e1.wav,0,3700.0,1
0043,5,old_m2l5.wav,r,2074.0,1
0043,5,old_m3l5.wav,r,2094.0,1
0043,5,m2l5k1t5e2.wav,y,2437.0,1
0043,5,old_m2l5.wav,r,2130.0,1
0043,5,old_m1l5.wav,r,2124.0,1
0043,5,old_m2l5.wav,r,2333.0,1
0043,5,old_m2l5.wav,r,2503.0,1
0043,5,old_m3l5.wav,r,2412.0,1
0043,5,old_m2l5.wav,r,2208.0,1
0043,5,old_m1l5.wav,r,2018.0,1
0043,5,old_m3l5.wav,r,2200.0,1
0043,5,m2l5k1t3e3.wav,y,2063.0,1
0043,5,m3l5k1t3e2.wav,y,3338.0,1
0043,5,old_m1l5.wav,r,1983.0,1
0043,5,old_m1l5.wav,r,2028.0,1
0043,5,old_m2l5.wav,r,2079.0,1
0043,5,old_m1l5.wav,r,2194.0,1
0043,5,m3l5k1t5e2.wav,0,3700.0,1
0043,5,old_m3l5.wav,r,2028.0,1
0043,5,m2l5k2t5e2.wav,y,2292.0,1
0043,5,m1l5k2t5e3.wav,y,2222.0,1
0043,5,m2l5k1t5e1.wav,y,2472.0,1
0043,5,m2l5k1t3e2.wav,0,3700.0,1
0043,5,m3l5k1t3e1.wav,y,2324.0,1
0043,5,old_m2l5.wav,r,2297.0,1
0043,5,old_m3l5.wav,r,2601.0,1
0043,7,old_m1l7.wav,0,4500.0,1
0043,7,m3l7k2t7e2.wav,y,3040.0,1
0043,7,m2l7k2t7e2.wav,y,2802.0,1
0043,7,old_m2l7.wav,r,2867.0,1
0043,7,old_m3l7.wav,r,2481.0,1
0043,7,old_m2l7.wav,r,2598.0,1
0043,7,m2l7k2t5e3.wav,0,4500.0,1
0043,7,m3l7k2t7e3.wav,0,4500.0,1
0043,7,old_m1l7.wav,0,4500.0,1
0043,7,m2l7k2t5e1.wav,r,3228.0,1
0043,7,old_m1l7.wav,r,2699.0,1
0043,7,m2l7k1t5e1.wav,0,4500.0,1
0043,7,old_m1l7.wav,r,2837.0,1
0043,7,old_m3l7.wav,r,2508.0,1
0043,7,m3l7k1t7e2.wav,y,2859.0,1
0043,7,old_m3l7.wav,0,4500.0,1
0043,7,m3l7k1t5e1.wav,0,4500.0,1
0043,7,old_m3l7.wav,r,2639.0,1
0043,7,old_m1l7.wav,r,2569.0,1
0043,7,old_m2l7.wav,r,2723.0,1
0043,7,old_m2l7.wav,r,2657.0,1
0043,7,m1l7k1t7e3.wav,y,2901.0,1
0043,7,old_m2l7.wav,r,2823.0,1
0043,7,old_m2l7.wav,r,2861.0,1
0043,7,old_m3l7.wav,y,4420.0,1
0043,7,old_m1l7.wav,r,3225.0,1
0043,7,old_m3l7.wav,y,2648.0,1
0043,7,old_m2l7.wav,r,2563.0,1
0043,7,m1l7k2t7e1.wav,y,2875.0,1
0043,7,old_m3l7.wav,r,3311.0,1
0043,7,m2l7k2t7e3.wav,y,2972.0,1
0043,7,old_m1l7.wav,r,3209.0,1
0043,7,m2l7k1t7e1.wav,y,3020.0,1
0043,7,m2l7k1t5e3.wav,y,2837.0,1
0043,7,old_m1l7.wav,r,2693.0,1
0043,7,old_m2l7.wav,r,3100.0,1
0043,7,m1l7k1t5e1.wav,y,2667.0,1
0043,7,m2l7k1t5e2.wav,y,2623.0,1
0043,7,old_m1l7.wav,r,2542.0,1
0043,7,m2l7k2t5e2.wav,y,2667.0,1
0043,7,m1l7k2t7e2.wav,y,3283.0,1
0043,7,old_m1l7.wav,r,2803.0,1
0043,7,m1l7k1t5e3.wav,y,3178.0,1
0043,7,m3l7k1t7e1.wav,y,2841.0,1
0043,7,m1l7k2t5e3.wav,y,2966.0,1
0043,7,m3l7k2t5e3.wav,y,2653.0,1
0043,7,old_m3l7.wav,0,4500.0,1
0043,7,m3l7k2t5e2.wav,y,2647.0,1
0043,7,m1l7k2t5e1.wav,y,2211.0,1
0043,7,old_m3l7.wav,r,2617.0,1
0043,7,m2l7k2t7e1.wav,0,4500.0,1
0043,7,old_m3l7.wav,r,2855.0,1
0043,7,old_m3l7.wav,r,2821.0,1
0043,7,m1l7k2t5e2.wav,y,2838.0,1
0043,7,m1l7k2t7e3.wav,y,2994.0,1
0043,7,m3l7k2t5e1.wav,y,2742.0,1
0043,7,old_m2l7.wav,r,3408.0,1
0043,7,m1l7k1t7e1.wav,y,3044.0,1
0043,7,m3l7k1t5e2.wav,y,2745.0,1
0043,7,old_m3l7.wav,r,3182.0,1
0043,7,old_m1l7.wav,r,2799.0,1
0043,7,old_m1l7.wav,r,2774.0,1
0043,7,old_m2l7.wav,r,3113.0,1
0043,7,old_m2l7.wav,r,2834.0,1
0043,7,m3l7k2t7e1.wav,y,4226.0,1
0043,7,m1l7k1t5e2.wav,y,2605.0,1
0043,7,m1l7k1t7e2.wav,y,2894.0,1
0043,7,m2l7k1t7e2.wav,y,2900.0,1
0043,7,old_m2l7.wav,r,3458.0,1
0043,7,m2l7k1t7e3.wav,y,2801.0,1
0043,7,m3l7k1t7e3.wav,0,4500.0,1
0043,7,m3l7k1t5e3.wav,y,2843.0,1
0044,3,old_m3l3.wav,r,1473.0,1
0044,3,old_m1l3.wav,r,1348.0,1
0044,3,m3l3k2t3e3.wav,y,1358.0,1
0044,3,old_m1l3.wav,r,1302.0,1
0044,3,old_m3l3.wav,r,1357.0,1
0044,3,old_m2l3.wav,r,1278.0,1
0044,3,m3l3k2t3e1.wav,y,1560.0,1
0044,3,m1l3k1t2e2.wav,y,1265.0,1
0044,3,old_m1l3.wav,r,1256.0,1
0044,3,old_m3l3.wav,r,2012.0,1
0044,3,old_m1l3.wav,r,1244.0,1
0044,3,m2l3k1t3e2.wav,y,1559.0,1
0044,3,m3l3k1t3e2.wav,y,1648.0,1
0044,3,m1l3k1t2e3.wav,r,1436.0,1
0044,3,m2l3k2t2e3.wav,y,1409.0,1
0044,3,old_m2l3.wav,y,2007.0,1
0044,3,old_m3l3.wav,r,1331.0,1
0044,3,m2l3k1t3e1.wav,r,1832.0,1
0044,3,m1l3k2t2e2.wav,y,1247.0,1
0044,3,m1l3k1t3e3.wav,y,1391.0,1
0044,3,old_m3l3.wav,r,1268.0,1
0044,3,m3l3k1t2e3.wav,y,1379.0,1
0044,3,old_m3l3.wav,r,1259.0,1
0044,3,m3l3k1t3e1.wav,r,1966.0,1
0044,3,m2l3k1t3e3.wav,y,1379.0,1
0044,3,m3l3k1t3e3.wav,y,1405.0,1
0044,3,old_m2l3.wav,r,1954.0,1
0044,3,old_m2l3.wav,r,1641.0,1
0044,3,old_m1l3.wav,r,1598.0,1
0044,3,m1l3k2t3e2.wav,y,1518.0,1
0044,3,m2l3k2t3e1.wav,y,1909.0,1
0044,3,old_m2l3.wav,r,1379.0,1
0044,3,m2l3k2t2e1.wav,y,1573.0,1
0044,3,m1l3k1t2e1.wav,y,1329.0,1
0044,3,m3l3k2t2e3.wav,y,2101.0,1
0044,3,old_m1l3.wav,r,1293.0,1
0044,3,old_m1l3.wav,r,1364.0,1
0044,3,old_m1l3.wav,r,2284.0,1
0044,3,m1l3k1t3e1.wav,y,2944.0,1
0044,3,m1l3k2t2e3.wav,y,1215.0,1
0044,3,m1l3k2t2e1.wav,y,1230.0,1
0044,3,old_m3l3.wav,r,1564.0,1
0044,3,m3l3k1t2e1.wav,y,1653.0,1
0044,3,old_m3l3.wav,r,1555.0,1
0044,3,m1l3k1t3e2.wav,y,1781.0,1
0044,3,old_m2l3.wav,r,1377.0,1
0044,3,old_m3l3.wav,r,1582.0,1
0044,3,m1l3k2t3e3.wav,y,1361.0,1
0044,3,m2l3k1t2e3.wav,y,1247.0,1
0044,3,m3l3k1t2e2.wav,y,1117.0,1
0044,3,old_m3l3.wav,y,1309.0,1
0044,3,m1l3k2t3e1.wav,y,1376.0,1
0044,3,m2l3k1t2e1.wav,y,1241.0,1
0044,3,old_m2l3.wav,0,3000.0,1
0044,3,old_m2l3.wav,r,1226.0,1
0044,3,old_m3l3.wav,r,2897.0,1
0044,3,m2l3k2t3e3.wav,y,1375.0,1
0044,3,old_m3l3.wav,r,1792.0,1
0044,3,m2l3k1t2e2.wav,y,2463.0,1
0044,3,m2l3k2t3e2.wav,y,1542.0,1
0044,3,old_m1l3.wav,r,1963.0,1
0044,3,m3l3k2t3e2.wav,y,1340.0,1
0044,3,m3l3k2t2e2.wav,y,1220.0,1
0044,3,old_m2l3.wav,r,2356.0,1
0044,3,old_m2l3.wav,r,2907.0,1
0044,3,old_m1l3.wav,r,2068.0,1
0044,3,m3l3k2t2e1.wav,y,1285.0,1
0044,3,old_m1l3.wav,r,2631.0,1
0044,3,old_m1l3.wav,r,2335.0,1
0044,3,old_m2l3.wav,r,1592.0,1
0044,3,m2l3k2t2e2.wav,y,1401.0,1
0044,3,old_m2l3.wav,r,1660.0,1
0044,5,old_m3l5.wav,0,3700.0,1
0044,5,m1l5k1t3e1.wav,0,3700.0,1
0044,5,m3l5k1t5e2.wav,0,3700.0,1
0044,5,old_m3l5.wav,r,2781.0,1
0044,5,m3l5k2t5e3.wav,y,2543.0,1
0044,5,m3l5k2t5e2.wav,y,2417.0,1
0044,5,old_m2l5.wav,r,2302.0,1
0044,5,m3l5k1t3e1.wav,y,2474.0,1
0044,5,m1l5k2t5e3.wav,y,2286.0,1
0044,5,m2l5k1t5e3.wav,y,2906.0,1
0044,5,m3l5k2t3e2.wav,y,2246.0,1
0044,5,m2l5k2t3e3.wav,y,2166.0,1
0044,5,m3l5k2t3e3.wav,y,2110.0,1
0044,5,old_m3l5.wav,r,2162.0,1
0044,5,m1l5k1t5e3.wav,y,2127.0,1
0044,5,m1l5k2t3e1.wav,y,2073.0,1
0044,5,m2l5k1t5e2.wav,y,2118.0,1
0044,5,old_m2l5.wav,r,2142.0,1
0044,5,old_m2l5.wav,r,3374.0,1
0044,5,old_m3l5.wav,r,2468.0,1
0044,5,old_m1l5.wav,r,2048.0,1
0044,5,m1l5k1t3e2.wav,y,1845.0,1
0044,5,old_m1l5.wav,r,1909.0,1
0044,5,m2l5k1t5e1.wav,y,2164.0,1
0044,5,old_m2l5.wav,y,2867.0,1
0044,5,m2l5k2t5e2.wav,y,2263.0,1
0044,5,m1l5k2t5e2.wav,y,3090.0,1
0044,5,old_m1l5.wav,r,2126.0,1
0044,5,m2l5k2t5e1.wav,0,3700.0,1
0044,5,m1l5k2t3e3.wav,y,2307.0,1
0044,5,m3l5k1t5e3.wav,y,2181.0,1
0044,5,old_m3l5.wav,r,2124.0,1
0044,5,m2l5k1t3e2.wav,y,2017.0,1
0044,5,old_m1l5.wav,r,1966.0,1
0044,5,m2l5k2t5e3.wav,y,2022.0,1
0044,5,old_m2l5.wav,r,2547.0,1
0044,5,old_m2l5.wav,r,3114.0,1
0044,5,old_m2l5.wav,0,3700.0,1
0044,5,old_m3l5.wav,r,2245.0,1
0044,5,m1l5k1t5e2.wav,y,2725.0,1
0044,5,old_m1l5.wav,r,2647.0,1
0044,5,old_m3l5.wav,r,2149.0,1
0044,5,old_m3l5.wav,r,2397.0,1
0044,5,old_m1l5.wav,r,2136.0,1
0044,5,old_m3l5.wav,r,2032.0,1
0044,5,m1l5k2t3e2.wav,y,2177.0,1
0044,5,old_m2l5.wav,r,2612.0,1
0044,5,m1l5k1t5e1.wav,y,2269.0,1
0044,5,old_m3l5.wav,r,2086.0,1
0044,5,m3l5k2t3e1.wav,y,2528.0,1
0044,5,old_m1l5.wav,r,2800.0,1
0044,5,old_m3l5.wav,r,2201.0,1
0044,5,old_m2l5.wav,y,3032.0,1
0044,5,old_m3l5.wav,r,2023.0,1
0044,5,m1l5k1t3e3.wav,y,1801.0,1
0044,5,old_m2l5.wav,y,2118.0,1
0044,5,old_m1l5.wav,r,2009.0,1
0044,5,m3l5k1t3e2.wav,y,1795.0,1
0044,5,m3l5k2t5e1.wav,y,2094.0,1
0044,5,old_m1l5.wav,r,1882.0,1
0044,5,old_m2l5.wav,y,3646.0,1
0044,5,m2l5k1t3e3.wav,y,2120.0,1
0044,5,m2l5k2t3e1.wav,y,2188.0,1
0044,5,old_m2l5.wav,y,2991.0,1
0044,5,old_m1l5.wav,r,2021.0,1
0044,5,m2l5k2t3e2.wav,y,2132.0,1
0044,5,m1l5k2t5e1.wav,y,2129.0,1
0044,5,old_m1l5.wav,r,1943.0,1
0044,5,m3l5k1t5e1.wav,y,2189.0,1
0044,5,m2l5k1t3e1.wav,y,2540.0,1
0044,5,m3l5k1t3e3.wav,y,1665.0,1
0044,5,old_m1l5.wav,r,1970.0,1
0044,7,old_m3l7.wav,r,2947.0,1
0044,7,old_m2l7.wav,r,2810.0,1
0044,7,old_m3l7.wav,r,3095.0,1
0044,7,m2l7k2t5e2.wav,y,3223.0,1
0044,7,old_m2l7.wav,r,4103.0,1
0044,7,old_m2l7.wav,r,3464.0,1
0044,7,m3l7k2t7e2.wav,y,3004.0,1
0044,7,m1l7k2t7e1.wav,y,2738.0,1
0044,7,m1l7k1t5e3.wav,y,2273.0,1
0044,7,m2l7k1t5e2.wav,y,2476.0,1
0044,7,m3l7k2t7e1.wav,y,2859.0,1
0044,7,m2l7k1t7e1.wav,y,2771.0,1
0044,7,old_m1l7.wav,r,2720.0,1
0044,7,old_m2l7.wav,r,2680.0,1
0044,7,m1l7k2t5e2.wav,y,2441.0,1
0044,7,old_m1l7.wav,r,2594.0,1
0044,7,old_m3l7.wav,r,2740.0,1
0044,7,m2l7k2t7e2.wav,y,2873.0,1
0044,7,m2l7k1t7e2.wav,y,2791.0,1
0044,7,m1l7k1t5e2.wav,y,2331.0,1
0044,7,old_m1l7.wav,r,2588.0,1
0044,7,m1l7k2t7e2.wav,y,2605.0,1
0044,7,old_m3l7.wav,r,2679.0,1
0044,7,m3l7k1t7e2.wav,y,2822.0,1
0044,7,old_m1l7.wav,r,2590.0,1
0044,7,old_m2l7.wav,r,2757.0,1
0044,7,old_m1l7.wav,r,2836.0,1
0044,7,m1l7k2t5e3.wav,y,2307.0,1
0044,7,m3l7k1t7e1.wav,y,2741.0,1
0044,7,m1l7k1t7e1.wav,y,2717.0,1
0044,7,m3l7k2t5e2.wav,y,2301.0,1
0044,7,m2l7k1t5e3.wav,y,2734.0,1
0044,7,old_m1l7.wav,r,2567.0,1
0044,7,m1l7k1t7e3.wav,y,2723.0,1
0044,7,m2l7k1t5e1.wav,y,2694.0,1
0044,7,old_m1l7.wav,r,2594.0,1
0044,7,old_m1l7.wav,r,2712.0,1
0044,7,old_m3l7.wav,r,4133.0,1
0044,7,m2l7k1t7e3.wav,y,2782.0,1
0044,7,old_m1l7.wav,r,2593.0,1
0044,7,old_m3l7.wav,r,2641.0,1
0044,7,old_m3l7.wav,r,2587.0,1
0044,7,old_m2l7.wav,r,2868.0,1
0044,7,old_m3l7.wav,r,3251.0,1
0044,7,m2l7k2t5e3.wav,y,2705.0,1
0044,7,m3l7k2t5e3.wav,y,2579.0,1
0044,7,old_m2l7.wav,r,2838.0,1
0044,7,m1l7k2t7e3.wav,y,2832.0,1
0044,7,m1l7k2t5e1.wav,y,2428.0,1
0044,7,m3l7k1t7e3.wav,y,3132.0,1
0044,7,old_m2l7.wav,r,2713.0,1
0044,7,old_m2l7.wav,r,2715.0,1
0044,7,old_m3l7.wav,0,4500.0,1
0044,7,old_m1l7.wav,r,2588.0,1
0044,7,m3l7k2t7e3.wav,y,2797.0,1
0044,7,m1l7k1t5e1.wav,y,2634.0,1
0044,7,m2l7k2t7e3.wav,y,2839.0,1
0044,7,m3l7k2t5e1.wav,y,2416.0,1
0044,7,old_m2l7.wav,r,3643.0,1
0044,7,m1l7k1t7e2.wav,y,2804.0,1
0044,7,old_m1l7.wav,r,2672.0,1
0044,7,m3l7k1t5e1.wav,y,2586.0,1
0044,7,old_m3l7.wav,r,3058.0,1
0044,7,m3l7k1t5e2.wav,y,2708.0,1
0044,7,old_m2l7.wav,r,2800.0,1
0044,7,old_m2l7.wav,r,2688.0,1
0044,7,old_m3l7.wav,y,2947.0,1
0044,7,m2l7k2t5e1.wav,0,4500.0,1
0044,7,m2l7k2t7e1.wav,y,2999.0,1
0044,7,old_m1l7.wav,r,2770.0,1
0044,7,old_m3l7.wav,0,4500.0,1
0044,7,m3l7k1t5e3.wav,y,2533.0,1
0045,3,m1l3k1t2e1.wav,0,3000.0,1
0045,3,m3l3k1t3e2.wav,y,2486.0,1
0045,3,old_m1l3.wav,r,2490.0,1
0045,3,m3l3k2t3e1.wav,y,2374.0,1
0045,3,old_m3l3.wav,y,2036.0,1
0045,3,old_m1l3.wav,r,1349.0,1
0045,3,old_m2l3.wav,r,1350.0,1
0045,3,old_m2l3.wav,r,1405.0,1
0045,3,m3l3k1t2e3.wav,y,1567.0,1
0045,3,old_m1l3.wav,r,1257.0,1
0045,3,old_m3l3.wav,r,2387.0,1
0045,3,old_m1l3.wav,r,1332.0,1
0045,3,old_m3l3.wav,y,2083.0,1
0045,3,old_m1l3.wav,r,1737.0,1
0045,3,old_m3l3.wav,r,2347.0,1
0045,3,m2l3k2t3e2.wav,y,2139.0,1
0045,3,old_m2l3.wav,r,1465.0,1
0045,3,m1l3k1t3e1.wav,y,1680.0,1
0045,3,old_m1l3.wav,r,2326.0,1
0045,3,old_m3l3.wav,y,2323.0,1
0045,3,m3l3k2t2e2.wav,y,1882.0,1
0045,3,old_m2l3.wav,0,3000.0,1
0045,3,m1l3k2t2e1.wav,r,100.0,1
0045,3,m1l3k1t3e3.wav,y,1566.0,1
0045,3,old_m3l3.wav,0,3000.0,1
0045,3,old_m3l3.wav,r,2022.0,1
0045,3,m3l3k1t2e1.wav,y,1934.0,1
0045,3,old_m2l3.wav,r,2318.0,1
0045,3,m2l3k1t2e2.wav,y,1677.0,1
0045,3,old_m1l3.wav,0,3000.0,1
0045,3,m2l3k2t2e1.wav,y,1765.0,1
0045,3,old_m3l3.wav,r,1717.0,1
0045,3,old_m3l3.wav,0,3000.0,1
0045,3,old_m2l3.wav,r,101.0,1
0045,3,m3l3k2t2e3.wav,0,3000.0,1
0045,3,m1l3k1t2e2.wav,y,1796.0,1
0045,3,m2l3k2t2e3.wav,0,3000.0,1
0045,3,old_m3l3.wav,0,3000.0,1
0045,3,old_m1l3.wav,0,3000.0,1
0045,3,m1l3k2t2e3.wav,0,3000.0,1
0045,3,old_m2l3.wav,r,1683.0,1
0045,3,old_m3l3.wav,r,1654.0,1
0045,3,m3l3k1t3e1.wav,0,3000.0,1
0045,3,old_m2l3.wav,r,538.0,1
0045,3,m1l3k2t3e1.wav,0,3000.0,1
0045,3,m3l3k1t3e3.wav,r,2641.0,1
0045,3,old_m1l3.wav,0,3000.0,1
0045,3,old_m2l3.wav,r,2879.0,1
0045,3,m1l3k1t2e3.wav,0,3000.0,1
0045,3,old_m2l3.wav,0,3000.0,1
0045,3,m1l3k2t3e2.wav,0,3000.0,1
0045,3,old_m3l3.wav,y,2931.0,1
0045,3,old_m1l3.wav,r,1838.0,1
0045,3,m3l3k2t2e1.wav,0,3000.0,1
0045,3,m3l3k1t2e2.wav,y,2941.0,1
0045,3,m2l3k2t3e1.wav,0,3000.0,1
0045,3,m2l3k1t3e3.wav,r,756.0,1
0045,3,old_m1l3.wav,0,3000.0,1
0045,3,m2l3k1t2e3.wav,0,3000.0,1
0045,3,old_m2l3.wav,0,3000.0,1
0045,3,m1l3k2t3e3.wav,0,3000.0,1
0045,3,m2l3k1t3e2.wav,y,2192.0,1
0045,3,m2l3k1t3e1.wav,0,3000.0,1
0045,3,old_m1l3.wav,0,3000.0,1
0045,3,m1l3k1t3e2.wav,0,3000.0,1
0045,3,old_m2l3.wav,0,3000.0,1
0045,3,m3l3k2t3e3.wav,0,3000.0,1
0045,3,m2l3k2t3e3.wav,0,3000.0,1
0045,3,m2l3k2t2e2.wav,0,3000.0,1
0045,3,m3l3k2t3e2.wav,0,3000.0,1
0045,3,m1l3k2t2e2.wav,0,3000.0,1
0045,3,m2l3k1t2e1.wav,0,3000.0,1
0045,5,old_m2l5.wav,r,3630.0,1
0045,5,m2l5k1t3e1.wav,y,2072.0,1
0045,5,m2l5k2t5e3.wav,y,3282.0,1
0045,5,m1l5k2t3e1.wav,0,3700.0,1
0045,5,m3l5k1t5e1.wav,y,3031.0,1
0045,5,m3l5k2t3e3.wav,y,2241.0,1
0045,5,old_m3l5.wav,r,2418.0,1
0045,5,m2l5k1t5e2.wav,y,3203.0,1
0045,5,old_m1l5.wav,r,2313.0,1
0045,5,old_m1l5.wav,r,2036.0,1
0045,5,m1l5k2t5e1.wav,y,3041.0,1
0045,5,m1l5k1t5e2.wav,y,2747.0,1
0045,5,m2l5k2t5e1.wav,y,2681.0,1
0045,5,old_m3l5.wav,r,2614.0,1
0045,5,old_m1l5.wav,r,2650.0,1
0045,5,m1l5k1t5e3.wav,y,3178.0,1
0045,5,m3l5k2t5e1.wav,y,2784.0,1
0045,5,old_m1l5.wav,r,2791.0,1
0045,5,m2l5k2t3e1.wav,y,2442.0,1
0045,5,old_m1l5.wav,r,2212.0,1
0045,5,old_m1l5.wav,r,2271.0,1
0045,5,m1l5k2t3e3.wav,y,2113.0,1
0045,5,old_m2l5.wav,0,3700.0,1
0045,5,m1l5k1t3e2.wav,y,2034.0,1
0045,5,old_m1l5.wav,r,1859.0,1
0045,5,m2l5k2t3e3.wav,y,2001.0,1
0045,5,old_m2l5.wav,r,2581.0,1
0045,5,old_m1l5.wav,r,1882.0,1
0045,5,m3l5k1t3e1.wav,y,3584.0,1
0045,5,old_m3l5.wav,r,2513.0,1
0045,5,m3l5k2t5e3.wav,y,2763.0,1
0045,5,m3l5k1t5e2.wav,y,3528.0,1
0045,5,old_m2l5.wav,r,2600.0,1
0045,5,m2l5k2t3e2.wav,y,2611.0,1
0045,5,m2l5k2t5e2.wav,0,3700.0,1
0045,5,old_m2l5.wav,r,2492.0,1
0045,5,m3l5k1t5e3.wav,y,2641.0,1
0045,5,m1l5k2t5e3.wav,y,2835.0,1
0045,5,old_m2l5.wav,0,3700.0,1
0045,5,old_m1l5.wav,r,1954.0,1
0045,5,old_m2l5.wav,y,3699.0,1
0045,5,old_m3l5.wav,r,3283.0,1
0045,5,old_m3l5.wav,r,3605.0,1
0045,5,old_m2l5.wav,y,2848.0,1
0045,5,m2l5k1t5e3.wav,y,2576.0,1
0045,5,old_m1l5.wav,r,2006.0,1
0045,5,old_m2l5.wav,y,3046.0,1
0045,5,m2l5k1t3e3.wav,0,3700.0,1
0045,5,old_m3l5.wav,0,3700.0,1
0045,5,m1l5k2t5e2.wav,0,3700.0,1
0045,5,m2l5k1t3e2.wav,0,3700.0,1
0045,5,old_m1l5.wav,r,2020.0,1
0045,5,m3l5k2t5e2.wav,y,2429.0,1
0045,5,old_m3l5.wav,r,3135.0,1
0045,5,m2l5k1t5e1.wav,0,3700.0,1
0045,5,m3l5k2t3e2.wav,y,2054.0,1
0045,5,old_m2l5.wav,r,2769.0,1
0045,5,old_m3l5.wav,r,2116.0,1
0045,5,m1l5k1t3e1.wav,r,2616.0,1
0045,5,old_m2l5.wav,r,2549.0,1
0045,5,old_m3l5.wav,r,3070.0,1
0045,5,m1l5k1t5e1.wav,0,3700.0,1
0045,5,old_m3l5.wav,0,3700.0,1
0045,5,m3l5k2t3e1.wav,r,3537.0,1
0045,5,old_m3l5.wav,r,3341.0,1
0045,5,old_m2l5.wav,0,3700.0,1
0045,5,m3l5k1t3e2.wav,y,3580.0,1
0045,5,m3l5k1t3e3.wav,y,3244.0,1
0045,5,old_m1l5.wav,r,3132.0,1
0045,5,m1l5k2t3e2.wav,0,3700.0,1
0045,5,old_m3l5.wav,r,129.0,1
0045,5,m1l5k1t3e3.wav,y,2036.0,1
0045,7,m1l7k1t5e1.wav,y,2957.0,1
0045,7,old_m3l7.wav,r,3607.0,1
0045,7,old_m2l7.wav,r,2753.0,1
0045,7,old_m3l7.wav,r,2767.0,1
0045,7,old_m1l7.wav,r,2796.0,1
0045,7,old_m2l7.wav,r,2732.0,1
0045,7,m2l7k2t7e3.wav,y,3062.0,1
0045,7,m1l7k1t7e2.wav,y,3210.0,1
0045,7,m2l7k1t7e1.wav,0,4500.0,1
0045,7,m2l7k1t5e2.wav,y,2832.0,1
0045,7,m3l7k1t7e1.wav,y,3042.0,1
0045,7,m3l7k1t5e3.wav,y,3115.0,1
0045,7,old_m2l7.wav,0,4500.0,1
0045,7,old_m1l7.wav,r,2779.0,1
0045,7,old_m1l7.wav,r,2731.0,1
0045,7,m1l7k1t7e1.wav,y,3381.0,1
0045,7,m1l7k2t7e3.wav,y,3385.0,1
0045,7,old_m2l7.wav,r,3719.0,1
0045,7,m2l7k2t7e2.wav,y,3398.0,1
0045,7,old_m3l7.wav,r,3233.0,1
0045,7,m1l7k1t5e3.wav,y,2898.0,1
0045,7,old_m3l7.wav,r,4226.0,1
0045,7,m2l7k2t5e3.wav,0,4500.0,1
0045,7,m2l7k1t7e2.wav,y,3398.0,1
0045,7,m1l7k1t7e3.wav,r,2376.0,1
0045,7,m3l7k2t7e2.wav,y,3124.0,1
0045,7,old_m2l7.wav,r,3785.0,1
0045,7,m3l7k1t7e3.wav,y,3289.0,1
0045,7,m3l7k2t7e3.wav,y,3115.0,1
0045,7,old_m2l7.wav,0,4500.0,1
0045,7,old_m2l7.wav,r,3638.0,1
0045,7,old_m1l7.wav,y,3898.0,1
0045,7,m3l7k1t5e2.wav,0,4500.0,1
0045,7,m1l7k2t5e2.wav,y,2604.0,1
0045,7,m1l7k1t5e2.wav,0,4500.0,1
0045,7,old_m3l7.wav,r,2948.0,1
0045,7,m2l7k2t5e1.wav,0,4500.0,1
0045,7,m1l7k2t5e1.wav,0,4500.0,1
0045,7,old_m2l7.wav,r,3726.0,1
0045,7,old_m3l7.wav,r,3814.0,1
0045,7,old_m3l7.wav,0,4500.0,1
0045,7,m3l7k2t5e2.wav,y,2925.0,1
0045,7,old_m2l7.wav,0,4500.0,1
0045,7,m3l7k2t5e3.wav,y,2898.0,1
0045,7,old_m1l7.wav,r,3360.0,1
0045,7,m3l7k2t5e1.wav,0,4500.0,1
0045,7,old_m3l7.wav,r,3688.0,1
0045,7,old_m2l7.wav,0,4500.0,1
0045,7,old_m1l7.wav,r,2860.0,1
0045,7,old_m3l7.wav,0,4500.0,1
0045,7,m2l7k1t5e1.wav,0,4500.0,1
0045,7,m1l7k2t5e3.wav,0,4500.0,1
0045,7,m3l7k1t5e1.wav,0,4500.0,1
0045,7,m1l7k2t7e2.wav,r,1435.0,1
0045,7,old_m3l7.wav,r,3643.0,1
0045,7,m3l7k1t7e2.wav,0,4500.0,1
0045,7,old_m1l7.wav,r,3826.0,1
0045,7,old_m1l7.wav,0,4500.0,1
0045,7,m2l7k2t7e1.wav,0,4500.0,1
0045,7,m2l7k2t5e2.wav,0,4500.0,1
0045,7,old_m1l7.wav,0,4500.0,1
0045,7,old_m1l7.wav,r,3498.0,1
0045,7,old_m3l7.wav,0,4500.0,1
0045,7,old_m3l7.wav,0,4500.0,1
0045,7,old_m1l7.wav,0,4500.0,1
0045,7,m2l7k1t5e3.wav,0,4500.0,1
0045,7,m2l7k1t7e3.wav,0,4500.0,1
0045,7,m1l7k2t7e1.wav,0,4500.0,1
0045,7,m3l7k2t7e1.wav,0,4500.0,1
0045,7,old_m2l7.wav,0,4500.0,1
0045,7,old_m2l7.wav,0,4500.0,1
0045,7,old_m1l7.wav,0,4500.0,1
0046,3,old_m2l3.wav,0,3000.0,1
0046,3,old_m2l3.wav,0,3000.0,1
0046,3,old_m3l3.wav,r,2327.0,1
0046,3,m2l3k1t3e3.wav,y,1555.0,1
0046,3,m2l3k2t2e3.wav,y,1439.0,1
0046,3,m3l3k2t2e1.wav,y,1498.0,1
0046,3,m1l3k2t3e1.wav,0,3000.0,1
0046,3,old_m3l3.wav,0,3000.0,1
0046,3,old_m3l3.wav,r,2996.0,1
0046,3,m3l3k2t2e2.wav,y,1325.0,1
0046,3,old_m3l3.wav,0,3000.0,1
0046,3,old_m3l3.wav,0,3000.0,1
0046,3,old_m3l3.wav,0,3000.0,1
0046,3,old_m2l3.wav,r,2609.0,1
0046,3,old_m1l3.wav,0,3000.0,1
0046,3,m1l3k2t2e3.wav,y,1584.0,1
0046,3,old_m1l3.wav,0,3000.0,1
0046,3,m1l3k2t2e2.wav,y,1211.0,1
0046,3,m1l3k2t3e3.wav,y,1392.0,1
0046,3,old_m3l3.wav,r,2256.0,1
0046,3,m1l3k2t2e1.wav,y,1247.0,1
0046,3,old_m2l3.wav,r,1218.0,1
0046,3,old_m1l3.wav,0,3000.0,1
0046,3,m1l3k1t2e1.wav,y,1070.0,1
0046,3,old_m3l3.wav,0,3000.0,1
0046,3,old_m2l3.wav,r,2418.0,1
0046,3,m2l3k1t2e2.wav,y,1029.0,1
0046,3,m2l3k1t2e3.wav,y,1406.0,1
0046,3,m3l3k2t3e1.wav,y,1355.0,1
0046,3,m3l3k2t3e2.wav,y,1326.0,1
0046,3,old_m1l3.wav,r,1219.0,1
0046,3,old_m2l3.wav,r,1301.0,1
0046,3,m1l3k1t2e3.wav,y,2299.0,1
0046,3,old_m1l3.wav,r,2182.0,1
0046,3,old_m2l3.wav,r,985.0,1
0046,3,m2l3k2t3e1.wav,y,1326.0,1
0046,3,old_m1l3.wav,r,1729.0,1
0046,3,old_m2l3.wav,r,1077.0,1
0046,3,old_m1l3.wav,r,1013.0,1
0046,3,old_m2l3.wav,r,923.0,1
0046,3,m3l3k1t3e2.wav,y,1285.0,1
0046,3,m3l3k1t3e3.wav,y,1232.0,1
0046,3,m3l3k1t3e1.wav,0,3000.0,1
0046,3,m1l3k1t2e2.wav,y,1546.0,1
0046,3,m2l3k2t2e1.wav,y,1272.0,1
0046,3,old_m1l3.wav,r,1069.0,1
0046,3,m1l3k1t3e3.wav,y,1506.0,1
0046,3,old_m1l3.wav,r,2324.0,1
0046,3,m2l3k1t3e1.wav,y,1918.0,1
0046,3,m3l3k2t3e3.wav,y,1342.0,1
0046,3,m2l3k2t2e2.wav,y,1151.0,1
0046,3,old_m3l3.wav,y,2011.0,1
0046,3,m2l3k1t2e1.wav,y,1167.0,1
0046,3,m1l3k1t3e2.wav,y,1273.0,1
0046,3,m3l3k1t2e1.wav,y,1638.0,1
0046,3,m3l3k1t2e3.wav,y,1227.0,1
0046,3,old_m2l3.wav,r,2217.0,1
0046,3,m1l3k2t3e2.wav,y,1238.0,1
0046,3,old_m3l3.wav,r,1882.0,1
0046,3,m2l3k1t3e2.wav,y,1284.0,1
0046,3,old_m2l3.wav,r,1552.0,1
0046,3,m3l3k1t2e2.wav,y,1130.0,1
0046,3,old_m2l3.wav,r,1096.0,1
0046,3,m2l3k2t3e3.wav,y,1404.0,1
0046,3,m2l3k2t3e2.wav,y,1205.0,1
0046,3,old_m1l3.wav,r,2105.0,1
0046,3,m1l3k1t3e1.wav,y,1410.0,1
0046,3,m3l3k2t2e3.wav,r,2393.0,1
0046,3,old_m1l3.wav,0,3000.0,1
0046,3,old_m3l3.wav,r,2295.0,1
0046,3,old_m1l3.wav,0,3000.0,1
0046,3,old_m3l3.wav,r,1681.0,1
0046,5,m3l5k2t5e2.wav,y,2556.0,1
0046,5,old_m1l5.wav,r,2021.0,1
0046,5,old_m1l5.wav,r,2087.0,1
0046,5,m3l5k1t5e1.wav,y,2238.0,1
0046,5,m1l5k2t3e2.wav,y,1427.0,1
0046,5,old_m2l5.wav,y,2191.0,1
0046,5,old_m2l5.wav,0,3700.0,1
0046,5,old_m1l5.wav,r,2016.0,1
0046,5,old_m3l5.wav,r,2250.0,1
0046,5,old_m2l5.wav,y,2226.0,1
0046,5,m3l5k2t3e1.wav,r,2709.0,1
0046,5,m3l5k2t5e1.wav,y,2057.0,1
0046,5,m1l5k1t3e3.wav,y,1450.0,1
0046,5,old_m3l5.wav,r,2105.0,1
0046,5,old_m1l5.wav,r,2461.0,1
0046,5,old_m2l5.wav,y,2116.0,1
0046,5,old_m3l5.wav,r,2518.0,1
0046,5,m2l5k2t3e1.wav,y,1562.0,1
0046,5,m3l5k1t5e2.wav,0,3700.0,1
0046,5,m3l5k2t3e3.wav,y,1473.0,1
0046,5,old_m1l5.wav,r,2742.0,1
0046,5,old_m2l5.wav,y,3049.0,1
0046,5,m2l5k1t3e3.wav,y,1635.0,1
0046,5,old_m3l5.wav,0,3700.0,1
0046,5,m1l5k1t3e1.wav,y,1787.0,1
0046,5,m2l5k2t5e2.wav,y,2055.0,1
0046,5,old_m3l5.wav,r,2861.0,1
0046,5,old_m1l5.wav,r,1891.0,1
0046,5,old_m1l5.wav,r,2017.0,1
0046,5,old_m1l5.wav,r,1978.0,1
0046,5,m3l5k1t3e2.wav,y,1600.0,1
0046,5,m3l5k1t3e1.wav,y,2115.0,1
0046,5,m3l5k2t3e2.wav,y,2539.0,1
0046,5,m1l5k2t3e3.wav,y,1410.0,1
0046,5,old_m2l5.wav,0,3700.0,1
0046,5,m1l5k1t5e3.wav,y,2147.0,1
0046,5,old_m3l5.wav,0,3700.0,1
0046,5,m1l5k2t5e1.wav,y,2166.0,1
0046,5,m3l5k1t3e3.wav,y,3028.0,1
0046,5,m2l5k1t5e3.wav,y,2025.0,1
0046,5,m1l5k2t5e2.wav,y,2234.0,1
0046,5,m2l5k2t3e2.wav,y,2145.0,1
0046,5,m2l5k1t5e2.wav,y,2024.0,1
0046,5,old_m2l5.wav,y,2937.0,1
0046,5,m2l5k1t3e2.wav,y,1801.0,1
0046,5,old_m1l5.wav,r,2504.0,1
0046,5,m1l5k2t5e3.wav,y,2053.0,1
0046,5,m1l5k2t3e1.wav,y,2816.0,1
0046,5,m1l5k1t5e2.wav,y,3416.0,1
0046,5,m2l5k2t5e3.wav,y,2140.0,1
0046,5,m2l5k2t5e1.wav,y,3499.0,1
0046,5,old_m1l5.wav,r,2288.0,1
0046,5,old_m3l5.wav,r,2213.0,1
0046,5,old_m3l5.wav,r,2248.0,1
0046,5,old_m1l5.wav,0,3700.0,1
0046,5,old_m2l5.wav,0,3700.0,1
0046,5,old_m3l5.wav,r,2668.0,1
0046,5,old_m1l5.wav,r,3409.0,1
0046,5,old_m2l5.wav,y,2746.0,1
0046,5,old_m3l5.wav,r,3668.0,1
0046,5,m2l5k1t5e1.wav,y,2157.0,1
0046,5,old_m2l5.wav,0,3700.0,1
0046,5,m3l5k2t5e3.wav,y,2100.0,1
0046,5,m2l5k1t3e1.wav,y,2584.0,1
0046,5,old_m3l5.wav,y,3378.0,1
0046,5,old_m2l5.wav,r,2104.0,1
0046,5,old_m2l5.wav,r,2242.0,1
0046,5,m1l5k1t3e2.wav,y,1466.0,1
0046,5,m3l5k1t5e3.wav,y,2623.0,1
0046,5,m2l5k2t3e3.wav,y,1440.0,1
0046,5,m1l5k1t5e1.wav,y,2023.0,1
0046,5,old_m3l5.wav,r,3307.0,1
0046,7,m3l7k1t5e2.wav,0,4500.0,1
0046,7,m1l7k2t7e3.wav,y,2793.0,1
0046,7,old_m2l7.wav,r,2919.0,1
0046,7,old_m2l7.wav,r,3245.0,1
0046,7,m2l7k1t7e3.wav,y,2791.0,1
0046,7,m3l7k1t5e1.wav,y,2455.0,1
0046,7,m2l7k2t7e3.wav,y,2887.0,1
0046,7,m2l7k2t5e3.wav,r,3162.0,1
0046,7,m3l7k2t5e2.wav,y,2171.0,1
0046,7,old_m3l7.wav,r,4111.0,1
0046,7,m1l7k1t7e3.wav,y,2929.0,1
0046,7,m1l7k2t5e2.wav,y,2192.0,1
0046,7,m1l7k1t5e3.wav,y,2368.0,1
0046,7,old_m2l7.wav,r,3265.0,1
0046,7,m3l7k2t5e1.wav,y,2024.0,1
0046,7,old_m3l7.wav,y,4373.0,1
0046,7,old_m1l7.wav,r,2791.0,1
0046,7,old_m3l7.wav,r,3875.0,1
0046,7,old_m1l7.wav,r,2728.0,1
0046,7,old_m3l7.wav,r,3099.0,1
0046,7,old_m3l7.wav,r,2827.0,1
0046,7,m1l7k1t7e1.wav,y,2785.0,1
0046,7,m3l7k2t7e3.wav,y,2932.0,1
0046,7,old_m1l7.wav,r,2849.0,1
0046,7,m1l7k2t5e3.wav,y,2525.0,1
0046,7,m2l7k2t7e1.wav,0,4500.0,1
0046,7,m2l7k2t5e1.wav,y,2176.0,1
0046,7,old_m1l7.wav,r,2866.0,1
0046,7,m1l7k1t5e1.wav,y,2240.0,1
0046,7,old_m1l7.wav,r,2802.0,1
0046,7,m2l7k1t5e3.wav,y,1989.0,1
0046,7,m3l7k2t5e3.wav,y,2759.0,1
0046,7,old_m3l7.wav,y,2911.0,1
0046,7,m1l7k2t7e2.wav,y,2773.0,1
0046,7,old_m1l7.wav,r,2864.0,1
0046,7,old_m3l7.wav,r,2843.0,1
0046,7,old_m2l7.wav,r,2781.0,1
0046,7,old_m1l7.wav,r,2862.0,1
0046,7,m1l7k1t5e2.wav,y,2363.0,1
0046,7,m2l7k1t5e1.wav,y,2395.0,1
0046,7,m3l7k1t7e2.wav,y,2870.0,1
0046,7,m1l7k1t7e2.wav,y,2836.0,1
0046,7,old_m2l7.wav,r,2961.0,1
0046,7,old_m2l7.wav,r,2884.0,1
0046,7,old_m3l7.wav,y,3413.0,1
0046,7,old_m2l7.wav,r,2834.0,1
0046,7,old_m3l7.wav,r,3593.0,1
0046,7,m2l7k2t5e2.wav,y,2208.0,1
0046,7,m3l7k1t7e3.wav,y,3339.0,1
0046,7,m2l7k1t7e2.wav,y,2962.0,1
0046,7,old_m1l7.wav,r,3313.0,1
0046,7,old_m2l7.wav,r,2914.0,1
0046,7,m3l7k2t7e1.wav,r,2999.0,1
0046,7,old_m1l7.wav,r,2875.0,1
0046,7,m2l7k1t7e1.wav,y,2915.0,1
0046,7,old_m1l7.wav,r,2798.0,1
0046,7,old_m3l7.wav,r,2791.0,1
0046,7,m3l7k1t5e3.wav,y,2485.0,1
0046,7,old_m1l7.wav,r,3485.0,1
0046,7,m2l7k2t7e2.wav,y,2766.0,1
0046,7,old_m2l7.wav,r,2858.0,1
0046,7,old_m2l7.wav,r,2710.0,1
0046,7,m1l7k2t7e1.wav,y,2715.0,1
0046,7,old_m3l7.wav,y,3088.0,1
0046,7,m2l7k1t5e2.wav,y,2389.0,1
0046,7,old_m1l7.wav,r,2906.0,1
0046,7,m1l7k2t5e1.wav,y,3565.0,1
0046,7,old_m2l7.wav,y,4195.0,1
0046,7,old_m3l7.wav,y,4167.0,1
0046,7,m3l7k1t7e1.wav,y,2851.0,1
0046,7,old_m2l7.wav,r,2996.0,1
0046,7,m3l7k2t7e2.wav,y,2891.0,1
0047,3,old_m2l3.wav,0,3000.0,1
0047,3,m3l3k1t2e1.wav,y,1212.0,1
0047,3,old_m1l3.wav,r,1393.0,1
0047,3,old_m2l3.wav,y,2121.0,1
0047,3,old_m2l3.wav,y,1516.0,1
0047,3,old_m1l3.wav,r,1173.0,1
0047,3,old_m2l3.wav,y,1031.0,1
0047,3,old_m3l3.wav,r,1071.0,1
0047,3,m1l3k2t2e3.wav,r,1198.0,1
0047,3,m2l3k1t2e1.wav,y,1310.0,1
0047,3,m3l3k1t3e2.wav,r,1218.0,1
0047,3,old_m3l3.wav,r,1229.0,1
0047,3,old_m2l3.wav,y,1377.0,1
0047,3,m1l3k1t2e1.wav,y,1136.0,1
0047,3,m3l3k2t3e1.wav,y,898.0,1
0047,3,old_m1l3.wav,y,1842.0,1
0047,3,old_m1l3.wav,y,1755.0,1
0047,3,old_m2l3.wav,y,1317.0,1
0047,3,m3l3k1t3e3.wav,y,1267.0,1
0047,3,old_m1l3.wav,r,1940.0,1
0047,3,m1l3k1t3e1.wav,y,1220.0,1
0047,3,m1l3k1t3e3.wav,y,1416.0,1
0047,3,old_m3l3.wav,r,1525.0,1
0047,3,m3l3k2t3e3.wav,y,1472.0,1
0047,3,old_m3l3.wav,y,1670.0,1
0047,3,old_m3l3.wav,y,2015.0,1
0047,3,m1l3k2t3e3.wav,y,1027.0,1
0047,3,old_m2l3.wav,y,1303.0,1
0047,3,m3l3k2t2e2.wav,y,1451.0,1
0047,3,old_m1l3.wav,y,1473.0,1
0047,3,m3l3k2t2e3.wav,y,2382.0,1
0047,3,old_m3l3.wav,y,1354.0,1
0047,3,old_m1l3.wav,y,1580.0,1
0047,3,old_m3l3.wav,y,2196.0,0
0047,3,m3l3k1t2e2.wav,y,1306.0,0
0047,3,m1l3k2t3e1.wav,r,1848.0,0
0047,3,old_m2l3.wav,y,1538.0,0
0047,3,m3l3k1t2e3.wav,r,1437.0,0
0047,3,old_m1l3.wav,y,1606.0,0
0047,3,m2l3k1t3e2.wav,y,1033.0,0
0047,3,m2l3k2t3e3.wav,y,1391.0,0
0047,3,old_m1l3.wav,y,1646.0,0
0047,3,m1l3k1t3e2.wav,y,1361.0,0
0047,3,old_m2l3.wav,y,2363.0,0
0047,3,m2l3k1t3e3.wav,y,1795.0,1
0047,3,old_m3l3.wav,y,1456.0,1
0047,3,m2l3k1t3e1.wav,y,1136.0,1
0047,3,old_m3l3.wav,y,1542.0,1
0047,3,m3l3k1t3e1.wav,y,1141.0,1
0047,3,m2l3k2t2e2.wav,y,1087.0,1
0047,3,m2l3k2t2e1.wav,y,1339.0,1
0047,3,old_m1l3.wav,y,1149.0,1
0047,3,old_m2l3.wav,y,1713.0,1
0047,3,m2l3k2t2e3.wav,y,1207.0,1
0047,3,m2l3k2t3e2.wav,y,1410.0,1
0047,3,m2l3k2t3e1.wav,y,1906.0,1
0047,3,m2l3k1t2e2.wav,y,1101.0,1
0047,3,old_m1l3.wav,r,1236.0,1
0047,3,m1l3k2t2e1.wav,y,1635.0,1
0047,3,old_m1l3.wav,y,1145.0,1
0047,3,old_m2l3.wav,y,1072.0,1
0047,3,m2l3k1t2e3.wav,y,1086.0,1
0047,3,m1l3k2t2e2.wav,y,1200.0,1
0047,3,m1l3k2t3e2.wav,y,1282.0,1
0047,3,m3l3k2t2e1.wav,y,1110.0,1
0047,3,old_m3l3.wav,y,2007.0,1
0047,3,old_m3l3.wav,r,1649.0,1
0047,3,m1l3k1t2e2.wav,y,1471.0,1
0047,3,m1l3k1t2e3.wav,r,2611.0,1
0047,3,old_m2l3.wav,y,1079.0,1
0047,3,old_m3l3.wav,r,2430.0,1
0047,3,m3l3k2t3e2.wav,y,2065.0,1
0047,5,m2l5k2t5e3.wav,r,3407.0,1
0047,5,old_m3l5.wav,r,2138.0,1
0047,5,old_m3l5.wav,r,2243.0,1
0047,5,m1l5k1t5e3.wav,y,3678.0,1
0047,5,old_m3l5.wav,r,2199.0,1
0047,5,old_m2l5.wav,r,2015.0,1
0047,5,m2l5k1t3e2.wav,y,1581.0,1
0047,5,m2l5k2t3e2.wav,y,1538.0,1
0047,5,old_m1l5.wav,r,2472.0,1
0047,5,m1l5k2t3e1.wav,r,1922.0,1
0047,5,m1l5k1t3e1.wav,y,1943.0,1
0047,5,old_m1l5.wav,y,2260.0,1
0047,5,old_m2l5.wav,r,1958.0,1
0047,5,m3l5k2t5e3.wav,r,1783.0,1
0047,5,old_m2l5.wav,r,1768.0,1
0047,5,old_m2l5.wav,r,1959.0,1
0047,5,m1l5k1t5e1.wav,y,2119.0,1
0047,5,old_m2l5.wav,r,2091.0,1
0047,5,old_m1l5.wav,y,2051.0,1
0047,5,m2l5k2t3e1.wav,y,1595.0,1
0047,5,old_m3l5.wav,r,2225.0,1
0047,5,old_m2l5.wav,y,2157.0,1
0047,5,m3l5k2t3e1.wav,y,2298.0,1
0047,5,m2l5k2t3e3.wav,y,2089.0,1
0047,5,old_m3l5.wav,r,1738.0,1
0047,5,old_m3l5.wav,r,1700.0,1
0047,5,m3l5k1t3e2.wav,y,2031.0,1
0047,5,old_m1l5.wav,y,2373.0,1
0047,5,old_m2l5.wav,r,2114.0,0
0047,5,m2l5k1t5e1.wav,y,2212.0,0
0047,5,m3l5k2t3e2.wav,y,2064.0,0
0047,5,m1l5k2t5e3.wav,y,1890.0,0
0047,5,m3l5k2t5e2.wav,y,2052.0,0
0047,5,old_m3l5.wav,y,2403.0,0
0047,5,m3l5k2t3e3.wav,y,1767.0,0
0047,5,m2l5k1t3e3.wav,y,1868.0,1
0047,5,m1l5k2t5e1.wav,r,1473.0,1
0047,5,old_m1l5.wav,r,2310.0,0
0047,5,m3l5k2t5e1.wav,y,2106.0,0
0047,5,old_m1l5.wav,r,1878.0,0
0047,5,old_m1l5.wav,y,2788.0,0
0047,5,m2l5k1t5e3.wav,y,1989.0,1
0047,5,m1l5k2t5e2.wav,y,2202.0,1
0047,5,m3l5k1t3e1.wav,y,2135.0,1
0047,5,old_m3l5.wav,r,2116.0,1
0047,5,old_m3l5.wav,y,1766.0,1
0047,5,old_m1l5.wav,r,2224.0,1
0047,5,old_m3l5.wav,r,2445.0,1
0047,5,old_m1l5.wav,y,1827.0,0
0047,5,old_m2l5.wav,y,1433.0,0
0047,5,m2l5k2t5e2.wav,y,1759.0,0
0047,5,old_m2l5.wav,r,2422.0,0
0047,5,m1l5k2t3e2.wav,y,1451.0,0
0047,5,m1l5k2t3e3.wav,y,1251.0,0
0047,5,m3l5k1t5e1.wav,y,2185.0,0
0047,5,old_m2l5.wav,y,1775.0,0
0047,5,old_m1l5.wav,r,1484.0,0
0047,5,m2l5k1t3e1.wav,y,1387.0,0
0047,5,old_m1l5.wav,r,1997.0,0
0047,5,old_m2l5.wav,r,2256.0,0
0047,5,m3l5k1t5e2.wav,y,3410.0,1
0047,5,old_m3l5.wav,y,2419.0,1
0047,5,old_m3l5.wav,y,2099.0,1
0047,5,m3l5k1t5e3.wav,y,1948.0,1
0047,5,m1l5k1t3e3.wav,y,1729.0,1
0047,5,old_m1l5.wav,r,1944.0,1
0047,5,m2l5k1t5e2.wav,y,1907.0,1
0047,5,m2l5k2t5e1.wav,y,2090.0,1
0047,5,m1l5k1t5e2.wav,y,2033.0,1
0047,5,m1l5k1t3e2.wav,y,1774.0,1
0047,5,old_m2l5.wav,r,2231.0,1
0047,5,m3l5k1t3e3.wav,y,1929.0,1
0047,7,old_m1l7.wav,r,3040.0,1
0047,7,old_m3l7.wav,y,1816.0,1
0047,7,old_m2l7.wav,y,912.0,1
0047,7,m2l7k2t7e3.wav,y,895.0,1
0047,7,m1l7k1t7e3.wav,y,2880.0,1
0047,7,m2l7k1t5e1.wav,y,2222.0,1
0047,7,m1l7k2t7e1.wav,y,2756.0,1
0047,7,old_m2l7.wav,y,883.0,1
0047,7,m1l7k2t7e3.wav,y,2712.0,1
0047,7,old_m3l7.wav,y,2855.0,1
0047,7,old_m1l7.wav,r,3093.0,1
0047,7,m1l7k2t5e3.wav,y,3308.0,1
0047,7,old_m1l7.wav,r,2791.0,1
0047,7,m3l7k2t5e1.wav,y,2233.0,1
0047,7,old_m3l7.wav,y,2816.0,1
0047,7,old_m3l7.wav,y,2690.0,1
0047,7,m2l7k1t5e2.wav,y,2588.0,1
0047,7,m2l7k1t7e1.wav,y,2723.0,1
0047,7,m2l7k2t7e2.wav,y,2773.0,1
0047,7,old_m2l7.wav,y,2695.0,1
0047,7,old_m1l7.wav,r,3366.0,0
0047,7,old_m3l7.wav,y,2816.0,0
0047,7,m1l7k1t5e1.wav,y,1972.0,0
0047,7,old_m2l7.wav,y,1090.0,0
0047,7,old_m3l7.wav,y,2462.0,0
0047,7,m1l7k1t7e2.wav,y,2163.0,0
0047,7,m1l7k1t5e2.wav,y,2964.0,0
0047,7,old_m2l7.wav,y,2811.0,0
0047,7,m1l7k1t7e1.wav,y,1066.0,0
0047,7,m1l7k2t5e2.wav,y,2276.0,0
0047,7,m3l7k1t5e2.wav,y,2738.0,0
0047,7,old_m3l7.wav,y,2757.0,0
0047,7,old_m2l7.wav,y,2667.0,0
0047,7,m3l7k2t7e2.wav,y,2272.0,0
0047,7,old_m2l7.wav,y,1357.0,0
0047,7,m1l7k2t5e1.wav,y,694.0,0
0047,7,m2l7k1t5e3.wav,y,708.0,0
0047,7,old_m3l7.wav,y,2672.0,0
0047,7,m1l7k1t5e3.wav,y,2101.0,0
0047,7,old_m2l7.wav,y,2701.0,0
0047,7,m2l7k2t5e3.wav,y,2686.0,0
0047,7,old_m3l7.wav,y,3341.0,0
0047,7,old_m2l7.wav,y,2503.0,1
0047,7,m3l7k1t5e1.wav,y,2733.0,1
0047,7,m3l7k2t5e3.wav,r,3573.0,1
0047,7,m2l7k2t5e2.wav,y,3334.0,1
0047,7,m2l7k1t7e3.wav,y,2783.0,1
0047,7,old_m3l7.wav,y,2946.0,1
0047,7,m3l7k2t7e1.wav,y,2744.0,1
0047,7,old_m1l7.wav,y,2752.0,1
0047,7,m3l7k1t7e2.wav,y,2827.0,1
0047,7,m1l7k2t7e2.wav,y,3023.0,1
0047,7,old_m1l7.wav,y,2851.0,1
0047,7,old_m1l7.wav,y,2807.0,1
0047,7,m2l7k1t7e2.wav,y,2705.0,1
0047,7,m3l7k1t7e3.wav,y,2664.0,1
0047,7,old_m3l7.wav,y,2523.0,1
0047,7,old_m1l7.wav,y,2851.0,1
0047,7,old_m1l7.wav,r,2612.0,1
0047,7,old_m2l7.wav,y,1428.0,1
0047,7,m3l7k2t5e2.wav,y,2385.0,1
0047,7,old_m1l7.wav,r,2735.0,1
0047,7,m2l7k2t7e1.wav,y,2552.0,1
0047,7,old_m2l7.wav,r,2748.0,1
0047,7,m3l7k1t7e1.wav,y,2769.0,1
0047,7,old_m1l7.wav,y,2531.0,1
0047,7,old_m3l7.wav,y,2484.0,1
0047,7,old_m1l7.wav,y,3490.0,1
0047,7,m3l7k2t7e3.wav,y,2576.0,1
0047,7,m3l7k1t5e3.wav,y,2510.0,1
0047,7,m2l7k2t5e1.wav,y,2453.0,1
0047,7,old_m2l7.wav,y,2862.0,1
0048,3,m1l3k2t2e3.wav,r,1808.0,1
0048,3,m1l3k1t3e1.wav,r,2874.0,1
0048,3,m3l3k1t2e2.wav,y,2488.0,1
0048,3,old_m1l3.wav,r,1284.0,1
0048,3,old_m3l3.wav,r,1364.0,1
0048,3,m2l3k1t3e3.wav,y,2755.0,1
0048,3,m2l3k2t3e3.wav,y,2594.0,1
0048,3,m3l3k2t3e3.wav,0,3000.0,1
0048,3,m1l3k2t3e2.wav,r,1582.0,1
0048,3,m3l3k1t2e3.wav,y,2837.0,1
0048,3,m2l3k1t2e3.wav,y,2991.0,1
0048,3,old_m3l3.wav,0,3000.0,1
0048,3,m1l3k2t2e2.wav,0,3000.0,1
0048,3,old_m2l3.wav,r,1932.0,1
0048,3,old_m1l3.wav,r,2293.0,1
0048,3,old_m2l3.wav,r,2934.0,1
0048,3,old_m1l3.wav,r,2186.0,1
0048,3,m3l3k1t2e1.wav,y,2754.0,1
0048,3,old_m2l3.wav,0,3000.0,1
0048,3,m2l3k2t3e1.wav,0,3000.0,1
0048,3,m1l3k1t3e3.wav,r,2061.0,1
0048,3,old_m3l3.wav,0,3000.0,1
0048,3,old_m3l3.wav,r,1673.0,1
0048,3,old_m3l3.wav,r,2548.0,1
0048,3,m1l3k1t2e3.wav,0,3000.0,1
0048,3,m3l3k1t3e2.wav,r,2897.0,1
0048,3,m2l3k2t2e2.wav,0,3000.0,1
0048,3,old_m3l3.wav,r,1554.0,1
0048,3,m3l3k2t3e2.wav,r,2376.0,1
0048,3,old_m1l3.wav,r,1411.0,1
0048,3,old_m2l3.wav,y,2482.0,1
0048,3,m3l3k1t3e3.wav,r,2017.0,1
0048,3,old_m3l3.wav,r,1840.0,1
0048,3,old_m1l3.wav,r,1572.0,1
0048,3,m2l3k1t2e2.wav,y,1767.0,1
0048,3,old_m1l3.wav,r,1376.0,1
0048,3,m2l3k2t2e3.wav,y,1783.0,1
0048,3,m1l3k1t2e2.wav,r,1374.0,1
0048,3,old_m1l3.wav,r,1231.0,1
0048,3,old_m1l3.wav,r,1195.0,1
0048,3,m1l3k2t3e3.wav,y,1644.0,1
0048,3,m2l3k1t3e2.wav,y,2220.0,1
0048,3,old_m2l3.wav,r,2146.0,1
0048,3,old_m2l3.wav,r,2788.0,1
0048,3,old_m3l3.wav,r,1538.0,1
0048,3,m3l3k2t2e2.wav,r,2349.0,1
0048,3,m1l3k1t2e1.wav,y,2164.0,1
0048,3,old_m1l3.wav,r,1537.0,1
0048,3,old_m1l3.wav,r,1357.0,1
0048,3,m3l3k2t3e1.wav,0,3000.0,1
0048,3,m3l3k2t2e1.wav,y,1978.0,1
0048,3,old_m2l3.wav,y,2312.0,1
0048,3,old_m3l3.wav,r,1495.0,1
0048,3,old_m2l3.wav,r,1559.0,1
0048,3,old_m3l3.wav,r,1277.0,1
0048,3,old_m2l3.wav,y,2766.0,1
0048,3,old_m3l3.wav,r,2184.0,1
0048,3,old_m2l3.wav,y,1790.0,1
0048,3,old_m1l3.wav,r,1395.0,1
0048,3,m1l3k1t3e2.wav,y,1575.0,1
0048,3,m2l3k2t3e2.wav,y,1599.0,1
0048,3,old_m1l3.wav,r,1442.0,1
0048,3,m1l3k2t2e1.wav,y,1586.0,1
0048,3,m2l3k1t3e1.wav,y,1503.0,1
0048,3,m2l3k2t2e1.wav,r,2426.0,1
0048,3,m3l3k1t3e1.wav,r,1350.0,1
0048,3,m2l3k1t2e1.wav,y,1859.0,1
0048,3,old_m2l3.wav,r,1440.0,1
0048,3,old_m3l3.wav,r,1243.0,1
0048,3,old_m2l3.wav,r,1354.0,1
0048,3,m3l3k2t2e3.wav,r,1305.0,1
0048,3,m1l3k2t3e1.wav,y,2042.0,1
0048,5,old_m2l5.wav,r,3448.0,1
0048,5,old_m2l5.wav,r,2634.0,1
0048,5,m3l5k2t3e2.wav,y,3038.0,1
0048,5,old_m3l5.wav,y,3142.0,1
0048,5,m3l5k1t5e3.wav,r,2487.0,1
0048,5,m3l5k2t3e3.wav,y,2389.0,1
0048,5,old_m3l5.wav,r,2353.0,1
0048,5,old_m3l5.wav,r,2363.0,1
0048,5,m2l5k1t3e3.wav,y,2794.0,1
0048,5,m2l5k2t5e2.wav,y,3064.0,1
0048,5,m1l5k1t5e1.wav,r,3099.0,1
0048,5,m2l5k1t5e3.wav,y,3131.0,1
0048,5,m2l5k2t5e1.wav,r,2522.0,1
0048,5,m2l5k2t3e2.wav,y,3479.0,1
0048,5,old_m3l5.wav,r,2283.0,1
0048,5,m2l5k2t3e1.wav,y,2917.0,1
0048,5,old_m1l5.wav,r,3270.0,1
0048,5,old_m1l5.wav,r,2749.0,1
0048,5,m3l5k1t3e1.wav,r,2432.0,1
0048,5,old_m2l5.wav,0,3700.0,1
0048,5,old_m2l5.wav,y,3336.0,1
0048,5,old_m3l5.wav,r,2358.0,1
0048,5,old_m3l5.wav,r,2301.0,1
0048,5,m3l5k1t3e3.wav,y,2971.0,1
0048,5,old_m3l5.wav,r,2117.0,1
0048,5,old_m2l5.wav,r,3651.0,1
0048,5,m3l5k1t3e2.wav,y,2847.0,1
0048,5,old_m2l5.wav,y,3344.0,1
0048,5,m1l5k2t5e3.wav,y,2785.0,1
0048,5,old_m2l5.wav,r,3222.0,1
0048,5,old_m3l5.wav,r,2363.0,1
0048,5,m1l5k2t5e2.wav,y,2433.0,1
0048,5,m2l5k1t5e1.wav,y,2859.0,1
0048,5,m1l5k1t5e2.wav,y,2980.0,1
0048,5,old_m2l5.wav,y,2418.0,1
0048,5,old_m1l5.wav,y,2169.0,1
0048,5,m1l5k2t3e2.wav,y,2131.0,1
0048,5,m3l5k2t5e1.wav,y,2650.0,1
0048,5,m1l5k2t3e3.wav,y,2690.0,1
0048,5,old_m1l5.wav,y,2810.0,1
0048,5,old_m2l5.wav,r,3112.0,1
0048,5,m2l5k1t3e1.wav,y,2410.0,1
0048,5,old_m1l5.wav,r,2192.0,1
0048,5,old_m1l5.wav,r,2121.0,1
0048,5,old_m2l5.wav,0,3700.0,1
0048,5,m3l5k1t5e1.wav,r,2522.0,1
0048,5,m1l5k1t3e3.wav,y,2250.0,1
0048,5,old_m3l5.wav,r,2188.0,1
0048,5,m3l5k2t5e3.wav,y,2547.0,1
0048,5,m1l5k1t3e2.wav,y,2213.0,1
0048,5,m2l5k2t5e3.wav,y,2403.0,1
0048,5,old_m1l5.wav,y,2931.0,1
0048,5,m3l5k1t5e2.wav,y,3417.0,1
0048,5,old_m3l5.wav,r,3464.0,1
0048,5,m3l5k2t3e1.wav,r,2517.0,1
0048,5,old_m1l5.wav,y,2583.0,1
0048,5,old_m1l5.wav,0,3700.0,1
0048,5,m2l5k1t3e2.wav,y,2498.0,1
0048,5,m2l5k2t3e3.wav,y,2875.0,1
0048,5,old_m2l5.wav,r,3381.0,1
0048,5,m3l5k2t5e2.wav,y,2614.0,1
0048,5,m1l5k1t5e3.wav,0,3700.0,1
0048,5,old_m1l5.wav,0,3700.0,1
0048,5,old_m3l5.wav,r,2455.0,1
0048,5,old_m3l5.wav,r,2224.0,1
0048,5,m2l5k1t5e2.wav,y,3094.0,1
0048,5,m1l5k1t3e1.wav,y,2320.0,1
0048,5,m1l5k2t3e1.wav,y,2359.0,1
0048,5,old_m1l5.wav,y,2717.0,1
0048,5,old_m2l5.wav,y,2920.0,1
0048,5,old_m1l5.wav,y,3003.0,1
0048,5,m1l5k2t5e1.wav,y,3203.0,1
0048,7,m3l7k2t5e1.wav,r,3879.0,1
0048,7,m1l7k1t5e2.wav,y,3202.0,1
0048,7,m3l7k1t7e2.wav,r,4409.0,1
0048,7,old_m3l7.wav,r,3161.0,1
0048,7,m2l7k2t5e3.wav,r,3730.0,1
0048,7,old_m3l7.wav,r,3673.0,1
0048,7,m1l7k2t7e1.wav,y,3643.0,1
0048,7,m2l7k2t7e3.wav,y,3674.0,1
0048,7,old_m3l7.wav,r,2951.0,1
0048,7,old_m1l7.wav,r,2824.0,1
0048,7,m2l7k1t5e2.wav,r,2803.0,1
0048,7,old_m1l7.wav,r,2889.0,1
0048,7,m1l7k1t7e2.wav,y,3190.0,1
0048,7,old_m3l7.wav,r,2848.0,1
0048,7,m3l7k1t5e3.wav,y,3110.0,1
0048,7,m1l7k2t5e2.wav,y,3984.0,1
0048,7,m2l7k2t5e2.wav,r,3158.0,1
0048,7,m3l7k2t5e2.wav,y,2916.0,1
0048,7,old_m2l7.wav,r,2793.0,1
0048,7,old_m3l7.wav,r,3021.0,1
0048,7,old_m1l7.wav,r,2736.0,1
0048,7,m2l7k1t5e1.wav,y,3240.0,1
0048,7,old_m2l7.wav,r,2837.0,1
0048,7,m3l7k1t5e2.wav,r,2798.0,1
0048,7,old_m1l7.wav,r,2535.0,1
0048,7,old_m3l7.wav,r,2731.0,1
0048,7,old_m3l7.wav,r,2563.0,1
0048,7,old_m1l7.wav,r,2402.0,1
0048,7,old_m2l7.wav,r,3244.0,1
0048,7,m1l7k1t7e3.wav,y,3172.0,1
0048,7,old_m1l7.wav,r,2844.0,1
0048,7,old_m2l7.wav,r,2900.0,1
0048,7,old_m2l7.wav,r,2747.0,1
0048,7,old_m1l7.wav,r,2655.0,1
0048,7,m2l7k2t5e1.wav,y,2734.0,1
0048,7,old_m2l7.wav,r,2809.0,1
0048,7,old_m3l7.wav,r,2930.0,1
0048,7,old_m1l7.wav,r,2662.0,1
0048,7,m2l7k1t7e3.wav,y,3149.0,1
0048,7,m1l7k1t5e3.wav,y,3825.0,1
0048,7,m1l7k2t7e2.wav,y,2916.0,1
0048,7,m2l7k1t7e1.wav,y,2895.0,1
0048,7,m1l7k2t5e1.wav,r,2756.0,1
0048,7,m2l7k2t7e2.wav,y,3146.0,1
0048,7,m1l7k2t7e3.wav,y,2820.0,1
0048,7,m3l7k2t7e2.wav,y,2914.0,1
0048,7,m3l7k1t7e1.wav,y,3442.0,1
0048,7,m1l7k1t7e1.wav,y,2983.0,1
0048,7,old_m3l7.wav,y,3944.0,1
0048,7,m2l7k1t7e2.wav,y,3841.0,1
0048,7,m3l7k2t7e3.wav,y,2856.0,1
0048,7,old_m2l7.wav,r,3059.0,1
0048,7,m1l7k1t5e1.wav,y,2886.0,1
0048,7,m3l7k2t7e1.wav,r,2897.0,1
0048,7,old_m2l7.wav,r,2797.0,1
0048,7,old_m1l7.wav,r,2723.0,1
0048,7,m3l7k2t5e3.wav,r,4279.0,1
0048,7,m1l7k2t5e3.wav,0,4500.0,1
0048,7,old_m2l7.wav,r,2724.0,1
0048,7,old_m2l7.wav,r,2617.0,1
0048,7,m2l7k1t5e3.wav,r,2715.0,1
0048,7,old_m1l7.wav,r,2491.0,1
0048,7,m3l7k1t5e1.wav,y,2873.0,1
0048,7,old_m3l7.wav,r,2847.0,1
0048,7,old_m3l7.wav,r,2808.0,1
0048,7,old_m1l7.wav,r,3607.0,1
0048,7,old_m2l7.wav,r,2935.0,1
0048,7,m3l7k1t7e3.wav,y,3090.0,1
0048,7,old_m2l7.wav,r,2631.0,1
0048,7,old_m3l7.wav,r,4391.0,1
0048,7,m2l7k2t7e1.wav,r,2851.0,1
0048,7,old_m1l7.wav,r,3852.0,1
0049,3,old_m2l3.wav,0,3000.0,1
0049,3,m3l3k1t3e2.wav,y,2078.0,1
0049,3,m1l3k1t2e3.wav,y,2011.0,1
0049,3,old_m2l3.wav,r,1438.0,1
0049,3,old_m2l3.wav,r,1367.0,1
0049,3,old_m1l3.wav,r,1609.0,1
0049,3,m2l3k2t3e1.wav,y,1939.0,1
0049,3,m2l3k1t2e3.wav,y,1877.0,1
0049,3,m1l3k2t3e3.wav,y,1894.0,1
0049,3,old_m3l3.wav,r,432.0,1
0049,3,m1l3k2t2e2.wav,y,1674.0,1
0049,3,old_m1l3.wav,r,1376.0,1
0049,3,m3l3k2t2e1.wav,y,1728.0,1
0049,3,old_m3l3.wav,r,1301.0,1
0049,3,m2l3k1t2e2.wav,y,1275.0,1
0049,3,m1l3k1t2e1.wav,y,1344.0,1
0049,3,m3l3k1t2e2.wav,y,1282.0,1
0049,3,old_m3l3.wav,r,1568.0,1
0049,3,old_m3l3.wav,r,1132.0,1
0049,3,old_m1l3.wav,0,3000.0,1
0049,3,old_m3l3.wav,r,1693.0,1
0049,3,old_m3l3.wav,r,1676.0,1
0049,3,m3l3k2t3e2.wav,y,1677.0,1
0049,3,m2l3k2t2e2.wav,y,1517.0,1
0049,3,m2l3k2t3e3.wav,y,1459.0,1
0049,3,old_m3l3.wav,y,2186.0,1
0049,3,m2l3k1t2e1.wav,y,1485.0,1
0049,3,m2l3k1t3e1.wav,y,1842.0,1
0049,3,m1l3k2t3e2.wav,y,1563.0,1
0049,3,m2l3k1t3e3.wav,y,2316.0,1
0049,3,old_m1l3.wav,r,1879.0,1
0049,3,m2l3k2t2e3.wav,y,1566.0,1
0049,3,old_m3l3.wav,r,1287.0,1
0049,3,m1l3k1t2e2.wav,y,1526.0,1
0049,3,old_m3l3.wav,r,1441.0,1
0049,3,old_m2l3.wav,r,1985.0,1
0049,3,old_m1l3.wav,0,3000.0,1
0049,3,m3l3k2t2e3.wav,y,1351.0,1
0049,3,m1l3k1t3e3.wav,y,1513.0,1
0049,3,m3l3k1t2e3.wav,y,1602.0,1
0049,3,m3l3k1t2e1.wav,y,1406.0,1
0049,3,old_m1l3.wav,r,1659.0,1
0049,3,old_m3l3.wav,y,2115.0,1
0049,3,m2l3k1t3e2.wav,y,1734.0,1
0049,3,m3l3k1t3e3.wav,y,1509.0,1
0049,3,old_m2l3.wav,y,1290.0,1
0049,3,old_m2l3.wav,y,2375.0,1
0049,3,old_m2l3.wav,y,1690.0,1
0049,3,old_m3l3.wav,y,2148.0,1
0049,3,m1l3k2t3e1.wav,y,1671.0,1
0049,3,old_m2l3.wav,r,2508.0,1
0049,3,m2l3k2t2e1.wav,y,1480.0,1
0049,3,m1l3k1t3e2.wav,y,1640.0,1
0049,3,m1l3k1t3e1.wav,y,1523.0,1
0049,3,old_m1l3.wav,y,2233.0,1
0049,3,old_m1l3.wav,y,1767.0,1
0049,3,m3l3k2t3e3.wav,y,1548.0,1
0049,3,m3l3k1t3e1.wav,y,1635.0,1
0049,3,old_m2l3.wav,r,2807.0,1
0049,3,m1l3k2t2e3.wav,y,1688.0,1
0049,3,m3l3k2t2e2.wav,0,3000.0,1
0049,3,old_m2l3.wav,y,1964.0,1
0049,3,old_m3l3.wav,y,1858.0,1
0049,3,old_m2l3.wav,0,3000.0,1
0049,3,m1l3k2t2e1.wav,y,1518.0,1
0049,3,m2l3k2t3e2.wav,y,1368.0,1
0049,3,old_m1l3.wav,r,1729.0,1
0049,3,old_m2l3.wav,y,1762.0,1
0049,3,old_m1l3.wav,r,1811.0,1
0049,3,old_m1l3.wav,0,3000.0,1
0049,3,m3l3k2t3e1.wav,y,1586.0,1
0049,3,old_m1l3.wav,r,1493.0,1
0049,5,old_m2l5.wav,r,2802.0,1
0049,5,m3l5k2t3e3.wav,y,2296.0,1
0049,5,old_m3l5.wav,r,3295.0,1
0049,5,m2l5k2t5e1.wav,r,2232.0,1
0049,5,m3l5k2t5e2.wav,y,2709.0,1
0049,5,m3l5k2t5e3.wav,y,2589.0,1
0049,5,old_m3l5.wav,r,2254.0,1
0049,5,old_m3l5.wav,r,2545.0,1
0049,5,m2l5k1t5e2.wav,r,2661.0,1
0049,5,m1l5k2t3e1.wav,y,2162.0,1
0049,5,m1l5k1t5e1.wav,y,3672.0,1
0049,5,old_m3l5.wav,r,2723.0,1
0049,5,m1l5k2t5e3.wav,y,2932.0,1
0049,5,old_m2l5.wav,0,3700.0,1
0049,5,m1l5k1t3e2.wav,y,2002.0,1
0049,5,old_m1l5.wav,y,2562.0,1
0049,5,old_m1l5.wav,y,2745.0,1
0049,5,old_m3l5.wav,r,2173.0,1
0049,5,old_m3l5.wav,r,1995.0,1
0049,5,old_m1l5.wav,r,2057.0,1
0049,5,old_m2l5.wav,r,2053.0,1
0049,5,old_m3l5.wav,r,3507.0,1
0049,5,old_m1l5.wav,r,2560.0,1
0049,5,old_m1l5.wav,r,2547.0,1
0049,5,old_m2l5.wav,r,2867.0,1
0049,5,old_m3l5.wav,y,3360.0,1
0049,5,old_m2l5.wav,y,2552.0,1
0049,5,old_m1l5.wav,y,2551.0,1
0049,5,m2l5k1t5e1.wav,0,3700.0,1
0049,5,old_m2l5.wav,r,2391.0,1
0049,5,m2l5k1t3e1.wav,y,2351.0,1
0049,5,m1l5k2t3e3.wav,y,2341.0,1
0049,5,old_m3l5.wav,r,2685.0,1
0049,5,m1l5k1t3e1.wav,y,2391.0,1
0049,5,old_m1l5.wav,y,2415.0,1
0049,5,m3l5k1t5e2.wav,0,3700.0,1
0049,5,old_m2l5.wav,r,2501.0,1
0049,5,m1l5k2t3e2.wav,0,3700.0,1
0049,5,old_m2l5.wav,r,2362.0,1
0049,5,old_m2l5.wav,r,3660.0,1
0049,5,m2l5k2t3e3.wav,y,2272.0,1
0049,5,old_m3l5.wav,y,2651.0,1
0049,5,m3l5k1t5e3.wav,y,2399.0,1
0049,5,m2l5k2t3e1.wav,0,3700.0,1
0049,5,old_m1l5.wav,r,2389.0,1
0049,5,m1l5k1t5e2.wav,y,2470.0,1
0049,5,m2l5k1t3e3.wav,0,3700.0,1
0049,5,m3l5k2t5e1.wav,0,3700.0,1
0049,5,m1l5k1t3e3.wav,y,2020.0,1
0049,5,m3l5k2t3e2.wav,y,2362.0,1
0049,5,m3l5k1t3e1.wav,0,3700.0,1
0049,5,old_m3l5.wav,r,2266.0,1
0049,5,m3l5k1t3e3.wav,y,2170.0,1
0049,5,old_m1l5.wav,0,3700.0,1
0049,5,m1l5k2t5e1.wav,y,2445.0,1
0049,5,old_m2l5.wav,r,3536.0,1
0049,5,old_m2l5.wav,r,2545.0,1
0049,5,m2l5k2t5e3.wav,0,3700.0,1
0049,5,old_m1l5.wav,r,2336.0,1
0049,5,m3l5k1t3e2.wav,y,2071.0,1
0049,5,m2l5k1t3e2.wav,y,2119.0,1
0049,5,m2l5k2t3e2.wav,y,2776.0,1
0049,5,old_m1l5.wav,r,2400.0,1
0049,5,m3l5k1t5e1.wav,y,3156.0,1
0049,5,m2l5k1t5e3.wav,y,2662.0,1
0049,5,m1l5k2t5e2.wav,y,2514.0,1
0049,5,m1l5k1t5e3.wav,y,2584.0,1
0049,5,m2l5k2t5e2.wav,y,3108.0,1
0049,5,old_m2l5.wav,0,3700.0,1
0049,5,m3l5k2t3e1.wav,0,3700.0,1
0049,5,old_m3l5.wav,r,2543.0,1
0049,5,old_m1l5.wav,y,2673.0,1
0049,7,old_m1l7.wav,r,3974.0,1
0049,7,old_m1l7.wav,0,4500.0,1
0049,7,m1l7k1t7e2.wav,y,4247.0,1
0049,7,old_m3l7.wav,r,3538.0,1
0049,7,old_m3l7.wav,r,3436.0,1
0049,7,old_m3l7.wav,r,3345.0,1
0049,7,m1l7k1t5e3.wav,y,3280.0,1
0049,7,old_m3l7.wav,r,3394.0,1
0049,7,old_m3l7.wav,r,3325.0,1
0049,7,m1l7k1t5e2.wav,y,3015.0,1
0049,7,m1l7k1t7e3.wav,y,3438.0,1
0049,7,m3l7k2t5e3.wav,y,3394.0,1
0049,7,m2l7k2t7e1.wav,r,3758.0,1
0049,7,m3l7k1t7e1.wav,y,3419.0,1
0049,7,old_m3l7.wav,r,3681.0,1
0049,7,old_m3l7.wav,r,3738.0,1
0049,7,m1l7k2t7e1.wav,y,3289.0,1
0049,7,old_m2l7.wav,r,3465.0,1
0049,7,m3l7k2t7e1.wav,0,4500.0,1
0049,7,old_m3l7.wav,r,3568.0,1
0049,7,old_m1l7.wav,r,3146.0,1
0049,7,old_m2l7.wav,r,2817.0,1
0049,7,old_m1l7.wav,r,2989.0,1
0049,7,m3l7k1t5e1.wav,y,2860.0,1
0049,7,old_m1l7.wav,r,3302.0,1
0049,7,m2l7k1t5e2.wav,y,3685.0,1
0049,7,m3l7k2t5e1.wav,y,3082.0,1
0049,7,old_m2l7.wav,r,2815.0,1
0049,7,old_m2l7.wav,r,3400.0,1
0049,7,old_m2l7.wav,r,3277.0,1
0049,7,old_m2l7.wav,r,3499.0,1
0049,7,old_m2l7.wav,r,3456.0,1
0049,7,m2l7k1t7e2.wav,y,3813.0,1
0049,7,m3l7k1t5e3.wav,y,3481.0,1
0049,7,m3l7k1t5e2.wav,y,3344.0,1
0049,7,m2l7k2t7e2.wav,y,3277.0,1
0049,7,old_m2l7.wav,r,3255.0,1
0049,7,old_m3l7.wav,y,3406.0,1
0049,7,old_m1l7.wav,r,3165.0,1
0049,7,old_m2l7.wav,r,3805.0,1
0049,7,m2l7k1t7e1.wav,y,3325.0,1
0049,7,old_m1l7.wav,r,3338.0,1
0049,7,m2l7k2t5e3.wav,y,3429.0,1
0049,7,old_m3l7.wav,r,4047.0,1
0049,7,m1l7k2t5e2.wav,y,3003.0,1
0049,7,old_m2l7.wav,r,4360.0,1
0049,7,old_m1l7.wav,r,3470.0,1
0049,7,m3l7k2t5e2.wav,y,3100.0,1
0049,7,old_m2l7.wav,r,3429.0,1
0049,7,m1l7k1t7e1.wav,y,3457.0,1
0049,7,m1l7k2t5e3.wav,y,2980.0,1
0049,7,old_m1l7.wav,r,3959.0,1
0049,7,m3l7k1t7e3.wav,y,3373.0,1
0049,7,m2l7k1t5e1.wav,y,2966.0,1
0049,7,m2l7k1t5e3.wav,r,4457.0,1
0049,7,m1l7k2t5e1.wav,y,2884.0,1
0049,7,m1l7k2t7e3.wav,y,3373.0,1
0049,7,old_m3l7.wav,y,3413.0,1
0049,7,old_m1l7.wav,r,3227.0,1
0049,7,m2l7k1t7e3.wav,y,3252.0,1
0049,7,old_m2l7.wav,0,4500.0,1
0049,7,m1l7k2t7e2.wav,y,3196.0,1
0049,7,m2l7k2t5e2.wav,r,3537.0,1
0049,7,m1l7k1t5e1.wav,y,2946.0,1
0049,7,m3l7k2t7e3.wav,y,3379.0,1
0049,7,m3l7k2t7e2.wav,y,3291.0,1
0049,7,old_m3l7.wav,y,3445.0,1
0049,7,m3l7k1t7e2.wav,r,3530.0,1
0049,7,old_m1l7.wav,r,3417.0,1
0049,7,m2l7k2t5e1.wav,y,3768.0,1
0049,7,m2l7k2t7e3.wav,y,3803.0,1
0049,7,old_m1l7.wav,r,2970.0,1
0050,3,old_m2l3.wav,r,1523.0,1
0050,3,m3l3k1t3e1.wav,r,1496.0,1
0050,3,m3l3k2t3e1.wav,y,1365.0,1
0050,3,m1l3k2t3e2.wav,y,1289.0,1
0050,3,m2l3k1t2e3.wav,y,1187.0,1
0050,3,m2l3k2t3e1.wav,y,1521.0,1
0050,3,old_m3l3.wav,r,1187.0,1
0050,3,old_m1l3.wav,r,1609.0,1
0050,3,old_m1l3.wav,r,1823.0,1
0050,3,m2l3k2t2e2.wav,y,1268.0,1
0050,3,m2l3k1t3e2.wav,y,2516.0,1
0050,3,old_m3l3.wav,r,1633.0,1
0050,3,m1l3k1t3e1.wav,y,1354.0,1
0050,3,old_m3l3.wav,r,1441.0,1
0050,3,m3l3k2t2e2.wav,y,1282.0,1
0050,3,m3l3k1t2e2.wav,y,1467.0,1
0050,3,old_m2l3.wav,y,1290.0,1
0050,3,old_m2l3.wav,y,1298.0,1
0050,3,old_m2l3.wav,y,1160.0,1
0050,3,m1l3k1t3e3.wav,y,1303.0,1
0050,3,old_m1l3.wav,r,1462.0,1
0050,3,old_m1l3.wav,r,1566.0,1
0050,3,m1l3k2t3e1.wav,y,1355.0,1
0050,3,old_m1l3.wav,r,1389.0,1
0050,3,m1l3k1t2e2.wav,y,1372.0,1
0050,3,m2l3k1t3e3.wav,y,1348.0,1
0050,3,old_m2l3.wav,r,1575.0,1
0050,3,old_m1l3.wav,r,1236.0,1
0050,3,m1l3k2t3e3.wav,y,1286.0,1
0050,3,m3l3k1t2e3.wav,y,1637.0,1
0050,3,old_m3l3.wav,y,1681.0,1
0050,3,m1l3k1t2e1.wav,y,1151.0,1
0050,3,old_m2l3.wav,y,1835.0,1
0050,3,old_m3l3.wav,r,1527.0,1
0050,3,m3l3k2t3e3.wav,y,1802.0,1
0050,3,old_m3l3.wav,r,1431.0,1
0050,3,m3l3k2t2e3.wav,y,1722.0,1
0050,3,old_m1l3.wav,r,1249.0,1
0050,3,m1l3k1t2e3.wav,y,1681.0,1
0050,3,old_m1l3.wav,r,1575.0,1
0050,3,m2l3k2t3e2.wav,y,1335.0,1
0050,3,old_m2l3.wav,y,1755.0,1
0050,3,old_m3l3.wav,y,1832.0,1
0050,3,m2l3k1t2e1.wav,y,1341.0,1
0050,3,m3l3k1t2e1.wav,y,2369.0,1
0050,3,old_m1l3.wav,r,1169.0,1
0050,3,old_m3l3.wav,r,1276.0,1
0050,3,m3l3k2t2e1.wav,y,1135.0,1
0050,3,m3l3k1t3e3.wav,y,1316.0,1
0050,3,m3l3k2t3e2.wav,y,1949.0,1
0050,3,old_m1l3.wav,r,1132.0,1
0050,3,old_m3l3.wav,r,1283.0,1
0050,3,old_m2l3.wav,r,1417.0,1
0050,3,m3l3k1t3e2.wav,y,1359.0,1
0050,3,m1l3k2t2e3.wav,y,1182.0,1
0050,3,m2l3k2t3e3.wav,y,1403.0,1
0050,3,m1l3k2t2e2.wav,y,1458.0,1
0050,3,m2l3k2t2e3.wav,y,1101.0,1
0050,3,m2l3k2t2e1.wav,y,1448.0,1
0050,3,old_m2l3.wav,y,1909.0,1
0050,3,old_m3l3.wav,r,1924.0,1
0050,3,m1l3k1t3e2.wav,y,1508.0,1
0050,3,m2l3k1t2e2.wav,y,1216.0,1
0050,3,old_m3l3.wav,r,1371.0,1
0050,3,m1l3k2t2e1.wav,y,1222.0,1
0050,3,old_m3l3.wav,r,1141.0,1
0050,3,old_m1l3.wav,r,1268.0,1
0050,3,old_m2l3.wav,y,1433.0,1
0050,3,old_m1l3.wav,r,1388.0,1
0050,3,m2l3k1t3e1.wav,y,1450.0,1
0050,3,old_m2l3.wav,y,1763.0,1
0050,3,old_m2l3.wav,y,1261.0,1
0050,7,old_m1l7.wav,r,2477.0,1
0050,7,m1l7k1t7e2.wav,y,3586.0,1
0050,7,m2l7k1t7e1.wav,y,3491.0,1
0050,7,old_m2l7.wav,r,3615.0,1
0050,7,m2l7k1t5e3.wav,y,3080.0,1
0050,7,old_m3l7.wav,r,3244.0,1
0050,7,old_m1l7.wav,r,3145.0,1
0050,7,old_m1l7.wav,r,2993.0,1
0050,7,old_m2l7.wav,r,3082.0,1
0050,7,old_m1l7.wav,r,2848.0,1
0050,7,m3l7k2t7e3.wav,y,2911.0,1
0050,7,old_m3l7.wav,r,2833.0,1
0050,7,old_m3l7.wav,r,3025.0,1
0050,7,m1l7k2t7e1.wav,y,2847.0,1
0050,7,m1l7k1t7e1.wav,y,2865.0,1
0050,7,m3l7k2t5e2.wav,y,2680.0,1
0050,7,m1l7k1t5e1.wav,y,2456.0,1
0050,7,m3l7k2t5e1.wav,y,2430.0,1
0050,7,m1l7k2t5e3.wav,y,2008.0,1
0050,7,m1l7k1t7e3.wav,y,2702.0,1
0050,7,old_m2l7.wav,r,2831.0,1
0050,7,old_m3l7.wav,r,2706.0,1
0050,7,m1l7k1t5e2.wav,y,2257.0,1
0050,7,old_m2l7.wav,r,2931.0,1
0050,7,old_m2l7.wav,r,2782.0,1
0050,7,m1l7k2t7e2.wav,y,2587.0,1
0050,7,old_m2l7.wav,r,2804.0,1
0050,7,m2l7k2t7e1.wav,y,3263.0,1
0050,7,old_m2l7.wav,r,2693.0,1
0050,7,old_m2l7.wav,r,2654.0,1
0050,7,m3l7k1t7e2.wav,y,2912.0,1
0050,7,m1l7k2t5e1.wav,y,2112.0,1
0050,7,old_m3l7.wav,r,3643.0,1
0050,7,old_m2l7.wav,r,2598.0,1
0050,7,m2l7k2t5e1.wav,y,2814.0,1
0050,7,m3l7k1t5e2.wav,y,2043.0,1
0050,7,m3l7k2t5e3.wav,y,2200.0,1
0050,7,old_m1l7.wav,r,3421.0,1
0050,7,old_m1l7.wav,r,2787.0,1
0050,7,m2l7k1t7e2.wav,y,2818.0,1
0050,7,old_m1l7.wav,r,3336.0,1
0050,7,old_m1l7.wav,r,3248.0,1
0050,7,m3l7k1t7e1.wav,y,2700.0,1
0050,7,old_m1l7.wav,r,3480.0,1
0050,7,old_m2l7.wav,r,2621.0,1
0050,7,old_m1l7.wav,r,2672.0,1
0050,7,old_m3l7.wav,r,2593.0,1
0050,7,old_m1l7.wav,r,2713.0,1
0050,7,old_m3l7.wav,r,2497.0,1
0050,7,old_m3l7.wav,r,2790.0,1
0050,7,old_m3l7.wav,r,2544.0,1
0050,7,m2l7k1t5e2.wav,y,2523.0,1
0050,7,m1l7k2t5e2.wav,y,2137.0,1
0050,7,m3l7k2t7e2.wav,r,2765.0,1
0050,7,m2l7k2t5e2.wav,r,2958.0,1
0050,7,m1l7k2t7e3.wav,y,2704.0,1
0050,7,m2l7k2t5e3.wav,y,2399.0,1
0050,7,m2l7k1t5e1.wav,y,2116.0,1
0050,7,old_m2l7.wav,y,2599.0,1
0050,7,m2l7k2t7e2.wav,y,2891.0,1
0050,7,old_m3l7.wav,r,2581.0,1
0050,7,m3l7k2t7e1.wav,y,2875.0,1
0050,7,m1l7k1t5e3.wav,y,2305.0,1
0050,7,old_m3l7.wav,r,2597.0,1
0050,7,m3l7k1t5e1.wav,y,2209.0,1
0050,7,m3l7k1t5e3.wav,y,2688.0,1
0050,7,old_m1l7.wav,y,3203.0,1
0050,7,m2l7k2t7e3.wav,y,2907.0,1
0050,7,m3l7k1t7e3.wav,y,2723.0,1
0050,7,old_m2l7.wav,y,3271.0,1
0050,7,old_m3l7.wav,r,2607.0,1
0050,7,m2l7k1t7e3.wav,y,2716.0,1
0051,3,old_m2l3.wav,0,3000.0,1
0051,3,m1l3k2t2e3.wav,0,3000.0,1
0051,3,old_m3l3.wav,r,1381.0,1
0051,3,old_m2l3.wav,r,1917.0,1
0051,3,old_m1l3.wav,r,1883.0,1
0051,3,m3l3k1t2e2.wav,y,1462.0,1
0051,3,old_m3l3.wav,y,2059.0,1
0051,3,m1l3k2t3e2.wav,y,1492.0,1
0051,3,m1l3k1t2e2.wav,y,1298.0,1
0051,3,old_m1l3.wav,r,1304.0,1
0051,3,old_m1l3.wav,r,1367.0,1
0051,3,m1l3k2t2e1.wav,y,1245.0,1
0051,3,old_m2l3.wav,r,1409.0,1
0051,3,m2l3k1t3e1.wav,y,1991.0,1
0051,3,old_m3l3.wav,r,1140.0,1
0051,3,m2l3k1t2e3.wav,y,1300.0,1
0051,3,old_m1l3.wav,r,1101.0,1
0051,3,m1l3k1t2e1.wav,y,1286.0,1
0051,3,old_m3l3.wav,y,1340.0,1
0051,3,m3l3k2t2e2.wav,y,1246.0,1
0051,3,old_m3l3.wav,y,1273.0,1
0051,3,m1l3k1t3e1.wav,r,1470.0,1
0051,3,old_m2l3.wav,r,1313.0,1
0051,3,m3l3k2t3e2.wav,y,1367.0,1
0051,3,old_m1l3.wav,r,1120.0,1
0051,3,old_m2l3.wav,r,1481.0,1
0051,3,old_m1l3.wav,r,1290.0,1
0051,3,m3l3k2t2e1.wav,y,1308.0,1
0051,3,m2l3k2t2e2.wav,y,1371.0,1
0051,3,old_m3l3.wav,r,1730.0,1
0051,3,m3l3k2t3e1.wav,y,1411.0,1
0051,3,old_m2l3.wav,r,1416.0,1
0051,3,m2l3k1t3e3.wav,y,1402.0,1
0051,3,m3l3k1t3e3.wav,y,1464.0,1
0051,3,old_m3l3.wav,r,1091.0,1
0051,3,old_m2l3.wav,r,1553.0,1
0051,3,old_m2l3.wav,r,1200.0,1
0051,3,m2l3k1t2e2.wav,y,1345.0,1
0051,3,m3l3k1t2e3.wav,y,1460.0,1
0051,3,old_m2l3.wav,y,1337.0,1
0051,3,old_m1l3.wav,r,1081.0,1
0051,3,m2l3k1t3e2.wav,y,1328.0,1
0051,3,m2l3k1t2e1.wav,y,1310.0,1
0051,3,old_m2l3.wav,r,1294.0,1
0051,3,old_m1l3.wav,y,1748.0,1
0051,3,m3l3k2t3e3.wav,y,1447.0,1
0051,3,m3l3k2t2e3.wav,r,1136.0,1
0051,3,old_m1l3.wav,r,1394.0,1
0051,3,m2l3k2t2e1.wav,y,1295.0,1
0051,3,m1l3k1t3e3.wav,y,1330.0,1
0051,3,m2l3k2t2e3.wav,y,1219.0,1
0051,3,m3l3k1t3e2.wav,y,1335.0,1
0051,3,m1l3k1t2e3.wav,y,1292.0,1
0051,3,old_m1l3.wav,r,1150.0,1
0051,3,old_m1l3.wav,r,1147.0,1
0051,3,m1l3k2t3e3.wav,y,1427.0,1
0051,3,m2l3k2t3e3.wav,y,1323.0,1
0051,3,old_m3l3.wav,r,1180.0,1
0051,3,m2l3k2t3e1.wav,y,1485.0,1
0051,3,m1l3k2t3e1.wav,y,1842.0,1
0051,3,old_m3l3.wav,y,1373.0,1
0051,3,old_m2l3.wav,y,1296.0,1
0051,3,old_m3l3.wav,r,1198.0,1
0051,3,m3l3k1t2e1.wav,y,1332.0,1
0051,3,m1l3k1t3e2.wav,y,1495.0,1
0051,3,old_m1l3.wav,r,1064.0,1
0051,3,old_m3l3.wav,r,1108.0,1
0051,3,m3l3k1t3e1.wav,y,1291.0,1
0051,3,old_m3l3.wav,r,1219.0,1
0051,3,old_m2l3.wav,r,1245.0,1
0051,3,m2l3k2t3e2.wav,y,1401.0,1
0051,3,m1l3k2t2e2.wav,y,1461.0,1
0051,5,m1l5k2t3e3.wav,y,2224.0,1
0051,5,old_m1l5.wav,r,2011.0,1
0051,5,old_m1l5.wav,r,1987.0,1
0051,5,old_m1l5.wav,r,1937.0,1
0051,5,m3l5k2t3e1.wav,y,2196.0,1
0051,5,m1l5k2t5e2.wav,y,2668.0,1
0051,5,m1l5k1t5e1.wav,y,2256.0,1
0051,5,old_m1l5.wav,r,2060.0,1
0051,5,old_m1l5.wav,r,2072.0,1
0051,5,m1l5k2t3e2.wav,y,2159.0,1
0051,5,old_m1l5.wav,r,2035.0,1
0051,5,m3l5k2t5e1.wav,y,2019.0,1
0051,5,m3l5k1t3e1.wav,y,2500.0,1
0051,5,old_m3l5.wav,r,2122.0,1
0051,5,m2l5k1t3e1.wav,r,2141.0,1
0051,5,old_m1l5.wav,r,1822.0,1
0051,5,m3l5k2t3e3.wav,y,2414.0,1
0051,5,old_m3l5.wav,r,2211.0,1
0051,5,m2l5k1t3e3.wav,y,2072.0,1
0051,5,m2l5k2t5e1.wav,y,2040.0,1
0051,5,m2l5k2t3e2.wav,y,2090.0,1
0051,5,m2l5k1t3e2.wav,y,2085.0,1
0051,5,m2l5k1t5e1.wav,y,1951.0,1
0051,5,m1l5k1t3e1.wav,r,1845.0,1
0051,5,old_m1l5.wav,r,1963.0,1
0051,5,old_m1l5.wav,r,1948.0,1
0051,5,m3l5k2t5e3.wav,y,2330.0,1
0051,5,m3l5k2t3e2.wav,y,2272.0,1
0051,5,m2l5k1t5e2.wav,y,2591.0,1
0051,5,old_m2l5.wav,r,2277.0,1
0051,5,old_m1l5.wav,r,1953.0,1
0051,5,m1l5k2t3e1.wav,y,2079.0,1
0051,5,old_m3l5.wav,r,1824.0,1
0051,5,old_m2l5.wav,y,2120.0,1
0051,5,m1l5k1t5e3.wav,r,1991.0,1
0051,5,old_m2l5.wav,y,2041.0,1
0051,5,old_m3l5.wav,r,1833.0,1
0051,5,old_m3l5.wav,r,2035.0,1
0051,5,old_m1l5.wav,r,2025.0,1
0051,5,old_m2l5.wav,r,2354.0,1
0051,5,m3l5k2t5e2.wav,r,2052.0,1
0051,5,m1l5k1t3e3.wav,y,2056.0,1
0051,5,m2l5k2t5e3.wav,y,2008.0,1
0051,5,old_m3l5.wav,r,1898.0,1
0051,5,m1l5k2t5e3.wav,r,1914.0,1
0051,5,old_m1l5.wav,r,1776.0,1
0051,5,m3l5k1t5e3.wav,y,2011.0,1
0051,5,m1l5k2t5e1.wav,r,2204.0,1
0051,5,old_m2l5.wav,y,2027.0,1
0051,5,m1l5k1t3e2.wav,y,1910.0,1
0051,5,old_m2l5.wav,r,2035.0,1
0051,5,old_m2l5.wav,y,2163.0,1
0051,5,m3l5k1t5e2.wav,y,2608.0,1
0051,5,m2l5k2t3e3.wav,y,2003.0,1
0051,5,old_m3l5.wav,r,1778.0,1
0051,5,m2l5k2t5e2.wav,y,2013.0,1
0051,5,m1l5k1t5e2.wav,r,1814.0,1
0051,5,m3l5k1t3e2.wav,y,1948.0,1
0051,5,old_m3l5.wav,r,1907.0,1
0051,5,m2l5k1t5e3.wav,y,1860.0,1
0051,5,old_m3l5.wav,y,2041.0,1
0051,5,old_m3l5.wav,r,1844.0,1
0051,5,old_m3l5.wav,r,1761.0,1
0051,5,old_m2l5.wav,y,2257.0,1
0051,5,m2l5k2t3e1.wav,y,1803.0,1
0051,5,m3l5k1t5e1.wav,y,2063.0,1
0051,5,m3l5k1t3e3.wav,y,1888.0,1
0051,5,old_m2l5.wav,r,1981.0,1
0051,5,old_m2l5.wav,r,2075.0,1
0051,5,old_m2l5.wav,r,2006.0,1
0051,5,old_m3l5.wav,r,1963.0,1
0051,5,old_m2l5.wav,r,1977.0,1
0051,7,old_m1l7.wav,0,4500.0,1
0051,7,old_m1l7.wav,r,3146.0,1
0051,7,old_m3l7.wav,r,3026.0,1
0051,7,m2l7k2t5e3.wav,y,3050.0,1
0051,7,old_m1l7.wav,r,2614.0,1
0051,7,old_m2l7.wav,y,2912.0,1
0051,7,m1l7k2t7e1.wav,r,2635.0,1
0051,7,old_m3l7.wav,r,2927.0,1
0051,7,old_m2l7.wav,y,2796.0,1
0051,7,old_m1l7.wav,r,2398.0,1
0051,7,m3l7k2t7e1.wav,y,2480.0,1
0051,7,m3l7k2t5e3.wav,y,2674.0,1
0051,7,m2l7k1t5e3.wav,y,2716.0,1
0051,7,m3l7k1t7e2.wav,y,3052.0,1
0051,7,old_m2l7.wav,r,2537.0,1
0051,7,old_m1l7.wav,r,2592.0,1
0051,7,m1l7k2t7e3.wav,y,2945.0,1
0051,7,m2l7k1t7e1.wav,y,2908.0,1
0051,7,old_m2l7.wav,y,3107.0,1
0051,7,m1l7k1t5e2.wav,y,2853.0,1
0051,7,old_m1l7.wav,r,2757.0,1
0051,7,old_m1l7.wav,r,2717.0,1
0051,7,m1l7k1t7e3.wav,y,2805.0,1
0051,7,old_m2l7.wav,r,2683.0,1
0051,7,m3l7k2t7e3.wav,y,2673.0,1
0051,7,old_m1l7.wav,r,2630.0,1
0051,7,old_m3l7.wav,y,2984.0,1
0051,7,m2l7k1t5e2.wav,y,2969.0,1
0051,7,m2l7k2t5e2.wav,y,2810.0,1
0051,7,m3l7k2t5e2.wav,r,2760.0,1
0051,7,m1l7k2t5e3.wav,y,2684.0,1
0051,7,old_m2l7.wav,r,2526.0,1
0051,7,m3l7k1t7e1.wav,y,2921.0,1
0051,7,old_m3l7.wav,r,2855.0,1
0051,7,old_m3l7.wav,r,2618.0,1
0051,7,m1l7k1t7e1.wav,y,2842.0,1
0051,7,m2l7k2t7e3.wav,y,2858.0,1
0051,7,old_m1l7.wav,r,2674.0,1
0051,7,old_m3l7.wav,r,2870.0,1
0051,7,m1l7k1t7e2.wav,y,2877.0,1
0051,7,old_m1l7.wav,r,2647.0,1
0051,7,m3l7k1t5e2.wav,r,2761.0,1
0051,7,m3l7k1t5e1.wav,y,2639.0,1
0051,7,m2l7k1t7e2.wav,y,2873.0,1
0051,7,old_m3l7.wav,r,2736.0,1
0051,7,m1l7k2t5e1.wav,y,2658.0,1
0051,7,m1l7k2t5e2.wav,y,2784.0,1
0051,7,old_m2l7.wav,r,2630.0,1
0051,7,old_m3l7.wav,r,2628.0,1
0051,7,m3l7k2t7e2.wav,y,2738.0,1
0051,7,old_m2l7.wav,r,2476.0,1
0051,7,old_m2l7.wav,r,2483.0,1
0051,7,old_m2l7.wav,r,2596.0,1
0051,7,m3l7k1t5e3.wav,r,3019.0,1
0051,7,m3l7k2t5e1.wav,r,2512.0,1
0051,7,m2l7k1t5e1.wav,y,2679.0,1
0051,7,old_m2l7.wav,r,2571.0,1
0051,7,old_m3l7.wav,r,2694.0,1
0051,7,old_m3l7.wav,r,2637.0,1
0051,7,m1l7k2t7e2.wav,y,2854.0,1
0051,7,m2l7k2t5e1.wav,y,2707.0,1
0051,7,old_m1l7.wav,r,2668.0,1
0051,7,m1l7k1t5e3.wav,y,2602.0,1
0051,7,old_m3l7.wav,r,2575.0,1
0051,7,m3l7k1t7e3.wav,y,2859.0,1
0051,7,m2l7k2t7e1.wav,r,2651.0,1
0051,7,m2l7k1t7e3.wav,y,3022.0,1
0051,7,old_m2l7.wav,r,2551.0,1
0051,7,old_m1l7.wav,r,2740.0,1
0051,7,old_m3l7.wav,r,2680.0,1
0051,7,m1l7k1t5e1.wav,y,2840.0,1
0051,7,m2l7k2t7e2.wav,y,4151.0,1
0052,3,m1l3k2t3e1.wav,0,3000.0,1
0052,3,old_m1l3.wav,y,2326.0,1
0052,3,m1l3k2t2e2.wav,0,3000.0,1
0052,3,old_m3l3.wav,0,3000.0,1
0052,3,m2l3k1t3e1.wav,0,3000.0,1
0052,3,old_m1l3.wav,r,1438.0,1
0052,3,old_m2l3.wav,r,1985.0,1
0052,3,m3l3k1t2e2.wav,r,1236.0,1
0052,3,m3l3k1t3e3.wav,0,3000.0,1
0052,3,old_m3l3.wav,r,1874.0,1
0052,3,old_m3l3.wav,r,2374.0,1
0052,3,old_m2l3.wav,0,3000.0,1
0052,3,old_m2l3.wav,y,1610.0,1
0052,3,m1l3k1t3e1.wav,0,3000.0,1
0052,3,m1l3k2t3e3.wav,0,3000.0,1
0052,3,m3l3k2t3e2.wav,y,1902.0,1
0052,3,m1l3k2t2e3.wav,0,3000.0,1
0052,3,old_m2l3.wav,y,1380.0,1
0052,3,old_m1l3.wav,0,3000.0,1
0052,3,old_m2l3.wav,0,3000.0,1
0052,3,old_m1l3.wav,r,1194.0,1
0052,3,old_m1l3.wav,y,1217.0,1
0052,3,m3l3k2t2e1.wav,0,3000.0,1
0052,3,m3l3k2t3e3.wav,y,1840.0,1
0052,3,m1l3k1t2e2.wav,0,3000.0,1
0052,3,m3l3k2t3e1.wav,y,1359.0,1
0052,3,m2l3k1t2e3.wav,y,1342.0,1
0052,3,m2l3k2t2e3.wav,y,1476.0,1
0052,3,m3l3k2t2e2.wav,y,1345.0,1
0052,3,m2l3k1t2e1.wav,y,1900.0,1
0052,3,m1l3k1t2e1.wav,y,1557.0,1
0052,3,old_m1l3.wav,y,1319.0,1
0052,3,m1l3k1t3e3.wav,y,1198.0,1
0052,3,m2l3k2t3e3.wav,y,1511.0,1
0052,3,old_m2l3.wav,0,3000.0,1
0052,3,m2l3k1t3e3.wav,y,966.0,1
0052,3,old_m3l3.wav,y,1116.0,1
0052,3,old_m1l3.wav,y,1221.0,1
0052,3,old_m3l3.wav,y,1178.0,1
0052,3,m2l3k1t2e2.wav,y,1198.0,1
0052,3,m2l3k2t2e2.wav,y,952.0,1
0052,3,m3l3k1t2e1.wav,0,3000.0,1
0052,3,m2l3k2t3e2.wav,y,1218.0,1
0052,3,m2l3k2t2e1.wav,y,1324.0,1
0052,3,m1l3k2t2e1.wav,y,1311.0,1
0052,3,m1l3k2t3e2.wav,y,1326.0,1
0052,3,m1l3k1t2e3.wav,0,3000.0,1
0052,3,old_m1l3.wav,0,3000.0,1
0052,3,old_m1l3.wav,y,1287.0,1
0052,3,old_m3l3.wav,y,1195.0,1
0052,3,old_m3l3.wav,0,3000.0,1
0052,3,old_m2l3.wav,0,3000.0,1
0052,3,old_m3l3.wav,y,1340.0,1
0052,3,m3l3k1t3e1.wav,y,1374.0,1
0052,3,old_m1l3.wav,r,1568.0,1
0052,3,old_m3l3.wav,y,1863.0,1
0052,3,m3l3k2t2e3.wav,r,2113.0,1
0052,3,m2l3k2t3e1.wav,y,1443.0,1
0052,3,old_m2l3.wav,y,1399.0,1
0052,3,old_m1l3.wav,r,1381.0,1
0052,3,old_m2l3.wav,0,3000.0,1
0052,3,m3l3k1t3e2.wav,0,3000.0,1
0052,3,old_m3l3.wav,0,3000.0,1
0052,3,old_m1l3.wav,y,1494.0,1
0052,3,m3l3k1t2e3.wav,y,2080.0,1
0052,3,old_m3l3.wav,r,2070.0,1
0052,3,old_m3l3.wav,y,1494.0,1
0052,3,old_m2l3.wav,0,3000.0,1
0052,3,m2l3k1t3e2.wav,y,1318.0,1
0052,3,old_m2l3.wav,0,3000.0,1
0052,3,m1l3k1t3e2.wav,r,2632.0,1
0052,3,old_m2l3.wav,y,1223.0,1
0052,5,m3l5k2t3e3.wav,0,3700.0,1
0052,5,m2l5k1t5e1.wav,y,2225.0,1
0052,5,m1l5k1t5e1.wav,y,3099.0,1
0052,5,m2l5k1t3e1.wav,r,3647.0,1
0052,5,m3l5k2t5e3.wav,0,3700.0,1
0052,5,m1l5k1t3e1.wav,0,3700.0,1
0052,5,m1l5k2t5e2.wav,y,3554.0,1
0052,5,old_m3l5.wav,y,3146.0,1
0052,5,m1l5k2t5e1.wav,y,2635.0,1
0052,5,m1l5k1t3e2.wav,0,3700.0,1
0052,5,old_m3l5.wav,y,2092.0,1
0052,5,old_m3l5.wav,0,3700.0,1
0052,5,old_m3l5.wav,0,3700.0,1
0052,5,old_m2l5.wav,0,3700.0,1
0052,5,old_m1l5.wav,r,3364.0,1
0052,5,old_m2l5.wav,y,3040.0,1
0052,5,old_m1l5.wav,y,2353.0,1
0052,5,old_m3l5.wav,0,3700.0,1
0052,5,old_m2l5.wav,y,2181.0,1
0052,5,m3l5k2t5e2.wav,0,3700.0,1
0052,5,old_m2l5.wav,y,2166.0,1
0052,5,old_m2l5.wav,0,3700.0,1
0052,5,m3l5k1t5e3.wav,y,2177.0,1
0052,5,old_m1l5.wav,0,3700.0,1
0052,5,old_m1l5.wav,y,2098.0,1
0052,5,m2l5k1t3e2.wav,0,3700.0,1
0052,5,m2l5k2t5e1.wav,y,2037.0,1
0052,5,m2l5k2t3e1.wav,y,2059.0,1
0052,5,m2l5k2t3e3.wav,0,3700.0,1
0052,5,m2l5k1t3e3.wav,0,3700.0,1
0052,5,m3l5k1t3e1.wav,y,1919.0,1
0052,5,old_m1l5.wav,y,1899.0,1
0052,5,old_m3l5.wav,y,2865.0,1
0052,5,m1l5k1t5e2.wav,0,3700.0,1
0052,5,old_m2l5.wav,0,3700.0,1
0052,5,m2l5k2t3e2.wav,0,3700.0,1
0052,5,old_m1l5.wav,y,2092.0,1
0052,5,m1l5k1t5e3.wav,0,3700.0,1
0052,5,old_m2l5.wav,0,3700.0,1
0052,5,old_m2l5.wav,0,3700.0,1
0052,5,old_m1l5.wav,y,2161.0,1
0052,5,m3l5k1t3e2.wav,0,3700.0,1
0052,5,old_m2l5.wav,0,3700.0,1
0052,5,old_m3l5.wav,y,2296.0,1
0052,5,m2l5k2t5e3.wav,y,2276.0,1
0052,5,old_m3l5.wav,0,3700.0,1
0052,5,m2l5k1t5e3.wav,y,2069.0,1
0052,5,old_m1l5.wav,0,3700.0,1
0052,5,m3l5k1t5e1.wav,y,2177.0,0
0052,5,old_m1l5.wav,y,1927.0,0
0052,5,m1l5k2t3e1.wav,y,2289.0,0
0052,5,old_m3l5.wav,y,1968.0,0
0052,5,old_m1l5.wav,y,2123.0,1
0052,5,m3l5k2t3e1.wav,y,2696.0,1
0052,5,old_m1l5.wav,0,3700.0,1
0052,5,old_m2l5.wav,r,2806.0,1
0052,5,old_m2l5.wav,r,2768.0,1
0052,5,m2l5k2t5e2.wav,r,2584.0,1
0052,5,old_m3l5.wav,y,2892.0,1
0052,5,m1l5k2t5e3.wav,y,2319.0,1
0052,5,m1l5k2t3e3.wav,y,2257.0,1
0052,5,m1l5k1t3e3.wav,y,2175.0,1
0052,5,old_m1l5.wav,y,2311.0,1
0052,5,old_m3l5.wav,y,2291.0,1
0052,5,m3l5k1t3e3.wav,y,2180.0,1
0052,5,old_m2l5.wav,y,2116.0,1
0052,5,m3l5k2t5e1.wav,y,2312.0,1
0052,5,m2l5k1t5e2.wav,y,2649.0,1
0052,5,old_m3l5.wav,y,2816.0,1
0052,5,m1l5k2t3e2.wav,r,3290.0,1
0052,5,m3l5k2t3e2.wav,r,2704.0,1
0052,5,m3l5k1t5e2.wav,r,2530.0,1
0052,7,m3l7k1t7e2.wav,0,4500.0,1
0052,7,m3l7k2t5e3.wav,0,4500.0,1
0052,7,old_m3l7.wav,r,3727.0,1
0052,7,old_m3l7.wav,r,3099.0,1
0052,7,old_m2l7.wav,r,3411.0,1
0052,7,m3l7k1t7e3.wav,y,3756.0,1
0052,7,m1l7k1t7e2.wav,r,3300.0,1
0052,7,old_m1l7.wav,r,3573.0,1
0052,7,m2l7k2t5e3.wav,y,2896.0,1
0052,7,old_m2l7.wav,y,3053.0,1
0052,7,old_m3l7.wav,y,4058.0,1
0052,7,old_m1l7.wav,r,3145.0,1
0052,7,old_m3l7.wav,r,3362.0,1
0052,7,old_m3l7.wav,r,3107.0,1
0052,7,old_m2l7.wav,y,3574.0,1
0052,7,old_m1l7.wav,r,3176.0,1
0052,7,m3l7k1t5e3.wav,r,2681.0,1
0052,7,old_m2l7.wav,r,3618.0,1
0052,7,m1l7k1t5e2.wav,y,3655.0,1
0052,7,old_m3l7.wav,y,3200.0,1
0052,7,m2l7k1t5e1.wav,y,3232.0,1
0052,7,m2l7k2t5e2.wav,y,2791.0,1
0052,7,m3l7k1t5e1.wav,y,3008.0,1
0052,7,old_m1l7.wav,y,2971.0,1
0052,7,m3l7k1t5e2.wav,y,2804.0,1
0052,7,old_m2l7.wav,y,2702.0,1
0052,7,old_m1l7.wav,y,2685.0,1
0052,7,old_m1l7.wav,y,3019.0,1
0052,7,m2l7k2t7e1.wav,y,2924.0,1
0052,7,m1l7k1t5e3.wav,y,3261.0,1
0052,7,old_m3l7.wav,y,3285.0,1
0052,7,old_m1l7.wav,y,2669.0,1
0052,7,m1l7k2t5e1.wav,y,2625.0,1
0052,7,m1l7k2t7e1.wav,y,3020.0,1
0052,7,old_m1l7.wav,y,2897.0,1
0052,7,m3l7k2t5e2.wav,y,2947.0,1
0052,7,old_m3l7.wav,y,3023.0,1
0052,7,m1l7k2t5e3.wav,y,2801.0,1
0052,7,m1l7k2t7e2.wav,y,2811.0,1
0052,7,m3l7k1t7e1.wav,0,4500.0,1
0052,7,old_m2l7.wav,y,2993.0,1
0052,7,m3l7k2t5e1.wav,y,2924.0,1
0052,7,m2l7k2t7e2.wav,y,2943.0,1
0052,7,old_m2l7.wav,y,2769.0,1
0052,7,old_m1l7.wav,y,2562.0,0
0052,7,old_m2l7.wav,y,2598.0,0
0052,7,m1l7k2t7e3.wav,y,2731.0,0
0052,7,m2l7k1t7e1.wav,y,3079.0,0
0052,7,old_m2l7.wav,y,2971.0,0
0052,7,old_m1l7.wav,y,2954.0,0
0052,7,m3l7k2t7e1.wav,y,2944.0,1
0052,7,m1l7k1t7e3.wav,y,2545.0,1
0052,7,m2l7k2t7e3.wav,y,2647.0,1
0052,7,old_m1l7.wav,y,2827.0,1
0052,7,old_m3l7.wav,0,4500.0,1
0052,7,m2l7k1t7e3.wav,y,3509.0,1
0052,7,m2l7k1t7e2.wav,0,4500.0,1
0052,7,old_m3l7.wav,0,4500.0,1
0052,7,old_m3l7.wav,y,2934.0,1
0052,7,m1l7k1t5e1.wav,y,3254.0,1
0052,7,old_m2l7.wav,0,4500.0,1
0052,7,old_m2l7.wav,y,2631.0,1
0052,7,m1l7k2t5e2.wav,0,4500.0,1
0052,7,old_m3l7.wav,r,3365.0,1
0052,7,old_m1l7.wav,r,2991.0,1
0052,7,m3l7k2t7e3.wav,y,3342.0,1
0052,7,m1l7k1t7e1.wav,y,3812.0,1
0052,7,old_m2l7.wav,y,3028.0,1
0052,7,m2l7k1t5e3.wav,y,2952.0,1
0052,7,m2l7k1t5e2.wav,y,2943.0,0
0052,7,m2l7k2t5e1.wav,y,3301.0,0
0052,7,m3l7k2t7e2.wav,y,3241.0,0
0053,3,old_m3l3.wav,r,1813.0,1
0053,3,old_m1l3.wav,r,1398.0,1
0053,3,old_m2l3.wav,r,1327.0,1
0053,3,m3l3k1t3e1.wav,r,1409.0,1
0053,3,m2l3k2t3e2.wav,r,2105.0,1
0053,3,m2l3k2t2e1.wav,0,3000.0,1
0053,3,m1l3k2t2e2.wav,r,2009.0,1
0053,3,old_m2l3.wav,r,1437.0,1
0053,3,m3l3k2t2e3.wav,r,1755.0,1
0053,3,old_m2l3.wav,r,1492.0,1
0053,3,m2l3k2t2e2.wav,y,1687.0,1
0053,3,old_m1l3.wav,r,2115.0,1
0053,3,old_m2l3.wav,r,1657.0,1
0053,3,m3l3k2t3e3.wav,y,1921.0,1
0053,3,m1l3k1t3e3.wav,y,1692.0,1
0053,3,old_m2l3.wav,r,2184.0,1
0053,3,old_m1l3.wav,r,2874.0,1
0053,3,old_m1l3.wav,r,1409.0,1
0053,3,m3l3k1t3e3.wav,y,1970.0,1
0053,3,m2l3k1t3e2.wav,y,1816.0,1
0053,3,old_m2l3.wav,r,2244.0,1
0053,3,m3l3k2t3e2.wav,y,2010.0,1
0053,3,m1l3k1t3e2.wav,y,1697.0,1
0053,3,old_m1l3.wav,r,1649.0,1
0053,3,old_m2l3.wav,r,1708.0,1
0053,3,old_m1l3.wav,0,3000.0,1
0053,3,m3l3k2t3e1.wav,r,2701.0,1
0053,3,m3l3k1t3e2.wav,r,1759.0,1
0053,3,old_m2l3.wav,y,2019.0,1
0053,3,m2l3k2t2e3.wav,y,1540.0,1
0053,3,old_m1l3.wav,r,1401.0,1
0053,3,old_m1l3.wav,r,1759.0,1
0053,3,old_m3l3.wav,r,2170.0,1
0053,3,m2l3k1t3e1.wav,r,1543.0,1
0053,3,m1l3k2t3e3.wav,y,2564.0,1
0053,3,old_m1l3.wav,r,1654.0,1
0053,3,m2l3k1t2e3.wav,y,1736.0,1
0053,3,m1l3k2t3e1.wav,r,1672.0,1
0053,3,old_m3l3.wav,y,1877.0,1
0053,3,m2l3k2t3e3.wav,y,1648.0,1
0053,3,m3l3k1t2e2.wav,y,1766.0,1
0053,3,old_m3l3.wav,r,1752.0,1
0053,3,old_m2l3.wav,r,1579.0,1
0053,3,m2l3k2t3e1.wav,y,1920.0,1
0053,3,old_m1l3.wav,r,2191.0,1
0053,3,m3l3k1t2e1.wav,y,2128.0,1
0053,3,m3l3k1t2e3.wav,y,2383.0,1
0053,3,old_m2l3.wav,r,2212.0,1
0053,3,old_m2l3.wav,r,1330.0,1
0053,3,m2l3k1t2e1.wav,y,1410.0,1
0053,3,m3l3k2t2e2.wav,r,1567.0,1
0053,3,m2l3k1t3e3.wav,0,3000.0,1
0053,3,m1l3k1t2e2.wav,y,1199.0,1
0053,3,m1l3k2t2e3.wav,y,2139.0,1
0053,3,old_m3l3.wav,r,2056.0,1
0053,3,old_m3l3.wav,r,1527.0,1
0053,3,old_m3l3.wav,r,2144.0,1
0053,3,old_m3l3.wav,r,1511.0,1
0053,3,old_m2l3.wav,r,1586.0,1
0053,3,m1l3k2t3e2.wav,y,1660.0,1
0053,3,m1l3k1t2e3.wav,r,2326.0,1
0053,3,old_m1l3.wav,r,1654.0,1
0053,3,m1l3k2t2e1.wav,y,1415.0,1
0053,3,old_m3l3.wav,r,2095.0,1
0053,3,m3l3k2t2e1.wav,y,1635.0,1
0053,3,m1l3k1t3e1.wav,r,1981.0,1
0053,3,old_m3l3.wav,r,1914.0,1
0053,3,m1l3k1t2e1.wav,y,1440.0,1
0053,3,old_m3l3.wav,r,2349.0,1
0053,3,m2l3k1t2e2.wav,y,1214.0,1
0053,3,old_m3l3.wav,r,2317.0,1
0053,3,old_m1l3.wav,r,2637.0,1
0053,5,m2l5k2t5e2.wav,r,3389.0,1
0053,5,old_m2l5.wav,r,2751.0,1
0053,5,old_m3l5.wav,r,3470.0,1
0053,5,m1l5k2t3e1.wav,y,3419.0,1
0053,5,m3l5k2t3e2.wav,y,2777.0,1
0053,5,m1l5k2t5e1.wav,r,2253.0,1
0053,5,old_m2l5.wav,r,2089.0,1
0053,5,old_m3l5.wav,r,2701.0,1
0053,5,old_m2l5.wav,r,2508.0,1
0053,5,m1l5k1t5e2.wav,y,2960.0,1
0053,5,old_m2l5.wav,r,2324.0,1
0053,5,m1l5k1t3e1.wav,y,2160.0,1
0053,5,old_m3l5.wav,y,2996.0,1
0053,5,old_m1l5.wav,r,1857.0,1
0053,5,m2l5k1t5e2.wav,y,3040.0,1
0053,5,m3l5k2t3e3.wav,y,2100.0,1
0053,5,m3l5k2t5e3.wav,y,2534.0,1
0053,5,old_m2l5.wav,r,2530.0,1
0053,5,m1l5k2t5e3.wav,r,3245.0,1
0053,5,old_m1l5.wav,r,2146.0,1
0053,5,m3l5k1t3e3.wav,y,1809.0,1
0053,5,old_m1l5.wav,r,2299.0,1
0053,5,m1l5k2t3e2.wav,y,2001.0,1
0053,5,m2l5k2t3e1.wav,y,3322.0,1
0053,5,old_m1l5.wav,r,2143.0,1
0053,5,old_m3l5.wav,r,2333.0,1
0053,5,m2l5k1t5e3.wav,y,2442.0,1
0053,5,m3l5k1t5e3.wav,y,3224.0,1
0053,5,m3l5k1t5e2.wav,r,2569.0,1
0053,5,old_m1l5.wav,r,2074.0,1
0053,5,old_m2l5.wav,r,2486.0,1
0053,5,m2l5k2t5e1.wav,r,2453.0,1
0053,5,m3l5k1t5e1.wav,y,2979.0,1
0053,5,old_m2l5.wav,0,3700.0,1
0053,5,m1l5k1t5e1.wav,y,2694.0,1
0053,5,old_m1l5.wav,r,2537.0,1
0053,5,old_m2l5.wav,0,3700.0,1
0053,5,old_m1l5.wav,r,2195.0,1
0053,5,old_m3l5.wav,r,2718.0,1
0053,5,old_m2l5.wav,r,2473.0,1
0053,5,m3l5k1t3e1.wav,y,2512.0,1
0053,5,m1l5k2t3e3.wav,y,1904.0,1
0053,5,old_m2l5.wav,r,2279.0,1
0053,5,old_m3l5.wav,r,2557.0,1
0053,5,m3l5k2t3e1.wav,r,2390.0,1
0053,5,m1l5k1t5e3.wav,y,2349.0,1
0053,5,m3l5k1t3e2.wav,y,2381.0,1
0053,5,m2l5k1t3e1.wav,r,2778.0,1
0053,5,old_m2l5.wav,r,2246.0,1
0053,5,old_m1l5.wav,r,2173.0,1
0053,5,m1l5k2t5e2.wav,y,2378.0,1
0053,5,old_m3l5.wav,r,2446.0,1
0053,5,old_m3l5.wav,r,2318.0,1
0053,5,m3l5k2t5e1.wav,y,3582.0,1
0053,5,old_m1l5.wav,r,2126.0,1
0053,5,old_m3l5.wav,r,2620.0,1
0053,5,old_m1l5.wav,r,3012.0,1
0053,5,old_m3l5.wav,r,3072.0,1
0053,5,m2l5k2t3e2.wav,y,1849.0,1
0053,5,m3l5k2t5e2.wav,y,2104.0,1
0053,5,m1l5k1t3e2.wav,y,1762.0,1
0053,5,m1l5k1t3e3.wav,y,1672.0,1
0053,5,m2l5k2t3e3.wav,y,1964.0,1
0053,5,old_m1l5.wav,r,2208.0,1
0053,5,old_m3l5.wav,r,2159.0,1
0053,5,old_m2l5.wav,y,3574.0,1
0053,5,m2l5k1t5e1.wav,y,3473.0,1
0053,5,m2l5k1t3e3.wav,y,1949.0,1
0053,5,m2l5k2t5e3.wav,y,2128.0,1
0053,5,m2l5k1t3e2.wav,y,2071.0,1
0053,5,old_m1l5.wav,r,2080.0,1
0053,5,old_m3l5.wav,r,2063.0,1
0053,7,old_m3l7.wav,r,3584.0,1
0053,7,m2l7k2t7e2.wav,y,3891.0,1
0053,7,old_m1l7.wav,r,2709.0,1
0053,7,old_m1l7.wav,r,2918.0,1
0053,7,old_m2l7.wav,y,4302.0,1
0053,7,m2l7k2t5e3.wav,y,2943.0,1
0053,7,m3l7k2t7e3.wav,y,3050.0,1
0053,7,m3l7k1t5e3.wav,y,2481.0,1
0053,7,m3l7k1t5e1.wav,y,2764.0,1
0053,7,m2l7k1t7e1.wav,y,2996.0,1
0053,7,old_m3l7.wav,r,3208.0,1
0053,7,old_m3l7.wav,r,2824.0,1
0053,7,m2l7k1t7e3.wav,r,2774.0,1
0053,7,old_m2l7.wav,r,3027.0,1
0053,7,old_m2l7.wav,r,3154.0,1
0053,7,m3l7k2t7e2.wav,y,3663.0,1
0053,7,m1l7k2t5e2.wav,r,2869.0,1
0053,7,m3l7k1t7e2.wav,r,3654.0,1
0053,7,m1l7k1t7e3.wav,y,3434.0,1
0053,7,old_m2l7.wav,0,4500.0,1
0053,7,old_m1l7.wav,r,3722.0,1
0053,7,m1l7k2t5e3.wav,y,3007.0,1
0053,7,old_m3l7.wav,r,3062.0,1
0053,7,m1l7k2t7e2.wav,y,2968.0,1
0053,7,old_m2l7.wav,y,3201.0,1
0053,7,old_m2l7.wav,y,3113.0,1
0053,7,old_m2l7.wav,y,2847.0,1
0053,7,m1l7k1t7e2.wav,r,3200.0,1
0053,7,old_m1l7.wav,r,3169.0,1
0053,7,m3l7k1t7e3.wav,y,3032.0,1
0053,7,m1l7k1t7e1.wav,y,2948.0,1
0053,7,m3l7k2t5e1.wav,y,3408.0,1
0053,7,m2l7k1t5e2.wav,y,3015.0,1
0053,7,old_m3l7.wav,r,3496.0,1
0053,7,m3l7k2t5e2.wav,y,2965.0,1
0053,7,m1l7k1t5e2.wav,r,2856.0,1
0053,7,m3l7k2t5e3.wav,r,3329.0,1
0053,7,old_m3l7.wav,r,3031.0,1
0053,7,old_m3l7.wav,r,3099.0,1
0053,7,old_m2l7.wav,y,3598.0,1
0053,7,m3l7k1t5e2.wav,y,2583.0,1
0053,7,old_m1l7.wav,r,3292.0,1
0053,7,old_m2l7.wav,y,4446.0,1
0053,7,old_m1l7.wav,r,2806.0,1
0053,7,m1l7k1t5e1.wav,r,3494.0,1
0053,7,old_m2l7.wav,r,2956.0,1
0053,7,m1l7k2t7e3.wav,y,2826.0,1
0053,7,m2l7k2t5e2.wav,r,3429.0,1
0053,7,m2l7k2t7e3.wav,y,3099.0,1
0053,7,m2l7k2t5e1.wav,r,4178.0,1
0053,7,old_m3l7.wav,r,3042.0,1
0053,7,old_m1l7.wav,r,2546.0,1
0053,7,m3l7k2t7e1.wav,y,4109.0,1
0053,7,m1l7k2t5e1.wav,y,2648.0,1
0053,7,old_m3l7.wav,y,3383.0,1
0053,7,old_m1l7.wav,r,3001.0,1
0053,7,old_m2l7.wav,y,3836.0,1
0053,7,m3l7k1t7e1.wav,y,2767.0,1
0053,7,old_m1l7.wav,r,3006.0,1
0053,7,old_m3l7.wav,r,2898.0,1
0053,7,old_m3l7.wav,r,2787.0,1
0053,7,old_m3l7.wav,r,2886.0,1
0053,7,m2l7k1t7e2.wav,y,3617.0,1
0053,7,m2l7k1t5e3.wav,y,2541.0,1
0053,7,old_m1l7.wav,r,2902.0,1
0053,7,m1l7k2t7e1.wav,y,3692.0,1
0053,7,old_m1l7.wav,r,2783.0,1
0053,7,old_m1l7.wav,r,2718.0,1
0053,7,m2l7k2t7e1.wav,y,3744.0,1
0053,7,old_m2l7.wav,r,3504.0,1
0053,7,m2l7k1t5e1.wav,y,2657.0,1
0053,7,m1l7k1t5e3.wav,y,3138.0,1
0054,3,m1l3k1t2e1.wav,0,3000.0,1
0054,3,old_m3l3.wav,y,1620.0,1
0054,3,old_m2l3.wav,r,1770.0,1
0054,3,m3l3k1t2e1.wav,y,1415.0,1
0054,3,old_m1l3.wav,y,1227.0,1
0054,3,m2l3k2t3e2.wav,r,2270.0,1
0054,3,old_m3l3.wav,y,1338.0,1
0054,3,old_m1l3.wav,y,1560.0,1
0054,3,m1l3k1t3e3.wav,y,1107.0,1
0054,3,m1l3k2t2e2.wav,y,1129.0,1
0054,3,old_m3l3.wav,r,1174.0,1
0054,3,old_m3l3.wav,r,1374.0,1
0054,3,old_m2l3.wav,r,2241.0,1
0054,3,m3l3k2t3e1.wav,y,1465.0,1
0054,3,m2l3k2t3e3.wav,r,2083.0,1
0054,3,m3l3k1t2e3.wav,y,1539.0,1
0054,3,m1l3k2t3e2.wav,y,1164.0,1
0054,3,old_m3l3.wav,r,1666.0,1
0054,3,m1l3k1t3e1.wav,y,1506.0,1
0054,3,m1l3k2t2e1.wav,y,1206.0,1
0054,3,old_m1l3.wav,r,1214.0,1
0054,3,old_m1l3.wav,r,1143.0,1
0054,3,m3l3k2t3e3.wav,r,1675.0,1
0054,3,m2l3k1t3e3.wav,y,1522.0,1
0054,3,old_m1l3.wav,r,2209.0,1
0054,3,m3l3k2t2e3.wav,r,2163.0,1
0054,3,m2l3k1t3e1.wav,r,2167.0,1
0054,3,m3l3k1t2e2.wav,y,1326.0,1
0054,3,old_m2l3.wav,y,1596.0,1
0054,3,old_m2l3.wav,y,1243.0,1
0054,3,old_m3l3.wav,r,2902.0,1
0054,3,m3l3k1t3e1.wav,y,2485.0,1
0054,3,old_m3l3.wav,r,1538.0,1
0054,3,old_m2l3.wav,y,1215.0,1
0054,3,old_m2l3.wav,y,1206.0,1
0054,3,old_m2l3.wav,r,1310.0,1
0054,3,m1l3k2t2e3.wav,y,986.0,1
0054,3,m2l3k1t2e2.wav,y,1088.0,1
0054,3,m2l3k2t2e3.wav,y,1495.0,1
0054,3,m2l3k2t2e1.wav,y,1082.0,1
0054,3,old_m1l3.wav,r,2335.0,1
0054,3,m1l3k1t2e3.wav,y,1424.0,1
0054,3,m3l3k2t2e2.wav,y,1420.0,1
0054,3,old_m2l3.wav,r,1236.0,1
0054,3,m1l3k2t3e3.wav,y,1167.0,1
0054,3,m2l3k1t2e1.wav,y,1140.0,1
0054,3,m2l3k2t3e1.wav,r,1378.0,1
0054,3,old_m3l3.wav,y,1401.0,1
0054,3,old_m2l3.wav,y,1774.0,1
0054,3,old_m1l3.wav,y,1107.0,1
0054,3,old_m3l3.wav,r,1240.0,1
0054,3,old_m2l3.wav,r,1628.0,1
0054,3,old_m2l3.wav,r,1650.0,1
0054,3,m1l3k2t3e1.wav,y,1138.0,1
0054,3,m3l3k1t3e3.wav,r,1849.0,1
0054,3,m3l3k2t2e1.wav,y,1134.0,1
0054,3,old_m3l3.wav,r,1359.0,1
0054,3,old_m3l3.wav,r,1173.0,1
0054,3,old_m1l3.wav,y,1040.0,1
0054,3,old_m1l3.wav,r,1699.0,1
0054,3,m1l3k1t2e2.wav,y,2067.0,1
0054,3,old_m1l3.wav,y,1572.0,1
0054,3,m2l3k1t2e3.wav,y,976.0,1
0054,3,old_m2l3.wav,y,1148.0,1
0054,3,old_m3l3.wav,r,1805.0,1
0054,3,old_m1l3.wav,y,1386.0,1
0054,3,m2l3k1t3e2.wav,y,1411.0,1
0054,3,m2l3k2t2e2.wav,r,1183.0,1
0054,3,m3l3k2t3e2.wav,r,1605.0,1
0054,3,m1l3k1t3e2.wav,r,1536.0,1
0054,3,old_m1l3.wav,r,2528.0,1
0054,3,m3l3k1t3e2.wav,r,1564.0,1
0054,5,m1l5k2t3e1.wav,y,3303.0,1
0054,5,old_m2l5.wav,0,3700.0,1
0054,5,m2l5k2t3e2.wav,y,2089.0,1
0054,5,m1l5k1t5e2.wav,r,2978.0,1
0054,5,m3l5k1t3e1.wav,r,2212.0,1
0054,5,m3l5k2t3e1.wav,r,2117.0,1
0054,5,m2l5k2t3e3.wav,y,2066.0,1
0054,5,old_m2l5.wav,r,2026.0,1
0054,5,old_m2l5.wav,r,1984.0,1
0054,5,m3l5k1t3e2.wav,y,2154.0,1
0054,5,old_m2l5.wav,r,2192.0,1
0054,5,m1l5k2t5e3.wav,r,1854.0,1
0054,5,old_m3l5.wav,r,2073.0,1
0054,5,old_m3l5.wav,r,2102.0,1
0054,5,m2l5k1t3e2.wav,y,1951.0,1
0054,5,m1l5k1t3e2.wav,r,2892.0,1
0054,5,old_m1l5.wav,r,1702.0,1
0054,5,m1l5k1t5e1.wav,y,2139.0,1
0054,5,m1l5k1t5e3.wav,r,2346.0,1
0054,5,m3l5k2t5e2.wav,r,3089.0,1
0054,5,old_m1l5.wav,r,2288.0,1
0054,5,old_m2l5.wav,r,1968.0,1
0054,5,m1l5k2t5e1.wav,y,2870.0,1
0054,5,m2l5k1t3e1.wav,y,2036.0,1
0054,5,m2l5k1t3e3.wav,y,1775.0,1
0054,5,old_m1l5.wav,r,1827.0,1
0054,5,old_m1l5.wav,r,2121.0,1
0054,5,old_m3l5.wav,r,2596.0,1
0054,5,m3l5k1t5e2.wav,r,1838.0,1
0054,5,old_m1l5.wav,r,2234.0,1
0054,5,old_m3l5.wav,y,2798.0,1
0054,5,old_m3l5.wav,r,2090.0,1
0054,5,old_m3l5.wav,r,1980.0,1
0054,5,old_m2l5.wav,r,2623.0,1
0054,5,old_m1l5.wav,r,2825.0,1
0054,5,old_m1l5.wav,r,1852.0,1
0054,5,m2l5k1t5e2.wav,r,3694.0,1
0054,5,m3l5k2t3e2.wav,y,1730.0,1
0054,5,old_m3l5.wav,r,1903.0,1
0054,5,m2l5k2t5e1.wav,y,2125.0,1
0054,5,m2l5k2t3e1.wav,r,3105.0,1
0054,5,m1l5k1t3e1.wav,y,1838.0,1
0054,5,m1l5k2t3e3.wav,y,1795.0,1
0054,5,old_m3l5.wav,r,1983.0,1
0054,5,old_m1l5.wav,r,2231.0,1
0054,5,old_m2l5.wav,r,2316.0,1
0054,5,m1l5k2t5e2.wav,r,3143.0,1
0054,5,m1l5k2t3e2.wav,y,1817.0,1
0054,5,m3l5k2t3e3.wav,y,1816.0,1
0054,5,old_m2l5.wav,r,2027.0,1
0054,5,m3l5k1t3e3.wav,y,1879.0,1
0054,5,old_m3l5.wav,r,2128.0,1
0054,5,old_m1l5.wav,r,2064.0,1
0054,5,m3l5k2t5e1.wav,0,3700.0,1
0054,5,old_m2l5.wav,r,2287.0,1
0054,5,old_m2l5.wav,r,2012.0,1
0054,5,old_m3l5.wav,r,1998.0,1
0054,5,old_m1l5.wav,r,2155.0,1
0054,5,m2l5k2t5e3.wav,y,2190.0,1
0054,5,m2l5k2t5e2.wav,r,2233.0,1
0054,5,old_m2l5.wav,r,2046.0,1
0054,5,old_m2l5.wav,r,1986.0,1
0054,5,m3l5k1t5e1.wav,y,2163.0,1
0054,5,m1l5k1t3e3.wav,y,2066.0,1
0054,5,m3l5k2t5e3.wav,y,2326.0,1
0054,5,old_m1l5.wav,y,2899.0,1
0054,5,m2l5k1t5e3.wav,y,2022.0,1
0054,5,old_m1l5.wav,r,1992.0,1
0054,5,old_m3l5.wav,r,2214.0,1
0054,5,m2l5k1t5e1.wav,r,2173.0,1
0054,5,m3l5k1t5e3.wav,r,2540.0,1
0054,5,old_m3l5.wav,y,3421.0,1
0054,7,m1l7k1t7e3.wav,0,4500.0,1
0054,7,old_m2l7.wav,0,4500.0,1
0054,7,old_m1l7.wav,0,4500.0,1
0054,7,old_m1l7.wav,0,4500.0,1
0054,7,old_m2l7.wav,0,4500.0,1
0054,7,old_m1l7.wav,0,4500.0,1
0054,7,old_m1l7.wav,0,4500.0,1
0054,7,m2l7k2t7e2.wav,0,4500.0,1
0054,7,m1l7k2t7e1.wav,0,4500.0,1
0054,7,old_m3l7.wav,r,2599.0,1
0054,7,m1l7k1t5e1.wav,y,2933.0,1
0054,7,m1l7k2t5e2.wav,y,3212.0,1
0054,7,old_m3l7.wav,r,2351.0,1
0054,7,old_m3l7.wav,y,2401.0,1
0054,7,old_m2l7.wav,r,3537.0,1
0054,7,old_m2l7.wav,r,3482.0,1
0054,7,m3l7k2t5e2.wav,y,3182.0,1
0054,7,old_m2l7.wav,r,2563.0,1
0054,7,m3l7k1t7e3.wav,y,2813.0,1
0054,7,old_m3l7.wav,r,4186.0,1
0054,7,old_m1l7.wav,r,2554.0,1
0054,7,m2l7k2t5e1.wav,y,2985.0,1
0054,7,old_m1l7.wav,r,2521.0,1
0054,7,old_m2l7.wav,r,2670.0,1
0054,7,m2l7k1t5e3.wav,r,3528.0,1
0054,7,m1l7k2t7e2.wav,y,2747.0,1
0054,7,old_m3l7.wav,r,2575.0,1
0054,7,old_m3l7.wav,r,2875.0,1
0054,7,old_m1l7.wav,r,2878.0,1
0054,7,m2l7k1t5e1.wav,y,2977.0,1
0054,7,m1l7k1t5e3.wav,r,2608.0,1
0054,7,old_m2l7.wav,r,2349.0,1
0054,7,m2l7k1t7e1.wav,y,2837.0,1
0054,7,old_m2l7.wav,r,2615.0,1
0054,7,old_m1l7.wav,r,2319.0,1
0054,7,old_m3l7.wav,r,2718.0,1
0054,7,m1l7k2t7e3.wav,y,2898.0,1
0054,7,m2l7k2t7e3.wav,y,2673.0,1
0054,7,m3l7k1t5e2.wav,y,3183.0,1
0054,7,m3l7k1t5e1.wav,y,3187.0,1
0054,7,old_m2l7.wav,r,2488.0,1
0054,7,m3l7k2t7e1.wav,r,3366.0,1
0054,7,old_m1l7.wav,r,3010.0,1
0054,7,m3l7k1t5e3.wav,y,2461.0,1
0054,7,m2l7k1t5e2.wav,y,2493.0,1
0054,7,old_m1l7.wav,r,2680.0,1
0054,7,m1l7k1t5e2.wav,y,3357.0,1
0054,7,m2l7k1t7e3.wav,y,2791.0,1
0054,7,old_m1l7.wav,r,2379.0,1
0054,7,m3l7k2t7e2.wav,y,2997.0,1
0054,7,old_m3l7.wav,r,2630.0,1
0054,7,m3l7k1t7e1.wav,y,2760.0,1
0054,7,m2l7k2t5e2.wav,r,2780.0,1
0054,7,m1l7k2t5e1.wav,r,3563.0,1
0054,7,old_m3l7.wav,r,2587.0,1
0054,7,m3l7k2t5e3.wav,y,2945.0,1
0054,7,m2l7k2t5e3.wav,r,2328.0,1
0054,7,m1l7k1t7e1.wav,y,2767.0,1
0054,7,m3l7k2t5e1.wav,r,3236.0,1
0054,7,m1l7k2t5e3.wav,y,2346.0,1
0054,7,old_m3l7.wav,r,3323.0,1
0054,7,m3l7k1t7e2.wav,y,2835.0,1
0054,7,m2l7k2t7e1.wav,r,3097.0,1
0054,7,old_m2l7.wav,r,2392.0,1
0054,7,old_m1l7.wav,r,2282.0,1
0054,7,m2l7k1t7e2.wav,y,2697.0,1
0054,7,old_m3l7.wav,r,2725.0,1
0054,7,old_m3l7.wav,r,3204.0,1
0054,7,m1l7k1t7e2.wav,y,2717.0,1
0054,7,m3l7k2t7e3.wav,y,2685.0,1
0054,7,old_m2l7.wav,r,2683.0,1
0054,7,old_m2l7.wav,r,2608.0,1
0055,3,m2l3k1t2e3.wav,0,3000.0,1
0055,3,m2l3k2t3e1.wav,y,1425.0,1
0055,3,m3l3k1t2e1.wav,y,1379.0,1
0055,3,old_m1l3.wav,y,1464.0,1
0055,3,m2l3k2t2e1.wav,y,1321.0,1
0055,3,old_m2l3.wav,y,1150.0,1
0055,3,m2l3k2t3e3.wav,y,1307.0,1
0055,3,m2l3k1t2e2.wav,y,1316.0,1
0055,3,old_m3l3.wav,0,3000.0,1
0055,3,old_m2l3.wav,y,1486.0,1
0055,3,old_m1l3.wav,y,1528.0,1
0055,3,m2l3k1t3e2.wav,y,1535.0,1
0055,3,m3l3k2t2e2.wav,y,1359.0,1
0055,3,m2l3k1t3e3.wav,y,1429.0,1
0055,3,m3l3k2t2e1.wav,y,1339.0,1
0055,3,m1l3k1t2e2.wav,y,2078.0,1
0055,3,m1l3k2t2e2.wav,y,1282.0,1
0055,3,old_m2l3.wav,y,1330.0,1
0055,3,m2l3k1t2e1.wav,y,1511.0,1
0055,3,m1l3k1t3e1.wav,y,1738.0,1
0055,3,m3l3k2t3e3.wav,y,1397.0,1
0055,3,m3l3k2t3e2.wav,y,2230.0,1
0055,3,old_m3l3.wav,y,1395.0,1
0055,3,old_m2l3.wav,0,3000.0,1
0055,3,old_m1l3.wav,y,1336.0,1
0055,3,old_m1l3.wav,y,1260.0,1
0055,3,old_m2l3.wav,0,3000.0,1
0055,3,old_m1l3.wav,y,1310.0,1
0055,3,old_m1l3.wav,y,1097.0,1
0055,3,old_m3l3.wav,y,1400.0,1
0055,3,m2l3k1t3e1.wav,y,1311.0,1
0055,3,old_m3l3.wav,y,1280.0,1
0055,3,m3l3k1t2e2.wav,y,1291.0,1
0055,3,m1l3k1t3e2.wav,y,1467.0,1
0055,3,old_m2l3.wav,y,1601.0,1
0055,3,m1l3k2t2e3.wav,y,1244.0,1
0055,3,m3l3k1t3e1.wav,y,1326.0,1
0055,3,m2l3k2t2e2.wav,y,1332.0,1
0055,3,old_m1l3.wav,y,1585.0,1
0055,3,old_m1l3.wav,y,1455.0,1
0055,3,old_m2l3.wav,y,1526.0,1
0055,3,old_m3l3.wav,y,1635.0,1
0055,3,m1l3k2t2e1.wav,y,1508.0,1
0055,3,m2l3k2t2e3.wav,y,1189.0,1
0055,3,m1l3k2t3e3.wav,0,3000.0,1
0055,3,old_m2l3.wav,y,1458.0,1
0055,3,old_m3l3.wav,y,1412.0,1
0055,3,old_m1l3.wav,y,1431.0,1
0055,3,m3l3k1t3e3.wav,y,1419.0,1
0055,3,m3l3k2t3e1.wav,y,2069.0,1
0055,3,old_m2l3.wav,y,1433.0,1
0055,3,old_m3l3.wav,y,1589.0,1
0055,3,old_m3l3.wav,y,1820.0,1
0055,3,old_m2l3.wav,0,3000.0,1
0055,3,m1l3k2t3e2.wav,y,2106.0,1
0055,3,m1l3k1t2e1.wav,y,1632.0,1
0055,3,m1l3k1t3e3.wav,y,1567.0,1
0055,3,old_m3l3.wav,y,1527.0,1
0055,3,old_m1l3.wav,y,1592.0,1
0055,3,old_m3l3.wav,y,1521.0,1
0055,3,m1l3k1t2e3.wav,y,2153.0,1
0055,3,old_m1l3.wav,y,1699.0,1
0055,3,m1l3k2t3e1.wav,0,3000.0,1
0055,3,old_m3l3.wav,y,1877.0,1
0055,3,old_m2l3.wav,y,2812.0,1
0055,3,old_m2l3.wav,y,1957.0,1
0055,3,m3l3k1t2e3.wav,y,1449.0,1
0055,3,old_m3l3.wav,y,1554.0,1
0055,3,m2l3k2t3e2.wav,y,1518.0,1
0055,3,m3l3k1t3e2.wav,y,1612.0,1
0055,3,m3l3k2t2e3.wav,y,1571.0,1
0055,3,old_m1l3.wav,y,1611.0,1
0055,5,m3l5k2t5e2.wav,0,3700.0,1
0055,5,old_m2l5.wav,y,2468.0,1
0055,5,m1l5k2t3e2.wav,y,2122.0,1
0055,5,m1l5k2t5e2.wav,r,2259.0,1
0055,5,old_m1l5.wav,r,2382.0,1
0055,5,m3l5k2t5e3.wav,y,2166.0,1
0055,5,old_m3l5.wav,y,2293.0,1
0055,5,m1l5k1t5e2.wav,y,2243.0,1
0055,5,old_m2l5.wav,y,2248.0,1
0055,5,old_m2l5.wav,y,2161.0,1
0055,5,m2l5k1t3e2.wav,y,2325.0,1
0055,5,old_m2l5.wav,y,2342.0,1
0055,5,old_m3l5.wav,y,2394.0,1
0055,5,old_m3l5.wav,y,2235.0,1
0055,5,m1l5k1t5e3.wav,y,2212.0,1
0055,5,m3l5k1t5e2.wav,r,2556.0,1
0055,5,m1l5k2t5e3.wav,y,2297.0,1
0055,5,old_m3l5.wav,y,2642.0,1
0055,5,m1l5k2t3e1.wav,y,2111.0,1
0055,5,old_m2l5.wav,y,2363.0,1
0055,5,m2l5k1t3e1.wav,y,2053.0,1
0055,5,m3l5k2t3e2.wav,y,2121.0,1
0055,5,m1l5k1t5e1.wav,y,2203.0,1
0055,5,old_m3l5.wav,y,2390.0,1
0055,5,m3l5k2t3e3.wav,y,2085.0,1
0055,5,old_m2l5.wav,r,2403.0,1
0055,5,m2l5k2t5e3.wav,y,2197.0,1
0055,5,m3l5k1t5e1.wav,y,2292.0,1
0055,5,old_m1l5.wav,r,2396.0,1
0055,5,old_m1l5.wav,r,2522.0,1
0055,5,old_m2l5.wav,y,2210.0,1
0055,5,old_m1l5.wav,r,2286.0,1
0055,5,m2l5k2t3e1.wav,y,1993.0,1
0055,5,old_m1l5.wav,r,2325.0,1
0055,5,m1l5k1t3e2.wav,y,2066.0,1
0055,5,old_m2l5.wav,r,2241.0,1
0055,5,m3l5k1t5e3.wav,y,2213.0,1
0055,5,old_m2l5.wav,r,2166.0,1
0055,5,m3l5k1t3e3.wav,y,1977.0,1
0055,5,old_m3l5.wav,y,2290.0,1
0055,5,old_m1l5.wav,y,2974.0,1
0055,5,old_m3l5.wav,y,2123.0,1
0055,5,m3l5k1t3e1.wav,y,2202.0,1
0055,5,old_m3l5.wav,y,2163.0,1
0055,5,m2l5k2t5e2.wav,y,2259.0,1
0055,5,old_m1l5.wav,r,2208.0,1
0055,5,old_m1l5.wav,y,2088.0,1
0055,5,m2l5k2t3e3.wav,y,2218.0,1
0055,5,m3l5k1t3e2.wav,y,2095.0,1
0055,5,m3l5k2t5e1.wav,y,2092.0,1
0055,5,m1l5k1t3e1.wav,y,1921.0,1
0055,5,m1l5k2t3e3.wav,y,3046.0,1
0055,5,m1l5k2t5e1.wav,y,2434.0,1
0055,5,old_m3l5.wav,y,3301.0,1
0055,5,old_m3l5.wav,y,2024.0,1
0055,5,m2l5k2t3e2.wav,y,1966.0,1
0055,5,m1l5k1t3e3.wav,y,1983.0,1
0055,5,old_m1l5.wav,y,2536.0,1
0055,5,m2l5k2t5e1.wav,y,2098.0,1
0055,5,m2l5k1t5e1.wav,y,2100.0,1
0055,5,old_m2l5.wav,y,2426.0,1
0055,5,m2l5k1t5e3.wav,y,2190.0,1
0055,5,old_m2l5.wav,y,2519.0,1
0055,5,old_m1l5.wav,r,2116.0,1
0055,5,old_m3l5.wav,y,2036.0,1
0055,5,m2l5k1t3e3.wav,y,2011.0,1
0055,5,m3l5k2t3e1.wav,r,2654.0,1
0055,5,old_m3l5.wav,y,2115.0,1
0055,5,old_m2l5.wav,y,2691.0,1
0055,5,old_m1l5.wav,r,2247.0,1
0055,5,m2l5k1t5e2.wav,y,2190.0,1
0055,5,old_m1l5.wav,r,2316.0,1
0055,7,old_m1l7.wav,0,4500.0,1
0055,7,m3l7k2t5e1.wav,y,2979.0,1
0055,7,old_m3l7.wav,y,2725.0,1
0055,7,m1l7k1t5e3.wav,y,2632.0,1
0055,7,old_m3l7.wav,y,2594.0,1
0055,7,m1l7k1t5e1.wav,y,2585.0,1
0055,7,m3l7k1t5e1.wav,y,2515.0,1
0055,7,m1l7k1t5e2.wav,y,2658.0,1
0055,7,m2l7k1t7e1.wav,y,2766.0,1
0055,7,old_m2l7.wav,y,2921.0,1
0055,7,m2l7k1t7e2.wav,y,3023.0,1
0055,7,m3l7k2t7e2.wav,r,3712.0,1
0055,7,m3l7k2t7e1.wav,y,2985.0,1
0055,7,old_m1l7.wav,r,3004.0,1
0055,7,m3l7k1t5e2.wav,y,2868.0,1
0055,7,m2l7k2t5e3.wav,y,4180.0,1
0055,7,m2l7k2t5e2.wav,r,3203.0,1
0055,7,old_m2l7.wav,r,3138.0,1
0055,7,old_m3l7.wav,y,2563.0,1
0055,7,old_m3l7.wav,r,2926.0,1
0055,7,old_m1l7.wav,r,2998.0,1
0055,7,m1l7k2t7e3.wav,y,2879.0,1
0055,7,old_m3l7.wav,y,2939.0,1
0055,7,m3l7k2t7e3.wav,y,2957.0,1
0055,7,old_m1l7.wav,r,3542.0,1
0055,7,old_m1l7.wav,0,4500.0,1
0055,7,m1l7k2t7e2.wav,y,3065.0,1
0055,7,old_m3l7.wav,y,3002.0,1
0055,7,old_m2l7.wav,y,3071.0,1
0055,7,old_m1l7.wav,0,4500.0,1
0055,7,m2l7k2t7e3.wav,y,2919.0,1
0055,7,old_m2l7.wav,y,3205.0,1
0055,7,m1l7k1t7e2.wav,y,3024.0,1
0055,7,m1l7k1t7e3.wav,y,2964.0,1
0055,7,old_m1l7.wav,r,3321.0,1
0055,7,m1l7k2t5e2.wav,y,2847.0,1
0055,7,m3l7k1t7e3.wav,y,2998.0,1
0055,7,m3l7k1t7e1.wav,y,2961.0,1
0055,7,m1l7k2t7e1.wav,y,3523.0,1
0055,7,m3l7k2t5e3.wav,y,3090.0,1
0055,7,m2l7k2t5e1.wav,y,2619.0,1
0055,7,old_m3l7.wav,y,3054.0,1
0055,7,m2l7k2t7e1.wav,y,2841.0,1
0055,7,old_m1l7.wav,r,2931.0,1
0055,7,m2l7k2t7e2.wav,y,3016.0,1
0055,7,old_m3l7.wav,y,2834.0,1
0055,7,old_m2l7.wav,y,2977.0,1
0055,7,m2l7k1t7e3.wav,y,2928.0,1
0055,7,m1l7k2t5e3.wav,y,2954.0,1
0055,7,old_m1l7.wav,y,3156.0,1
0055,7,m2l7k1t5e2.wav,y,3737.0,1
0055,7,old_m3l7.wav,y,3069.0,1
0055,7,old_m1l7.wav,y,3578.0,1
0055,7,old_m2l7.wav,y,3148.0,1
0055,7,old_m1l7.wav,r,3133.0,1
0055,7,old_m3l7.wav,y,2814.0,1
0055,7,m3l7k1t5e3.wav,y,2950.0,1
0055,7,old_m2l7.wav,y,2711.0,1
0055,7,old_m2l7.wav,0,4500.0,1
0055,7,m3l7k2t5e2.wav,y,2917.0,1
0055,7,old_m3l7.wav,y,2934.0,1
0055,7,old_m1l7.wav,y,3906.0,1
0055,7,m2l7k1t5e3.wav,y,3547.0,1
0055,7,m2l7k1t5e1.wav,y,3427.0,1
0055,7,old_m2l7.wav,0,4500.0,1
0055,7,old_m2l7.wav,y,3137.0,1
0055,7,old_m3l7.wav,y,3315.0,1
0055,7,m3l7k1t7e2.wav,0,4500.0,1
0055,7,m1l7k2t5e1.wav,y,2677.0,1
0055,7,m1l7k1t7e1.wav,y,2914.0,1
0055,7,old_m2l7.wav,0,4500.0,1
0055,7,old_m2l7.wav,0,4500.0,1
0056,3,old_m2l3.wav,0,3000.0,1
0056,3,m3l3k2t2e2.wav,0,3000.0,1
0056,3,old_m1l3.wav,0,3000.0,1
0056,3,m2l3k2t2e1.wav,0,3000.0,1
0056,3,m2l3k2t3e3.wav,0,3000.0,1
0056,3,old_m2l3.wav,0,3000.0,1
0056,3,old_m1l3.wav,0,3000.0,1
0056,3,old_m2l3.wav,0,3000.0,1
0056,3,old_m1l3.wav,0,3000.0,1
0056,3,old_m3l3.wav,r,2060.0,1
0056,3,old_m1l3.wav,r,1765.0,1
0056,3,m1l3k1t3e2.wav,y,2338.0,1
0056,3,old_m3l3.wav,r,1860.0,1
0056,3,old_m3l3.wav,r,1868.0,1
0056,3,old_m3l3.wav,r,1544.0,1
0056,3,old_m1l3.wav,r,1510.0,1
0056,3,m3l3k2t3e3.wav,r,2215.0,1
0056,3,m2l3k1t2e1.wav,y,1783.0,1
0056,3,m2l3k1t3e2.wav,r,1846.0,1
0056,3,old_m3l3.wav,r,1378.0,1
0056,3,m1l3k1t3e1.wav,y,2151.0,1
0056,3,old_m1l3.wav,r,1373.0,1
0056,3,m2l3k1t3e3.wav,y,2247.0,1
0056,3,old_m2l3.wav,r,1375.0,1
0056,3,old_m2l3.wav,r,1465.0,1
0056,3,m3l3k1t3e2.wav,r,2278.0,1
0056,3,m3l3k2t3e2.wav,r,2443.0,1
0056,3,m2l3k2t3e1.wav,y,1667.0,1
0056,3,m1l3k1t2e3.wav,y,1566.0,1
0056,3,m1l3k1t2e1.wav,y,1454.0,1
0056,3,m2l3k1t3e1.wav,r,2087.0,1
0056,3,m1l3k2t3e3.wav,y,2309.0,1
0056,3,old_m2l3.wav,r,1502.0,1
0056,3,m3l3k2t3e1.wav,y,1808.0,1
0056,3,old_m3l3.wav,r,1365.0,1
0056,3,m1l3k2t3e2.wav,y,1851.0,1
0056,3,old_m1l3.wav,r,1506.0,1
0056,3,m2l3k2t2e3.wav,y,1373.0,1
0056,3,m1l3k2t2e3.wav,y,1531.0,1
0056,3,m3l3k2t2e3.wav,y,1377.0,1
0056,3,old_m1l3.wav,r,1264.0,1
0056,3,m3l3k1t3e1.wav,r,1987.0,1
0056,3,old_m3l3.wav,r,1295.0,1
0056,3,m1l3k2t2e2.wav,y,1747.0,1
0056,3,m1l3k2t2e1.wav,y,2103.0,1
0056,3,m2l3k2t2e2.wav,y,1478.0,1
0056,3,old_m2l3.wav,y,1480.0,1
0056,3,old_m3l3.wav,r,2391.0,1
0056,3,m1l3k1t3e3.wav,r,2215.0,1
0056,3,old_m2l3.wav,r,1186.0,1
0056,3,old_m3l3.wav,r,1304.0,1
0056,3,m2l3k1t2e3.wav,y,1505.0,1
0056,3,m1l3k1t2e2.wav,y,1793.0,1
0056,3,old_m2l3.wav,r,1289.0,1
0056,3,old_m3l3.wav,r,1138.0,1
0056,3,m3l3k1t2e3.wav,y,1451.0,1
0056,3,m1l3k2t3e1.wav,y,1947.0,1
0056,3,m3l3k1t2e2.wav,y,1218.0,1
0056,3,m3l3k2t2e1.wav,y,1286.0,1
0056,3,old_m2l3.wav,r,1339.0,1
0056,3,m3l3k1t2e1.wav,y,1411.0,1
0056,3,m2l3k2t3e2.wav,y,1611.0,1
0056,3,old_m3l3.wav,r,1846.0,1
0056,3,old_m2l3.wav,r,1364.0,1
0056,3,old_m1l3.wav,r,2336.0,1
0056,3,old_m1l3.wav,r,1770.0,1
0056,3,old_m1l3.wav,r,1234.0,1
0056,3,old_m1l3.wav,r,1303.0,1
0056,3,m2l3k1t2e2.wav,y,1422.0,1
0056,3,old_m2l3.wav,y,2029.0,1
0056,3,m3l3k1t3e3.wav,r,2108.0,1
0056,3,old_m3l3.wav,r,1305.0,1
0056,5,old_m3l5.wav,r,2876.0,1
0056,5,old_m2l5.wav,r,2175.0,1
0056,5,m2l5k1t3e2.wav,y,1860.0,1
0056,5,m3l5k2t5e2.wav,r,1903.0,1
0056,5,old_m2l5.wav,r,1952.0,1
0056,5,old_m1l5.wav,r,1932.0,1
0056,5,old_m2l5.wav,r,2797.0,1
0056,5,old_m2l5.wav,r,2014.0,1
0056,5,m2l5k1t3e3.wav,y,1508.0,1
0056,5,old_m2l5.wav,r,1856.0,1
0056,5,m3l5k1t5e1.wav,y,2079.0,1
0056,5,m1l5k2t5e2.wav,r,2357.0,1
0056,5,old_m1l5.wav,r,2015.0,1
0056,5,old_m1l5.wav,r,2048.0,1
0056,5,old_m1l5.wav,r,2063.0,1
0056,5,m2l5k1t5e1.wav,r,2228.0,1
0056,5,old_m1l5.wav,r,2229.0,1
0056,5,m2l5k2t5e1.wav,0,3700.0,1
0056,5,old_m3l5.wav,y,3054.0,1
0056,5,m2l5k2t5e3.wav,r,3501.0,1
0056,5,old_m2l5.wav,r,1922.0,1
0056,5,m1l5k2t5e1.wav,r,3320.0,1
0056,5,old_m2l5.wav,r,3365.0,1
0056,5,old_m3l5.wav,0,3700.0,1
0056,5,m2l5k1t5e3.wav,y,2100.0,1
0056,5,old_m2l5.wav,r,2183.0,1
0056,5,m2l5k2t3e3.wav,y,1858.0,1
0056,5,m2l5k1t3e1.wav,r,3338.0,1
0056,5,m1l5k2t5e3.wav,r,2684.0,1
0056,5,old_m3l5.wav,r,2785.0,1
0056,5,old_m1l5.wav,r,2058.0,1
0056,5,m2l5k2t3e1.wav,y,2088.0,1
0056,5,m2l5k1t5e2.wav,r,2398.0,1
0056,5,m1l5k1t3e3.wav,y,1823.0,1
0056,5,m3l5k1t5e3.wav,y,3376.0,1
0056,5,m2l5k2t5e2.wav,y,3143.0,1
0056,5,old_m2l5.wav,r,3270.0,1
0056,5,old_m1l5.wav,r,2225.0,1
0056,5,m3l5k1t3e3.wav,y,2496.0,1
0056,5,old_m3l5.wav,y,2302.0,1
0056,5,old_m3l5.wav,r,2283.0,1
0056,5,old_m1l5.wav,r,1966.0,1
0056,5,m3l5k2t5e3.wav,r,2208.0,1
0056,5,m3l5k2t5e1.wav,y,2737.0,1
0056,5,old_m1l5.wav,r,1960.0,1
0056,5,old_m2l5.wav,r,2510.0,1
0056,5,m1l5k2t3e1.wav,y,1716.0,1
0056,5,old_m3l5.wav,y,2730.0,1
0056,5,old_m3l5.wav,y,2912.0,1
0056,5,old_m2l5.wav,r,3042.0,1
0056,5,m3l5k1t3e1.wav,y,1987.0,1
0056,5,old_m3l5.wav,y,2164.0,1
0056,5,m1l5k1t5e1.wav,y,2208.0,1
0056,5,m3l5k1t3e2.wav,y,1716.0,1
0056,5,old_m2l5.wav,r,2786.0,1
0056,5,m1l5k1t3e2.wav,y,1477.0,1
0056,5,m3l5k2t3e2.wav,y,1991.0,1
0056,5,old_m3l5.wav,y,1841.0,1
0056,5,m3l5k1t5e2.wav,y,2899.0,1
0056,5,m2l5k2t3e2.wav,y,1544.0,1
0056,5,m1l5k1t3e1.wav,y,1873.0,1
0056,5,old_m1l5.wav,r,1927.0,1
0056,5,old_m1l5.wav,r,1972.0,1
0056,5,old_m1l5.wav,r,1900.0,1
0056,5,m3l5k2t3e1.wav,r,2991.0,1
0056,5,m3l5k2t3e3.wav,y,2364.0,1
0056,5,old_m3l5.wav,y,2025.0,1
0056,5,m1l5k2t3e3.wav,y,1565.0,1
0056,5,m1l5k1t5e2.wav,y,2017.0,1
0056,5,old_m3l5.wav,y,2455.0,1
0056,5,m1l5k1t5e3.wav,r,2079.0,1
0056,5,m1l5k2t3e2.wav,y,1765.0,1
0056,7,m1l7k2t7e1.wav,y,4314.0,1
0056,7,old_m2l7.wav,r,3251.0,1
0056,7,old_m2l7.wav,r,2903.0,1
0056,7,m1l7k1t7e1.wav,y,2963.0,1
0056,7,m2l7k2t7e2.wav,y,3456.0,1
0056,7,old_m3l7.wav,r,2885.0,1
0056,7,m3l7k2t7e1.wav,y,3977.0,1
0056,7,m2l7k2t5e3.wav,r,2908.0,1
0056,7,m3l7k1t5e3.wav,y,2818.0,1
0056,7,old_m3l7.wav,r,3016.0,1
0056,7,m2l7k2t7e1.wav,r,2941.0,1
0056,7,old_m3l7.wav,y,3008.0,1
0056,7,m2l7k1t7e1.wav,y,2953.0,1
0056,7,m1l7k2t7e2.wav,y,3140.0,1
0056,7,m3l7k2t7e2.wav,y,3034.0,1
0056,7,old_m3l7.wav,r,3082.0,1
0056,7,old_m3l7.wav,r,2789.0,1
0056,7,m3l7k1t7e2.wav,y,3002.0,1
0056,7,m1l7k1t5e1.wav,y,2794.0,1
0056,7,m3l7k2t5e3.wav,r,4241.0,1
0056,7,m1l7k1t7e3.wav,y,2942.0,1
0056,7,old_m2l7.wav,r,2886.0,1
0056,7,old_m1l7.wav,r,3249.0,1
0056,7,m1l7k2t5e2.wav,y,3454.0,1
0056,7,m2l7k1t5e1.wav,y,3110.0,1
0056,7,old_m2l7.wav,r,2914.0,1
0056,7,old_m1l7.wav,r,2905.0,1
0056,7,old_m3l7.wav,y,3538.0,1
0056,7,old_m1l7.wav,r,2786.0,1
0056,7,old_m3l7.wav,y,2862.0,1
0056,7,m1l7k2t5e3.wav,y,2371.0,1
0056,7,old_m1l7.wav,r,2766.0,1
0056,7,m1l7k2t5e1.wav,y,3241.0,1
0056,7,m1l7k1t5e2.wav,y,3645.0,1
0056,7,m2l7k2t5e1.wav,y,2696.0,1
0056,7,m3l7k1t5e2.wav,r,2782.0,1
0056,7,old_m1l7.wav,r,2733.0,1
0056,7,old_m1l7.wav,r,2762.0,1
0056,7,old_m2l7.wav,r,2812.0,1
0056,7,old_m3l7.wav,r,3251.0,1
0056,7,old_m2l7.wav,r,2962.0,1
0056,7,old_m1l7.wav,r,2745.0,1
0056,7,m2l7k1t7e2.wav,y,2893.0,1
0056,7,m2l7k1t7e3.wav,y,2843.0,1
0056,7,old_m1l7.wav,r,3086.0,1
0056,7,old_m3l7.wav,y,3428.0,1
0056,7,m2l7k2t5e2.wav,r,3195.0,1
0056,7,m3l7k2t7e3.wav,y,3081.0,1
0056,7,m2l7k2t7e3.wav,y,2772.0,1
0056,7,m1l7k1t5e3.wav,y,2414.0,1
0056,7,old_m2l7.wav,r,2991.0,1
0056,7,old_m1l7.wav,r,2961.0,1
0056,7,m3l7k1t7e1.wav,y,2776.0,1
0056,7,old_m2l7.wav,r,3004.0,1
0056,7,old_m2l7.wav,r,3661.0,1
0056,7,old_m2l7.wav,r,2703.0,1
0056,7,old_m2l7.wav,r,3319.0,1
0056,7,m2l7k1t5e3.wav,r,3169.0,1
0056,7,m3l7k2t5e1.wav,y,2710.0,1
0056,7,m2l7k1t5e2.wav,r,4186.0,1
0056,7,old_m2l7.wav,r,3213.0,1
0056,7,m3l7k1t5e1.wav,y,2911.0,1
0056,7,old_m3l7.wav,y,2810.0,1
0056,7,old_m1l7.wav,r,2721.0,1
0056,7,old_m1l7.wav,r,2702.0,1
0056,7,m3l7k2t5e2.wav,r,2723.0,1
0056,7,old_m1l7.wav,r,3101.0,1
0056,7,m1l7k2t7e3.wav,y,3120.0,1
0056,7,m1l7k1t7e2.wav,y,3355.0,1
0056,7,m3l7k1t7e3.wav,y,3297.0,1
0056,7,old_m3l7.wav,y,3991.0,1
0056,7,old_m3l7.wav,y,3207.0,1
0057,3,old_m3l3.wav,0,3000.0,1
0057,3,m1l3k1t2e1.wav,y,1252.0,1
0057,3,m2l3k2t3e3.wav,y,1301.0,1
0057,3,m1l3k1t3e3.wav,y,1348.0,1
0057,3,old_m2l3.wav,r,1351.0,1
0057,3,m1l3k2t2e1.wav,y,1327.0,1
0057,3,m3l3k2t3e1.wav,y,2633.0,1
0057,3,m3l3k1t3e1.wav,0,3000.0,1
0057,3,old_m2l3.wav,r,1336.0,1
0057,3,old_m2l3.wav,r,1251.0,1
0057,3,old_m1l3.wav,r,1515.0,1
0057,3,old_m1l3.wav,r,1180.0,1
0057,3,m3l3k2t2e3.wav,y,2452.0,1
0057,3,old_m1l3.wav,r,2916.0,1
0057,3,m2l3k2t3e2.wav,y,1515.0,1
0057,3,old_m3l3.wav,y,2240.0,1
0057,3,m1l3k2t3e1.wav,y,1352.0,1
0057,3,m1l3k2t2e3.wav,y,1856.0,1
0057,3,m1l3k2t2e2.wav,y,1157.0,1
0057,3,old_m1l3.wav,0,3000.0,1
0057,3,old_m3l3.wav,0,3000.0,1
0057,3,m3l3k1t2e3.wav,y,1218.0,1
0057,3,old_m1l3.wav,0,3000.0,1
0057,3,old_m2l3.wav,r,1655.0,1
0057,3,old_m3l3.wav,r,1945.0,1
0057,3,old_m2l3.wav,r,1409.0,1
0057,3,old_m2l3.wav,r,1224.0,1
0057,3,m3l3k2t2e1.wav,y,1325.0,1
0057,3,old_m2l3.wav,r,1363.0,1
0057,3,m3l3k1t2e2.wav,y,1147.0,1
0057,3,m2l3k2t2e1.wav,y,1008.0,1
0057,3,m3l3k2t3e2.wav,y,1572.0,1
0057,3,m1l3k2t3e3.wav,y,1522.0,1
0057,3,m2l3k2t3e1.wav,y,1334.0,1
0057,3,m1l3k2t3e2.wav,y,1208.0,1
0057,3,m2l3k1t2e1.wav,y,1214.0,1
0057,3,old_m2l3.wav,0,3000.0,1
0057,3,old_m3l3.wav,y,1542.0,1
0057,3,old_m1l3.wav,r,1591.0,1
0057,3,old_m1l3.wav,r,1224.0,1
0057,3,m2l3k1t2e2.wav,y,1310.0,1
0057,3,old_m3l3.wav,r,1228.0,1
0057,3,m2l3k1t3e2.wav,y,1359.0,1
0057,3,m3l3k1t3e3.wav,y,1459.0,1
0057,3,old_m3l3.wav,y,2753.0,1
0057,3,old_m1l3.wav,r,1351.0,1
0057,3,m2l3k1t3e1.wav,y,1485.0,1
0057,3,old_m3l3.wav,y,2536.0,1
0057,3,old_m2l3.wav,r,1469.0,1
0057,3,m3l3k1t2e1.wav,y,1435.0,1
0057,3,m3l3k2t2e2.wav,y,1225.0,1
0057,3,m2l3k1t3e3.wav,y,1281.0,1
0057,3,old_m2l3.wav,r,1342.0,1
0057,3,m1l3k1t2e2.wav,y,1549.0,1
0057,3,old_m1l3.wav,y,2363.0,1
0057,3,old_m1l3.wav,r,1594.0,1
0057,3,m2l3k2t2e3.wav,y,1285.0,1
0057,3,old_m3l3.wav,r,1333.0,1
0057,3,m3l3k2t3e3.wav,y,1391.0,1
0057,3,old_m1l3.wav,r,1371.0,1
0057,3,old_m3l3.wav,r,2153.0,1
0057,3,m1l3k1t3e1.wav,y,1325.0,1
0057,3,old_m2l3.wav,r,1386.0,1
0057,3,m1l3k1t3e2.wav,y,1326.0,1
0057,3,m1l3k1t2e3.wav,y,1765.0,1
0057,3,m3l3k1t3e2.wav,y,1995.0,1
0057,3,m2l3k1t2e3.wav,y,1244.0,1
0057,3,old_m1l3.wav,r,1455.0,1
0057,3,m2l3k2t2e2.wav,y,1253.0,1
0057,3,old_m3l3.wav,r,1682.0,1
0057,3,old_m3l3.wav,r,1380.0,1
0057,3,old_m2l3.wav,r,1263.0,1
0057,5,m2l5k2t3e1.wav,0,3700.0,1
0057,5,old_m3l5.wav,r,2528.0,1
0057,5,old_m1l5.wav,r,1973.0,1
0057,5,m2l5k1t5e3.wav,y,2348.0,1
0057,5,old_m2l5.wav,y,2554.0,1
0057,5,m1l5k2t5e3.wav,y,2359.0,1
0057,5,m3l5k2t5e1.wav,y,2372.0,1
0057,5,m2l5k1t5e2.wav,y,2236.0,1
0057,5,m1l5k1t5e1.wav,y,2207.0,1
0057,5,m2l5k2t3e2.wav,y,1897.0,1
0057,5,m3l5k1t5e1.wav,y,2400.0,1
0057,5,old_m2l5.wav,r,2400.0,1
0057,5,m1l5k1t3e1.wav,y,1845.0,1
0057,5,old_m2l5.wav,y,3045.0,1
0057,5,old_m3l5.wav,y,3266.0,1
0057,5,m1l5k2t5e1.wav,y,2133.0,1
0057,5,m1l5k2t3e2.wav,y,1731.0,1
0057,5,m2l5k1t3e2.wav,y,2222.0,1
0057,5,old_m3l5.wav,y,3689.0,1
0057,5,m2l5k2t5e3.wav,y,2209.0,1
0057,5,old_m3l5.wav,y,3101.0,1
0057,5,m3l5k1t3e3.wav,y,2885.0,1
0057,5,m1l5k2t5e2.wav,y,2199.0,1
0057,5,old_m1l5.wav,r,2344.0,1
0057,5,old_m3l5.wav,r,3687.0,1
0057,5,old_m2l5.wav,y,3441.0,1
0057,5,old_m1l5.wav,0,3700.0,1
0057,5,m1l5k1t3e2.wav,y,2768.0,1
0057,5,m1l5k1t5e3.wav,y,2097.0,1
0057,5,old_m1l5.wav,r,2108.0,1
0057,5,m3l5k1t3e2.wav,y,2043.0,1
0057,5,m3l5k2t3e1.wav,y,2489.0,1
0057,5,old_m3l5.wav,0,3700.0,1
0057,5,m2l5k2t3e3.wav,y,1412.0,1
0057,5,m1l5k2t3e3.wav,y,1658.0,1
0057,5,old_m3l5.wav,0,3700.0,1
0057,5,old_m2l5.wav,r,2235.0,1
0057,5,old_m1l5.wav,0,3700.0,1
0057,5,m3l5k2t3e3.wav,y,1858.0,1
0057,5,m2l5k2t5e2.wav,y,2455.0,1
0057,5,old_m2l5.wav,y,3131.0,1
0057,5,old_m1l5.wav,r,2128.0,1
0057,5,old_m3l5.wav,y,1790.0,1
0057,5,old_m2l5.wav,0,3700.0,1
0057,5,m2l5k1t3e1.wav,y,1763.0,1
0057,5,m3l5k2t5e3.wav,y,2123.0,1
0057,5,m1l5k1t3e3.wav,y,1449.0,1
0057,5,m3l5k1t5e2.wav,y,2490.0,1
0057,5,old_m1l5.wav,r,1965.0,1
0057,5,old_m3l5.wav,r,2614.0,1
0057,5,old_m2l5.wav,r,3673.0,1
0057,5,old_m1l5.wav,r,3478.0,1
0057,5,old_m2l5.wav,y,2750.0,1
0057,5,m1l5k1t5e2.wav,y,2229.0,1
0057,5,old_m1l5.wav,r,2210.0,1
0057,5,m2l5k2t5e1.wav,y,2602.0,1
0057,5,old_m3l5.wav,0,3700.0,1
0057,5,m2l5k1t5e1.wav,y,2213.0,1
0057,5,old_m3l5.wav,0,3700.0,1
0057,5,m2l5k1t3e3.wav,y,1935.0,1
0057,5,old_m1l5.wav,r,2311.0,1
0057,5,old_m1l5.wav,r,1862.0,1
0057,5,old_m2l5.wav,y,2372.0,1
0057,5,old_m3l5.wav,y,3429.0,1
0057,5,old_m1l5.wav,r,2156.0,1
0057,5,m3l5k2t3e2.wav,y,1869.0,1
0057,5,m3l5k2t5e2.wav,y,2356.0,1
0057,5,old_m2l5.wav,y,2193.0,1
0057,5,m3l5k1t3e1.wav,y,2062.0,1
0057,5,old_m2l5.wav,y,2295.0,1
0057,5,m1l5k2t3e1.wav,y,1722.0,1
0057,5,m3l5k1t5e3.wav,y,2184.0,1
0057,7,old_m2l7.wav,r,4091.0,1
0057,7,old_m3l7.wav,y,3906.0,1
0057,7,m2l7k2t7e3.wav,0,4500.0,1
0057,7,m3l7k1t5e2.wav,0,4500.0,1
0057,7,old_m3l7.wav,r,3110.0,1
0057,7,m2l7k1t7e2.wav,y,2933.0,1
0057,7,old_m1l7.wav,r,2766.0,1
0057,7,old_m2l7.wav,r,3615.0,1
0057,7,m2l7k1t7e3.wav,y,2946.0,1
0057,7,m2l7k1t5e1.wav,y,2384.0,1
0057,7,m3l7k2t7e2.wav,y,2596.0,1
0057,7,m2l7k2t7e2.wav,y,2924.0,1
0057,7,m1l7k2t7e2.wav,y,2825.0,1
0057,7,old_m1l7.wav,y,3362.0,1
0057,7,old_m1l7.wav,y,2990.0,1
0057,7,old_m3l7.wav,y,2426.0,1
0057,7,m2l7k2t7e1.wav,r,4233.0,1
0057,7,old_m2l7.wav,r,3544.0,1
0057,7,m1l7k2t5e1.wav,y,2182.0,1
0057,7,m1l7k1t5e2.wav,y,2226.0,1
0057,7,m3l7k1t7e3.wav,y,2722.0,1
0057,7,old_m1l7.wav,y,3488.0,1
0057,7,m2l7k2t5e1.wav,y,2365.0,1
0057,7,m1l7k2t5e3.wav,y,2728.0,1
0057,7,m2l7k1t7e1.wav,y,2879.0,1
0057,7,old_m3l7.wav,0,4500.0,1
0057,7,old_m1l7.wav,r,2718.0,1
0057,7,old_m3l7.wav,y,2911.0,1
0057,7,old_m2l7.wav,r,2601.0,1
0057,7,m2l7k1t5e2.wav,y,2493.0,1
0057,7,old_m2l7.wav,r,2754.0,1
0057,7,m3l7k2t5e1.wav,y,2820.0,1
0057,7,old_m3l7.wav,y,3322.0,1
0057,7,old_m3l7.wav,y,2794.0,1
0057,7,old_m1l7.wav,r,2550.0,1
0057,7,old_m1l7.wav,r,2386.0,1
0057,7,old_m2l7.wav,r,2610.0,1
0057,7,m3l7k1t5e3.wav,y,2498.0,1
0057,7,m3l7k1t7e1.wav,y,2773.0,1
0057,7,old_m3l7.wav,y,2643.0,1
0057,7,m1l7k1t7e3.wav,y,2731.0,1
0057,7,old_m3l7.wav,y,3090.0,1
0057,7,m3l7k1t5e1.wav,y,2274.0,1
0057,7,old_m1l7.wav,r,2608.0,1
0057,7,old_m2l7.wav,r,2659.0,1
0057,7,m2l7k2t5e3.wav,y,2562.0,1
0057,7,old_m3l7.wav,y,2549.0,1
0057,7,m1l7k1t5e3.wav,y,2046.0,1
0057,7,m2l7k2t5e2.wav,y,2429.0,1
0057,7,old_m2l7.wav,r,2368.0,1
0057,7,old_m2l7.wav,r,2639.0,1
0057,7,m1l7k1t7e2.wav,y,2932.0,1
0057,7,m1l7k2t7e3.wav,y,2785.0,1
0057,7,old_m1l7.wav,0,4500.0,1
0057,7,old_m2l7.wav,r,2618.0,1
0057,7,old_m1l7.wav,r,2916.0,1
0057,7,old_m2l7.wav,r,4325.0,1
0057,7,m1l7k1t7e1.wav,y,2749.0,1
0057,7,m1l7k2t7e1.wav,y,2629.0,1
0057,7,m3l7k2t7e1.wav,y,2677.0,1
0057,7,old_m3l7.wav,y,2662.0,1
0057,7,m3l7k2t7e3.wav,y,2682.0,1
0057,7,old_m1l7.wav,r,2686.0,1
0057,7,m3l7k2t5e2.wav,y,2528.0,1
0057,7,old_m3l7.wav,y,4365.0,1
0057,7,m1l7k2t5e2.wav,y,3152.0,1
0057,7,m2l7k1t5e3.wav,r,2925.0,1
0057,7,m3l7k1t7e2.wav,y,2933.0,1
0057,7,m3l7k2t5e3.wav,y,2751.0,1
0057,7,old_m1l7.wav,r,2948.0,1
0057,7,m1l7k1t5e1.wav,y,2672.0,1
0057,7,old_m2l7.wav,r,2773.0,1
0058,3,m2l3k1t2e2.wav,0,3000.0,1
0058,3,m3l3k2t2e3.wav,r,2149.0,1
0058,3,m1l3k1t2e3.wav,0,3000.0,1
0058,3,m1l3k1t2e2.wav,y,1284.0,1
0058,3,m1l3k2t2e1.wav,y,1087.0,1
0058,3,m3l3k1t3e2.wav,0,3000.0,1
0058,3,m2l3k1t3e1.wav,y,2625.0,1
0058,3,old_m1l3.wav,r,1328.0,1
0058,3,old_m1l3.wav,r,1388.0,1
0058,3,old_m1l3.wav,r,2999.0,1
0058,3,old_m3l3.wav,y,1512.0,1
0058,3,old_m2l3.wav,0,3000.0,1
0058,3,m3l3k1t3e3.wav,y,1529.0,1
0058,3,old_m2l3.wav,y,2164.0,1
0058,3,m3l3k2t2e2.wav,y,2295.0,1
0058,3,old_m3l3.wav,y,1708.0,1
0058,3,m1l3k2t2e3.wav,r,1325.0,1
0058,3,m1l3k1t3e2.wav,0,3000.0,1
0058,3,old_m1l3.wav,r,1347.0,1
0058,3,old_m3l3.wav,y,2375.0,1
0058,3,old_m3l3.wav,0,3000.0,1
0058,3,old_m1l3.wav,0,3000.0,1
0058,3,m2l3k1t2e1.wav,0,3000.0,1
0058,3,m1l3k1t3e1.wav,0,3000.0,1
0058,3,old_m2l3.wav,y,2217.0,1
0058,3,m2l3k1t2e3.wav,y,2128.0,1
0058,3,old_m2l3.wav,y,1548.0,1
0058,3,m3l3k1t2e1.wav,0,3000.0,1
0058,3,old_m1l3.wav,0,3000.0,1
0058,3,old_m3l3.wav,y,1757.0,1
0058,3,m2l3k2t2e3.wav,y,1294.0,1
0058,3,m3l3k1t2e3.wav,y,2184.0,1
0058,3,old_m3l3.wav,y,2546.0,1
0058,3,old_m1l3.wav,0,3000.0,1
0058,3,old_m2l3.wav,y,2189.0,1
0058,3,old_m2l3.wav,y,1272.0,1
0058,3,old_m1l3.wav,0,3000.0,1
0058,3,old_m2l3.wav,y,1861.0,1
0058,3,m1l3k2t3e1.wav,y,1332.0,1
0058,3,old_m3l3.wav,y,1783.0,1
0058,3,old_m1l3.wav,r,1947.0,1
0058,3,m2l3k2t3e3.wav,y,1471.0,1
0058,3,old_m1l3.wav,0,3000.0,1
0058,3,old_m3l3.wav,r,1403.0,1
0058,3,m3l3k1t2e2.wav,y,1072.0,1
0058,3,m3l3k1t3e1.wav,0,3000.0,1
0058,3,m2l3k2t3e2.wav,y,2747.0,1
0058,3,m2l3k2t2e2.wav,y,1661.0,1
0058,3,old_m3l3.wav,y,1615.0,1
0058,3,old_m2l3.wav,r,1634.0,1
0058,3,old_m2l3.wav,0,3000.0,1
0058,3,m1l3k1t2e1.wav,y,1437.0,1
0058,3,old_m1l3.wav,r,1357.0,1
0058,3,m3l3k2t2e1.wav,y,1858.0,1
0058,3,m3l3k2t3e3.wav,0,3000.0,1
0058,3,old_m2l3.wav,0,3000.0,1
0058,3,m3l3k2t3e1.wav,y,1418.0,1
0058,3,m1l3k2t3e2.wav,y,2536.0,1
0058,3,m1l3k2t2e2.wav,0,3000.0,1
0058,3,old_m3l3.wav,0,3000.0,1
0058,3,m2l3k1t3e2.wav,y,1413.0,1
0058,3,old_m3l3.wav,0,3000.0,1
0058,3,m1l3k2t3e3.wav,y,1457.0,1
0058,3,m2l3k1t3e3.wav,y,2434.0,1
0058,3,m1l3k1t3e3.wav,y,1282.0,1
0058,3,old_m3l3.wav,y,1853.0,1
0058,3,old_m1l3.wav,0,3000.0,1
0058,3,old_m2l3.wav,y,2599.0,1
0058,3,m2l3k2t3e1.wav,y,1437.0,1
0058,3,old_m2l3.wav,y,1963.0,1
0058,3,m2l3k2t2e1.wav,y,1106.0,1
0058,3,m3l3k2t3e2.wav,y,2423.0,1
0058,5,old_m1l5.wav,0,3700.0,1
0058,5,old_m1l5.wav,r,2384.0,1
0058,5,old_m2l5.wav,y,2189.0,1
0058,5,m1l5k2t5e3.wav,y,2344.0,1
0058,5,m3l5k1t3e3.wav,y,1785.0,1
0058,5,old_m1l5.wav,r,2055.0,1
0058,5,old_m3l5.wav,0,3700.0,1
0058,5,old_m3l5.wav,0,3700.0,1
0058,5,old_m2l5.wav,0,3700.0,1
0058,5,m3l5k1t5e3.wav,y,2295.0,1
0058,5,m1l5k1t5e2.wav,0,3700.0,1
0058,5,m3l5k2t3e3.wav,0,3700.0,1
0058,5,old_m3l5.wav,0,3700.0,1
0058,5,m3l5k2t5e1.wav,y,2181.0,1
0058,5,old_m2l5.wav,y,2099.0,1
0058,5,old_m3l5.wav,0,3700.0,1
0058,5,old_m2l5.wav,y,3052.0,1
0058,5,old_m3l5.wav,y,2110.0,1
0058,5,m1l5k2t3e1.wav,y,1966.0,1
0058,5,old_m1l5.wav,y,3067.0,1
0058,5,old_m1l5.wav,y,2119.0,1
0058,5,m1l5k1t5e3.wav,0,3700.0,1
0058,5,m2l5k1t5e3.wav,y,2015.0,1
0058,5,old_m3l5.wav,0,3700.0,1
0058,5,old_m2l5.wav,y,3479.0,1
0058,5,m1l5k2t5e2.wav,y,2010.0,1
0058,5,m2l5k1t3e3.wav,y,1566.0,1
0058,5,old_m2l5.wav,y,2145.0,1
0058,5,old_m1l5.wav,0,3700.0,1
0058,5,old_m1l5.wav,y,2577.0,1
0058,5,m1l5k1t3e2.wav,y,1585.0,1
0058,5,old_m2l5.wav,0,3700.0,1
0058,5,old_m3l5.wav,r,2176.0,1
0058,5,old_m3l5.wav,r,3030.0,1
0058,5,m2l5k1t3e2.wav,y,3151.0,1
0058,5,m1l5k1t3e1.wav,y,2360.0,1
0058,5,m2l5k2t3e2.wav,y,1731.0,1
0058,5,m1l5k1t3e3.wav,0,3700.0,1
0058,5,m2l5k2t3e3.wav,y,1669.0,1
0058,5,m2l5k2t3e1.wav,y,2239.0,1
0058,5,m2l5k2t5e3.wav,0,3700.0,1
0058,5,old_m1l5.wav,0,3700.0,1
0058,5,old_m1l5.wav,r,2336.0,1
0058,5,old_m2l5.wav,y,2108.0,1
0058,5,m1l5k2t3e2.wav,y,1594.0,1
0058,5,old_m1l5.wav,0,3700.0,1
0058,5,m3l5k1t5e1.wav,y,2626.0,1
0058,5,m1l5k2t5e1.wav,y,2535.0,1
0058,5,old_m1l5.wav,r,3502.0,1
0058,5,m2l5k1t3e1.wav,0,3700.0,1
0058,5,m3l5k2t5e3.wav,0,3700.0,1
0058,5,old_m3l5.wav,0,3700.0,1
0058,5,old_m2l5.wav,y,2124.0,1
0058,5,m1l5k2t3e3.wav,y,1794.0,1
0058,5,old_m3l5.wav,r,2223.0,1
0058,5,m1l5k1t5e1.wav,y,2122.0,1
0058,5,old_m3l5.wav,r,2130.0,1
0058,5,m2l5k2t5e2.wav,y,2561.0,1
0058,5,m3l5k1t3e2.wav,0,3700.0,1
0058,5,old_m3l5.wav,r,2345.0,1
0058,5,old_m2l5.wav,y,1677.0,1
0058,5,m3l5k1t5e2.wav,0,3700.0,1
0058,5,old_m2l5.wav,r,3375.0,1
0058,5,m2l5k1t5e2.wav,0,3700.0,1
0058,5,m3l5k2t3e1.wav,r,2549.0,1
0058,5,m2l5k2t5e1.wav,y,3144.0,1
0058,5,old_m1l5.wav,r,1878.0,1
0058,5,old_m2l5.wav,y,1996.0,1
0058,5,m3l5k1t3e1.wav,0,3700.0,1
0058,5,m3l5k2t5e2.wav,y,2061.0,1
0058,5,m3l5k2t3e2.wav,0,3700.0,1
0058,5,m2l5k1t5e1.wav,y,3214.0,1
0059,3,old_m3l3.wav,r,2590.0,1
0059,3,old_m3l3.wav,r,1894.0,1
0059,3,m3l3k2t2e3.wav,y,2106.0,1
0059,3,m1l3k1t2e3.wav,r,2110.0,1
0059,3,old_m1l3.wav,r,1787.0,1
0059,3,m1l3k2t2e1.wav,y,1742.0,1
0059,3,old_m3l3.wav,r,1805.0,1
0059,3,old_m1l3.wav,y,2588.0,1
0059,3,old_m1l3.wav,y,1810.0,1
0059,3,m2l3k2t3e3.wav,y,1539.0,1
0059,3,m1l3k1t2e1.wav,y,1957.0,1
0059,3,old_m3l3.wav,r,2178.0,1
0059,3,m3l3k2t2e1.wav,y,1748.0,1
0059,3,m2l3k1t3e3.wav,y,1676.0,1
0059,3,m1l3k1t3e1.wav,r,1754.0,1
0059,3,m3l3k1t3e3.wav,y,1685.0,1
0059,3,m2l3k2t2e3.wav,y,1622.0,1
0059,3,m3l3k1t2e1.wav,r,2525.0,1
0059,3,old_m2l3.wav,y,1982.0,1
0059,3,old_m2l3.wav,y,2308.0,1
0059,3,old_m3l3.wav,r,2885.0,1
0059,3,m3l3k1t2e3.wav,0,3000.0,1
0059,3,m2l3k1t2e2.wav,y,2270.0,1
0059,3,old_m1l3.wav,r,1644.0,1
0059,3,m2l3k1t3e1.wav,y,1818.0,1
0059,3,m3l3k1t2e2.wav,y,1930.0,1
0059,3,old_m3l3.wav,0,3000.0,1
0059,3,m1l3k2t2e2.wav,y,1371.0,1
0059,3,m2l3k1t2e1.wav,y,1389.0,1
0059,3,m3l3k2t3e2.wav,y,1690.0,1
0059,3,old_m1l3.wav,r,1671.0,1
0059,3,old_m3l3.wav,r,1897.0,1
0059,3,m1l3k2t2e3.wav,r,1861.0,1
0059,3,m1l3k1t2e2.wav,0,3000.0,1
0059,3,m2l3k2t2e1.wav,y,1330.0,1
0059,3,m3l3k2t3e3.wav,r,2159.0,1
0059,3,old_m1l3.wav,r,1797.0,1
0059,3,old_m2l3.wav,y,1410.0,1
0059,3,old_m2l3.wav,y,1749.0,1
0059,3,old_m1l3.wav,r,2170.0,1
0059,3,m2l3k1t3e2.wav,y,1936.0,1
0059,3,m1l3k1t3e2.wav,y,1953.0,1
0059,3,m2l3k2t3e1.wav,r,2549.0,1
0059,3,old_m2l3.wav,y,1701.0,1
0059,3,m2l3k2t2e2.wav,y,1877.0,1
0059,3,m1l3k2t3e2.wav,r,1304.0,1
0059,3,old_m2l3.wav,0,3000.0,1
0059,3,old_m1l3.wav,r,1482.0,1
0059,3,old_m3l3.wav,r,1488.0,1
0059,3,old_m2l3.wav,y,1515.0,1
0059,3,m1l3k2t3e1.wav,r,1392.0,1
0059,3,m2l3k1t2e3.wav,y,1095.0,1
0059,3,old_m3l3.wav,r,2965.0,1
0059,3,m3l3k1t3e2.wav,y,1882.0,1
0059,3,old_m2l3.wav,r,2136.0,1
0059,3,old_m2l3.wav,r,1228.0,1
0059,3,old_m1l3.wav,y,1756.0,1
0059,3,old_m3l3.wav,r,1740.0,1
0059,3,m1l3k2t3e3.wav,y,1320.0,1
0059,3,old_m3l3.wav,r,1382.0,1
0059,3,old_m2l3.wav,y,2536.0,1
0059,3,old_m2l3.wav,r,1267.0,1
0059,3,m3l3k2t2e2.wav,y,1804.0,1
0059,3,m1l3k1t3e3.wav,y,2005.0,1
0059,3,m3l3k1t3e1.wav,r,1809.0,1
0059,3,old_m1l3.wav,r,1325.0,1
0059,3,m2l3k2t3e2.wav,y,1485.0,1
0059,3,old_m3l3.wav,r,1562.0,1
0059,3,m3l3k2t3e1.wav,0,3000.0,1
0059,3,old_m1l3.wav,r,1227.0,1
0059,3,old_m2l3.wav,y,1597.0,1
0059,3,old_m1l3.wav,r,1413.0,1
0059,5,m2l5k2t3e1.wav,r,2493.0,1
0059,5,old_m1l5.wav,r,2374.0,1
0059,5,old_m2l5.wav,y,2640.0,1
0059,5,m3l5k1t3e1.wav,r,3406.0,1
0059,5,m2l5k2t5e3.wav,y,2823.0,1
0059,5,old_m3l5.wav,r,2415.0,1
0059,5,m1l5k2t5e3.wav,y,2762.0,1
0059,5,m3l5k2t5e3.wav,y,2461.0,1
0059,5,old_m2l5.wav,r,2736.0,1
0059,5,m2l5k2t5e2.wav,y,3643.0,1
0059,5,m1l5k1t3e2.wav,y,2060.0,1
0059,5,m3l5k2t3e3.wav,y,2511.0,1
0059,5,old_m1l5.wav,r,2155.0,1
0059,5,m2l5k2t3e3.wav,y,2009.0,1
0059,5,old_m1l5.wav,r,2029.0,1
0059,5,old_m3l5.wav,r,2103.0,1
0059,5,old_m2l5.wav,y,2505.0,1
0059,5,old_m2l5.wav,r,2172.0,1
0059,5,m3l5k1t5e3.wav,r,2705.0,1
0059,5,m1l5k1t5e1.wav,y,2329.0,1
0059,5,old_m3l5.wav,r,2511.0,1
0059,5,m3l5k1t3e3.wav,y,2197.0,1
0059,5,old_m1l5.wav,r,2339.0,1
0059,5,old_m2l5.wav,y,2656.0,1
0059,5,old_m3l5.wav,r,2502.0,1
0059,5,old_m2l5.wav,r,3073.0,1
0059,5,old_m1l5.wav,r,2065.0,1
0059,5,m2l5k1t3e3.wav,y,2133.0,1
0059,5,m3l5k2t5e1.wav,r,2282.0,1
0059,5,m1l5k2t3e2.wav,y,2071.0,1
0059,5,m1l5k1t3e1.wav,y,3679.0,1
0059,5,old_m2l5.wav,r,2340.0,1
0059,5,old_m1l5.wav,r,1914.0,1
0059,5,old_m2l5.wav,r,2310.0,1
0059,5,m2l5k2t3e2.wav,r,2620.0,1
0059,5,old_m3l5.wav,r,2156.0,1
0059,5,m2l5k1t5e1.wav,r,3347.0,1
0059,5,m1l5k2t5e1.wav,y,2259.0,1
0059,5,m2l5k1t5e2.wav,y,3227.0,1
0059,5,m3l5k2t3e1.wav,r,2216.0,1
0059,5,m1l5k2t3e1.wav,y,2447.0,1
0059,5,old_m2l5.wav,y,2262.0,1
0059,5,old_m1l5.wav,r,1940.0,1
0059,5,old_m3l5.wav,y,2241.0,1
0059,5,old_m1l5.wav,r,2675.0,1
0059,5,m2l5k1t3e1.wav,y,2212.0,1
0059,5,old_m3l5.wav,y,2464.0,1
0059,5,m3l5k2t3e2.wav,y,2232.0,1
0059,5,m2l5k2t5e1.wav,r,2515.0,1
0059,5,old_m3l5.wav,r,2416.0,1
0059,5,old_m1l5.wav,r,2686.0,1
0059,5,m2l5k1t3e2.wav,y,2462.0,1
0059,5,m1l5k2t3e3.wav,y,2254.0,1
0059,5,old_m1l5.wav,r,2308.0,1
0059,5,m3l5k1t5e1.wav,y,2763.0,1
0059,5,old_m2l5.wav,r,2798.0,1
0059,5,old_m3l5.wav,0,3700.0,1
0059,5,m1l5k1t5e2.wav,y,2656.0,1
0059,5,m1l5k2t5e2.wav,r,2445.0,1
0059,5,old_m3l5.wav,0,3700.0,1
0059,5,old_m3l5.wav,y,2893.0,1
0059,5,m3l5k1t3e2.wav,y,2475.0,1
0059,5,m1l5k1t3e3.wav,y,2132.0,1
0059,5,old_m1l5.wav,r,2944.0,1
0059,5,m2l5k1t5e3.wav,y,2793.0,1
0059,5,old_m3l5.wav,r,2382.0,1
0059,5,m1l5k1t5e3.wav,y,2155.0,1
0059,5,m3l5k1t5e2.wav,0,3700.0,1
0059,5,m3l5k2t5e2.wav,0,3700.0,1
0059,5,old_m2l5.wav,y,2965.0,1
0059,5,old_m1l5.wav,y,2624.0,1
0059,5,old_m2l5.wav,r,2882.0,1
0060,3,m1l3k1t3e3.wav,y,2463.0,1
0060,3,m1l3k2t3e2.wav,y,2714.0,1
0060,3,m2l3k2t2e1.wav,y,2797.0,1
0060,3,old_m1l3.wav,r,1605.0,1
0060,3,m1l3k2t2e3.wav,y,1520.0,1
0060,3,old_m2l3.wav,r,1453.0,1
0060,3,old_m1l3.wav,r,1457.0,1
0060,3,old_m3l3.wav,r,2203.0,1
0060,3,old_m3l3.wav,r,1548.0,1
0060,3,old_m1l3.wav,r,1826.0,1
0060,3,old_m3l3.wav,0,3000.0,1
0060,3,old_m3l3.wav,0,3000.0,1
0060,3,old_m2l3.wav,r,2531.0,1
0060,3,m2l3k2t2e3.wav,y,1644.0,1
0060,3,old_m2l3.wav,0,3000.0,1
0060,3,old_m1l3.wav,r,1473.0,1
0060,3,old_m3l3.wav,r,1618.0,1
0060,3,old_m1l3.wav,r,1649.0,1
0060,3,m3l3k1t3e1.wav,y,1704.0,1
0060,3,old_m3l3.wav,r,1552.0,1
0060,3,m2l3k2t3e3.wav,y,1531.0,1
0060,3,old_m1l3.wav,r,1466.0,1
0060,3,m2l3k1t2e1.wav,y,1515.0,1
0060,3,m3l3k2t3e3.wav,y,1623.0,1
0060,3,old_m2l3.wav,r,1872.0,1
0060,3,m1l3k2t3e3.wav,y,1656.0,1
0060,3,old_m2l3.wav,r,1791.0,1
0060,3,m1l3k1t3e2.wav,y,1923.0,1
0060,3,m1l3k1t3e1.wav,y,1925.0,1
0060,3,m3l3k1t3e2.wav,y,1965.0,1
0060,3,m2l3k2t2e2.wav,y,1977.0,1
0060,3,m2l3k1t2e3.wav,y,1722.0,1
0060,3,m1l3k2t3e1.wav,y,1697.0,1
0060,3,old_m3l3.wav,r,1784.0,1
0060,3,m3l3k2t3e2.wav,y,1638.0,1
0060,3,old_m2l3.wav,r,2289.0,1
0060,3,m3l3k1t3e3.wav,y,1562.0,1
0060,3,old_m2l3.wav,r,1637.0,1
0060,3,m2l3k1t3e2.wav,y,1567.0,1
0060,3,m2l3k1t3e1.wav,y,1751.0,1
0060,3,m2l3k2t3e2.wav,y,1757.0,1
0060,3,m2l3k1t2e2.wav,y,1822.0,1
0060,3,old_m1l3.wav,r,1491.0,1
0060,3,old_m2l3.wav,r,1568.0,1
0060,3,m1l3k2t2e2.wav,y,1368.0,1
0060,3,old_m3l3.wav,r,1718.0,1
0060,3,m3l3k2t2e3.wav,y,1515.0,1
0060,3,m1l3k2t2e1.wav,y,1606.0,1
0060,3,old_m3l3.wav,r,2452.0,1
0060,3,old_m2l3.wav,r,1595.0,1
0060,3,old_m3l3.wav,r,1447.0,1
0060,3,old_m2l3.wav,r,1760.0,1
0060,3,m2l3k1t3e3.wav,y,1528.0,1
0060,3,old_m1l3.wav,r,1647.0,1
0060,3,m3l3k1t2e2.wav,y,1649.0,1
0060,3,m1l3k1t2e2.wav,y,1644.0,1
0060,3,old_m2l3.wav,r,1656.0,1
0060,3,m3l3k2t3e1.wav,y,1576.0,1
0060,3,m3l3k1t2e1.wav,y,1499.0,1
0060,3,m1l3k1t2e1.wav,y,1505.0,1
0060,3,old_m3l3.wav,r,2221.0,1
0060,3,old_m3l3.wav,0,3000.0,1
0060,3,old_m1l3.wav,r,1692.0,1
0060,3,old_m1l3.wav,r,1940.0,1
0060,3,m3l3k2t2e1.wav,y,1509.0,1
0060,3,m1l3k1t2e3.wav,y,1651.0,1
0060,3,m2l3k2t3e1.wav,y,1596.0,1
0060,3,m3l3k1t2e3.wav,y,1538.0,1
0060,3,old_m2l3.wav,r,1514.0,1
0060,3,old_m1l3.wav,r,1495.0,1
0060,3,m3l3k2t2e2.wav,y,1535.0,1
0060,3,old_m1l3.wav,r,1459.0,1
0060,5,m2l5k1t3e2.wav,y,3179.0,1
0060,5,old_m3l5.wav,r,2531.0,1
0060,5,m3l5k2t5e2.wav,y,2494.0,1
0060,5,m1l5k2t3e3.wav,y,2603.0,1
0060,5,old_m1l5.wav,r,2378.0,1
0060,5,old_m1l5.wav,r,2588.0,1
0060,5,m3l5k1t5e3.wav,y,2469.0,1
0060,5,m1l5k1t3e2.wav,y,2550.0,1
0060,5,m2l5k1t5e1.wav,y,2559.0,1
0060,5,m3l5k2t3e1.wav,r,3606.0,1
0060,5,m3l5k1t3e3.wav,y,2439.0,1
0060,5,old_m1l5.wav,r,2426.0,1
0060,5,m2l5k2t5e3.wav,y,2497.0,1
0060,5,m1l5k1t5e3.wav,y,2394.0,1
0060,5,old_m1l5.wav,r,2291.0,1
0060,5,old_m3l5.wav,r,2596.0,1
0060,5,m3l5k2t3e2.wav,y,2288.0,1
0060,5,old_m3l5.wav,r,2382.0,1
0060,5,m3l5k1t3e2.wav,y,2244.0,1
0060,5,old_m3l5.wav,r,2257.0,1
0060,5,m3l5k1t3e1.wav,y,2213.0,1
0060,5,old_m1l5.wav,r,2373.0,1
0060,5,m2l5k1t3e3.wav,y,2236.0,1
0060,5,m2l5k2t3e3.wav,y,2337.0,1
0060,5,m1l5k2t5e1.wav,y,2587.0,1
0060,5,m1l5k2t3e1.wav,0,3700.0,1
0060,5,old_m3l5.wav,r,2523.0,1
0060,5,m2l5k2t5e1.wav,r,3448.0,1
0060,5,old_m3l5.wav,r,2492.0,1
0060,5,old_m1l5.wav,r,2360.0,1
0060,5,m2l5k2t5e2.wav,y,2820.0,1
0060,5,old_m2l5.wav,y,3404.0,1
0060,5,m1l5k2t3e2.wav,y,2499.0,1
0060,5,old_m1l5.wav,r,2435.0,1
0060,5,m1l5k1t5e1.wav,y,2520.0,1
0060,5,old_m1l5.wav,r,2323.0,1
0060,5,m2l5k2t3e1.wav,y,2390.0,1
0060,5,old_m2l5.wav,r,3499.0,1
0060,5,old_m1l5.wav,r,2311.0,1
0060,5,m1l5k2t5e3.wav,y,2551.0,1
0060,5,old_m3l5.wav,r,2869.0,1
0060,5,m1l5k1t3e1.wav,y,2311.0,1
0060,5,old_m2l5.wav,r,2454.0,1
0060,5,old_m2l5.wav,r,3196.0,1
0060,5,old_m2l5.wav,r,3084.0,1
0060,5,m2l5k1t5e2.wav,y,2613.0,1
0060,5,old_m2l5.wav,y,2694.0,1
0060,5,old_m3l5.wav,r,2520.0,1
0060,5,m3l5k2t3e3.wav,y,2680.0,1
0060,5,m2l5k1t5e3.wav,y,2836.0,1
0060,5,m3l5k2t5e3.wav,y,2651.0,1
0060,5,m1l5k1t5e2.wav,y,2733.0,1
0060,5,old_m2l5.wav,r,2550.0,1
0060,5,m2l5k2t3e2.wav,y,2435.0,1
0060,5,old_m2l5.wav,r,3069.0,1
0060,5,m1l5k2t5e2.wav,y,2522.0,1
0060,5,old_m1l5.wav,r,2526.0,1
0060,5,m3l5k2t5e1.wav,y,2495.0,1
0060,5,m1l5k1t3e3.wav,y,2462.0,1
0060,5,old_m2l5.wav,r,2456.0,1
0060,5,old_m3l5.wav,r,2458.0,1
0060,5,old_m2l5.wav,r,2637.0,1
0060,5,old_m1l5.wav,r,2347.0,1
0060,5,m2l5k1t3e1.wav,y,2250.0,1
0060,5,m3l5k1t5e1.wav,y,2458.0,1
0060,5,old_m3l5.wav,r,2444.0,1
0060,5,old_m3l5.wav,r,2303.0,1
0060,5,old_m1l5.wav,r,2373.0,1
0060,5,m3l5k1t5e2.wav,y,2619.0,1
0060,5,old_m3l5.wav,r,2298.0,1
0060,5,old_m2l5.wav,r,2245.0,1
0060,5,old_m2l5.wav,r,2236.0,1
0060,7,old_m1l7.wav,r,4193.0,1
0060,7,m2l7k2t7e2.wav,y,3097.0,1
0060,7,old_m2l7.wav,r,3880.0,1
0060,7,m3l7k1t7e3.wav,y,3283.0,1
0060,7,old_m3l7.wav,r,3311.0,1
0060,7,m2l7k1t5e2.wav,y,3075.0,1
0060,7,m1l7k2t7e2.wav,y,3049.0,1
0060,7,old_m3l7.wav,r,3133.0,1
0060,7,old_m1l7.wav,r,2891.0,1
0060,7,m1l7k1t5e1.wav,y,2895.0,1
0060,7,m3l7k2t5e2.wav,y,3048.0,1
0060,7,old_m1l7.wav,r,3027.0,1
0060,7,old_m1l7.wav,r,3293.0,1
0060,7,m3l7k2t7e3.wav,y,3080.0,1
0060,7,m2l7k1t7e3.wav,y,3025.0,1
0060,7,old_m2l7.wav,r,3073.0,1
0060,7,old_m2l7.wav,r,3029.0,1
0060,7,old_m1l7.wav,r,3081.0,1
0060,7,m1l7k2t5e2.wav,y,2968.0,1
0060,7,old_m1l7.wav,r,3211.0,1
0060,7,old_m3l7.wav,r,3238.0,1
0060,7,m3l7k2t7e1.wav,y,3179.0,1
0060,7,old_m2l7.wav,r,3331.0,1
0060,7,m3l7k2t5e1.wav,y,3038.0,1
0060,7,old_m2l7.wav,r,3353.0,1
0060,7,m3l7k1t7e2.wav,y,3120.0,1
0060,7,m2l7k2t5e1.wav,y,2990.0,1
0060,7,old_m1l7.wav,r,2917.0,1
0060,7,old_m3l7.wav,r,3158.0,1
0060,7,old_m3l7.wav,r,3486.0,1
0060,7,m3l7k1t5e2.wav,y,2984.0,1
0060,7,m2l7k2t7e3.wav,y,2993.0,1
0060,7,m2l7k1t7e1.wav,y,2876.0,1
0060,7,m1l7k1t5e3.wav,y,2969.0,1
0060,7,old_m3l7.wav,r,3072.0,1
0060,7,m1l7k2t7e1.wav,y,3053.0,1
0060,7,old_m2l7.wav,r,2924.0,1
0060,7,old_m3l7.wav,r,3134.0,1
0060,7,old_m3l7.wav,r,3658.0,1
0060,7,m1l7k1t7e2.wav,y,3055.0,1
0060,7,m2l7k1t5e1.wav,y,2896.0,1
0060,7,m2l7k1t5e3.wav,y,2843.0,1
0060,7,old_m1l7.wav,r,3113.0,1
0060,7,old_m2l7.wav,r,3253.0,1
0060,7,m1l7k2t5e1.wav,y,2941.0,1
0060,7,old_m1l7.wav,r,3043.0,1
0060,7,m1l7k1t7e1.wav,y,2966.0,1
0060,7,m2l7k2t5e2.wav,y,3006.0,1
0060,7,m1l7k1t7e3.wav,y,2952.0,1
0060,7,m3l7k2t5e3.wav,y,3052.0,1
0060,7,old_m2l7.wav,r,4344.0,1
0060,7,old_m3l7.wav,r,2898.0,1
0060,7,old_m2l7.wav,r,2824.0,1
0060,7,old_m1l7.wav,r,2957.0,1
0060,7,m2l7k1t7e2.wav,y,3086.0,1
0060,7,old_m1l7.wav,r,3001.0,1
0060,7,m1l7k2t7e3.wav,y,3152.0,1
0060,7,m3l7k2t7e2.wav,y,3025.0,1
0060,7,m2l7k2t5e3.wav,y,3550.0,1
0060,7,old_m2l7.wav,r,3710.0,1
0060,7,m3l7k1t5e3.wav,y,2892.0,1
0060,7,m1l7k1t5e2.wav,y,2767.0,1
0060,7,old_m2l7.wav,r,3118.0,1
0060,7,old_m3l7.wav,r,3071.0,1
0060,7,m3l7k1t5e1.wav,y,2960.0,1
0060,7,old_m3l7.wav,r,3148.0,1
0060,7,m3l7k1t7e1.wav,y,3351.0,1
0060,7,m2l7k2t7e1.wav,y,3316.0,1
0060,7,old_m3l7.wav,r,3094.0,1
0060,7,m1l7k2t5e3.wav,y,2806.0,1
0060,7,old_m1l7.wav,r,3041.0,1
0060,7,old_m2l7.wav,r,3322.0,1
0061,3,m3l3k1t3e1.wav,0,3000.0,1
0061,3,m2l3k2t2e3.wav,y,2344.0,1
0061,3,old_m2l3.wav,r,1626.0,1
0061,3,old_m3l3.wav,r,1366.0,1
0061,3,m1l3k1t2e2.wav,y,1557.0,1
0061,3,m3l3k1t3e2.wav,y,2174.0,1
0061,3,old_m1l3.wav,r,1356.0,1
0061,3,old_m1l3.wav,r,1533.0,1
0061,3,m3l3k2t2e1.wav,y,1515.0,1
0061,3,m1l3k1t3e1.wav,0,3000.0,1
0061,3,old_m3l3.wav,r,2018.0,1
0061,3,m3l3k2t3e3.wav,y,1511.0,1
0061,3,old_m2l3.wav,r,1273.0,1
0061,3,old_m2l3.wav,r,1461.0,1
0061,3,old_m3l3.wav,r,1907.0,1
0061,3,old_m1l3.wav,0,3000.0,1
0061,3,old_m1l3.wav,r,1431.0,1
0061,3,old_m2l3.wav,r,2414.0,1
0061,3,old_m1l3.wav,r,2077.0,1
0061,3,old_m1l3.wav,r,1913.0,1
0061,3,old_m3l3.wav,r,2469.0,1
0061,3,old_m3l3.wav,0,3000.0,1
0061,3,old_m2l3.wav,0,3000.0,1
0061,3,old_m2l3.wav,r,1357.0,1
0061,3,old_m2l3.wav,r,1189.0,1
0061,3,old_m3l3.wav,y,2676.0,1
0061,3,m1l3k2t2e2.wav,y,1710.0,1
0061,3,m3l3k2t3e1.wav,y,1476.0,1
0061,3,old_m1l3.wav,y,2713.0,1
0061,3,old_m2l3.wav,r,1140.0,1
0061,3,m2l3k2t3e2.wav,y,1519.0,1
0061,3,old_m3l3.wav,r,1885.0,1
0061,3,old_m3l3.wav,r,1794.0,1
0061,3,m1l3k2t3e2.wav,y,1329.0,1
0061,3,m1l3k2t3e1.wav,y,1505.0,1
0061,3,old_m2l3.wav,r,1695.0,1
0061,3,old_m3l3.wav,r,2511.0,1
0061,3,m2l3k2t2e2.wav,y,1295.0,1
0061,3,m2l3k1t3e1.wav,r,2882.0,1
0061,3,m1l3k1t3e2.wav,y,1423.0,1
0061,3,old_m3l3.wav,r,1561.0,1
0061,3,m3l3k1t3e3.wav,y,1325.0,1
0061,3,old_m1l3.wav,r,2480.0,1
0061,3,m2l3k1t2e3.wav,y,1799.0,1
0061,3,old_m3l3.wav,r,2303.0,1
0061,3,m3l3k1t2e1.wav,y,1585.0,1
0061,3,m1l3k2t2e1.wav,y,1530.0,1
0061,3,old_m1l3.wav,0,3000.0,1
0061,3,m2l3k1t3e2.wav,y,2120.0,1
0061,3,old_m3l3.wav,r,1520.0,1
0061,3,old_m1l3.wav,0,3000.0,1
0061,3,m2l3k1t2e1.wav,y,2243.0,1
0061,3,old_m2l3.wav,r,1789.0,1
0061,3,m1l3k2t3e3.wav,y,1504.0,1
0061,3,m3l3k2t2e3.wav,r,1750.0,1
0061,3,m1l3k2t2e3.wav,y,1550.0,1
0061,3,m3l3k2t2e2.wav,y,1244.0,1
0061,3,old_m1l3.wav,r,1945.0,1
0061,3,m1l3k1t2e1.wav,y,1864.0,1
0061,3,m1l3k1t2e3.wav,r,1947.0,1
0061,3,old_m2l3.wav,0,3000.0,1
0061,3,m2l3k2t3e3.wav,y,1620.0,1
0061,3,m1l3k1t3e3.wav,y,1379.0,1
0061,3,m2l3k2t2e1.wav,y,2252.0,1
0061,3,old_m1l3.wav,y,2675.0,1
0061,3,m2l3k1t3e3.wav,y,1487.0,1
0061,3,m3l3k1t2e3.wav,0,3000.0,1
0061,3,m2l3k2t3e1.wav,y,1614.0,1
0061,3,m2l3k1t2e2.wav,y,1501.0,1
0061,3,m3l3k1t2e2.wav,y,1406.0,1
0061,3,old_m2l3.wav,r,1430.0,1
0061,3,m3l3k2t3e2.wav,y,1482.0,1
0061,5,m3l5k1t3e1.wav,y,2858.0,1
0061,5,old_m1l5.wav,r,1916.0,1
0061,5,old_m2l5.wav,r,2040.0,1
0061,5,old_m3l5.wav,r,1930.0,1
0061,5,m3l5k1t5e3.wav,y,2143.0,1
0061,5,m2l5k2t3e1.wav,y,2075.0,1
0061,5,m3l5k1t3e3.wav,y,2016.0,1
0061,5,old_m1l5.wav,r,1965.0,1
0061,5,m1l5k1t5e1.wav,r,3211.0,1
0061,5,old_m1l5.wav,r,2585.0,1
0061,5,old_m1l5.wav,r,2126.0,1
0061,5,old_m2l5.wav,r,2303.0,1
0061,5,m3l5k2t3e3.wav,y,2077.0,1
0061,5,m1l5k1t3e3.wav,y,1905.0,1
0061,5,m1l5k2t5e1.wav,y,2527.0,1
0061,5,m1l5k2t3e1.wav,y,1993.0,1
0061,5,old_m2l5.wav,r,2148.0,1
0061,5,old_m2l5.wav,r,2134.0,1
0061,5,old_m2l5.wav,r,2557.0,1
0061,5,old_m1l5.wav,r,2138.0,1
0061,5,old_m3l5.wav,0,3700.0,1
0061,5,old_m2l5.wav,r,2514.0,1
0061,5,old_m3l5.wav,0,3700.0,1
0061,5,m1l5k2t5e2.wav,y,2469.0,1
0061,5,old_m1l5.wav,r,2004.0,1
0061,5,m2l5k2t3e3.wav,y,2078.0,1
0061,5,old_m2l5.wav,r,2153.0,1
0061,5,old_m1l5.wav,r,2268.0,1
0061,5,old_m2l5.wav,r,2433.0,1
0061,5,old_m3l5.wav,y,3150.0,1
0061,5,m2l5k1t3e2.wav,y,1884.0,1
0061,5,old_m1l5.wav,r,1994.0,1
0061,5,m2l5k1t3e3.wav,y,3146.0,1
0061,5,m2l5k2t5e2.wav,y,2983.0,1
0061,5,m3l5k1t3e2.wav,y,3005.0,1
0061,5,old_m3l5.wav,0,3700.0,1
0061,5,m3l5k2t5e3.wav,y,2301.0,1
0061,5,m2l5k1t5e1.wav,y,2156.0,1
0061,5,m1l5k1t5e3.wav,y,2173.0,1
0061,5,m1l5k1t5e2.wav,y,2692.0,1
0061,5,m1l5k1t3e2.wav,0,3700.0,1
0061,5,m1l5k2t5e3.wav,y,2682.0,1
0061,5,m3l5k2t5e2.wav,y,2886.0,1
0061,5,old_m3l5.wav,r,2369.0,1
0061,5,old_m2l5.wav,y,2653.0,1
0061,5,old_m3l5.wav,r,1940.0,1
0061,5,old_m1l5.wav,r,3251.0,1
0061,5,m1l5k2t3e2.wav,y,2233.0,1
0061,5,m3l5k2t5e1.wav,y,2760.0,1
0061,5,old_m3l5.wav,r,2486.0,1
0061,5,m2l5k1t3e1.wav,y,2539.0,1
0061,5,old_m3l5.wav,r,2025.0,1
0061,5,m2l5k1t5e2.wav,y,2278.0,1
0061,5,m3l5k2t3e1.wav,y,3486.0,1
0061,5,m3l5k1t5e2.wav,y,2765.0,1
0061,5,old_m1l5.wav,r,2167.0,1
0061,5,m2l5k2t5e3.wav,y,2208.0,1
0061,5,old_m3l5.wav,r,2200.0,1
0061,5,old_m2l5.wav,y,3477.0,1
0061,5,old_m1l5.wav,r,1922.0,1
0061,5,m3l5k2t3e2.wav,y,1916.0,1
0061,5,m2l5k2t5e1.wav,0,3700.0,1
0061,5,old_m1l5.wav,r,1996.0,1
0061,5,m1l5k1t3e1.wav,0,3700.0,1
0061,5,old_m3l5.wav,0,3700.0,1
0061,5,m2l5k1t5e3.wav,y,2176.0,1
0061,5,m1l5k2t3e3.wav,y,1975.0,1
0061,5,old_m2l5.wav,y,3000.0,1
0061,5,old_m3l5.wav,r,1965.0,1
0061,5,m2l5k2t3e2.wav,y,2327.0,1
0061,5,m3l5k1t5e1.wav,y,2381.0,1
0061,5,old_m2l5.wav,r,3060.0,1
0061,7,old_m1l7.wav,r,2966.0,1
0061,7,m2l7k2t5e2.wav,r,3156.0,1
0061,7,old_m1l7.wav,r,2816.0,1
0061,7,old_m3l7.wav,r,2877.0,1
0061,7,old_m2l7.wav,y,3184.0,1
0061,7,m2l7k1t7e2.wav,y,2990.0,1
0061,7,old_m1l7.wav,r,2688.0,1
0061,7,old_m3l7.wav,r,2818.0,1
0061,7,m2l7k2t7e1.wav,r,3489.0,1
0061,7,m3l7k2t5e3.wav,y,2758.0,1
0061,7,old_m2l7.wav,r,2932.0,1
0061,7,m3l7k2t7e1.wav,0,4500.0,1
0061,7,old_m2l7.wav,r,2656.0,1
0061,7,old_m1l7.wav,r,2668.0,1
0061,7,old_m1l7.wav,r,2706.0,1
0061,7,old_m3l7.wav,r,2914.0,1
0061,7,old_m1l7.wav,r,4258.0,1
0061,7,m3l7k1t5e3.wav,y,2805.0,1
0061,7,old_m2l7.wav,y,4117.0,1
0061,7,old_m3l7.wav,r,3015.0,1
0061,7,m2l7k1t5e1.wav,y,3003.0,1
0061,7,m2l7k2t5e3.wav,y,2753.0,1
0061,7,m2l7k1t7e1.wav,y,2861.0,1
0061,7,old_m2l7.wav,y,3061.0,1
0061,7,m3l7k2t5e1.wav,y,2644.0,1
0061,7,m1l7k1t7e2.wav,r,3084.0,1
0061,7,old_m1l7.wav,r,2723.0,1
0061,7,old_m2l7.wav,r,3524.0,1
0061,7,old_m1l7.wav,r,2742.0,1
0061,7,m3l7k2t7e3.wav,y,2969.0,1
0061,7,m1l7k1t5e2.wav,y,2735.0,1
0061,7,m3l7k1t7e3.wav,y,2904.0,1
0061,7,m2l7k1t7e3.wav,y,2935.0,1
0061,7,old_m1l7.wav,r,3114.0,1
0061,7,m1l7k2t7e2.wav,y,2867.0,1
0061,7,old_m3l7.wav,r,3036.0,1
0061,7,m2l7k1t5e2.wav,y,2905.0,1
0061,7,old_m2l7.wav,y,3642.0,1
0061,7,m3l7k1t5e1.wav,y,2809.0,1
0061,7,m1l7k1t5e3.wav,y,2736.0,1
0061,7,m1l7k1t5e1.wav,0,4500.0,1
0061,7,old_m3l7.wav,r,2883.0,1
0061,7,old_m3l7.wav,r,3152.0,1
0061,7,m2l7k2t7e3.wav,y,3026.0,1
0061,7,m1l7k2t7e1.wav,y,2983.0,1
0061,7,old_m3l7.wav,r,2857.0,1
0061,7,old_m3l7.wav,r,2879.0,1
0061,7,old_m2l7.wav,y,4166.0,1
0061,7,old_m2l7.wav,y,3401.0,1
0061,7,old_m2l7.wav,y,3118.0,1
0061,7,old_m3l7.wav,r,2795.0,1
0061,7,m1l7k2t5e2.wav,y,3119.0,1
0061,7,m1l7k2t7e3.wav,y,3041.0,1
0061,7,m3l7k2t7e2.wav,y,3376.0,1
0061,7,old_m3l7.wav,r,2782.0,1
0061,7,old_m1l7.wav,r,3547.0,1
0061,7,old_m3l7.wav,y,3592.0,1
0061,7,m1l7k2t5e1.wav,y,3286.0,1
0061,7,m3l7k1t7e2.wav,y,2972.0,1
0061,7,old_m1l7.wav,r,4229.0,1
0061,7,old_m2l7.wav,y,2404.0,1
0061,7,m3l7k1t5e2.wav,y,2959.0,1
0061,7,m3l7k1t7e1.wav,y,2975.0,1
0061,7,m1l7k1t7e1.wav,y,3365.0,1
0061,7,old_m2l7.wav,r,4325.0,1
0061,7,m1l7k1t7e3.wav,y,2949.0,1
0061,7,m3l7k2t5e2.wav,y,2630.0,1
0061,7,m2l7k2t7e2.wav,y,2843.0,1
0061,7,m2l7k2t5e1.wav,y,3222.0,1
0061,7,old_m1l7.wav,r,2961.0,1
0061,7,m2l7k1t5e3.wav,y,4358.0,1
0061,7,m1l7k2t5e3.wav,y,2645.0,1
0062,3,old_m2l3.wav,r,1500.0,1
0062,3,m3l3k2t2e3.wav,0,3000.0,1
0062,3,old_m2l3.wav,r,1772.0,1
0062,3,m3l3k1t2e1.wav,y,1747.0,1
0062,3,m3l3k1t2e3.wav,y,1713.0,1
0062,3,m3l3k1t3e3.wav,y,1897.0,1
0062,3,m1l3k2t3e3.wav,0,3000.0,1
0062,3,old_m2l3.wav,r,1412.0,1
0062,3,old_m2l3.wav,r,1569.0,1
0062,3,m1l3k2t2e1.wav,0,3000.0,1
0062,3,m2l3k1t2e3.wav,y,1681.0,1
0062,3,m1l3k2t2e2.wav,r,2671.0,1
0062,3,m1l3k1t2e1.wav,r,2016.0,1
0062,3,old_m3l3.wav,r,2069.0,1
0062,3,old_m3l3.wav,r,1697.0,1
0062,3,m1l3k1t3e3.wav,0,3000.0,1
0062,3,old_m1l3.wav,r,1913.0,1
0062,3,m2l3k2t3e2.wav,0,3000.0,1
0062,3,m2l3k1t2e1.wav,y,1721.0,1
0062,3,old_m3l3.wav,r,1820.0,1
0062,3,old_m1l3.wav,r,1580.0,1
0062,3,old_m3l3.wav,r,1615.0,1
0062,3,old_m1l3.wav,r,1420.0,1
0062,3,old_m1l3.wav,0,3000.0,1
0062,3,old_m1l3.wav,r,1554.0,1
0062,3,m2l3k1t3e1.wav,0,3000.0,1
0062,3,m3l3k2t3e1.wav,r,2942.0,1
0062,3,old_m3l3.wav,r,2442.0,1
0062,3,m1l3k1t3e1.wav,0,3000.0,1
0062,3,old_m1l3.wav,r,2482.0,1
0062,3,m1l3k1t3e2.wav,0,3000.0,1
0062,3,old_m2l3.wav,r,1876.0,1
0062,3,old_m2l3.wav,0,3000.0,1
0062,3,m3l3k1t3e2.wav,r,1760.0,1
0062,3,old_m2l3.wav,r,1507.0,1
0062,3,m2l3k2t2e3.wav,y,1680.0,1
0062,3,old_m3l3.wav,r,2037.0,1
0062,3,m1l3k1t2e3.wav,r,1703.0,1
0062,3,m2l3k2t3e3.wav,y,1839.0,1
0062,3,old_m3l3.wav,0,3000.0,1
0062,3,m3l3k1t3e1.wav,y,2462.0,1
0062,3,old_m1l3.wav,r,1510.0,1
0062,3,old_m2l3.wav,0,3000.0,1
0062,3,m2l3k1t3e2.wav,0,3000.0,1
0062,3,m1l3k2t3e2.wav,y,1629.0,1
0062,3,old_m1l3.wav,r,1439.0,1
0062,3,m2l3k2t2e1.wav,y,1479.0,1
0062,3,old_m2l3.wav,r,2566.0,1
0062,3,old_m3l3.wav,r,2041.0,1
0062,3,m2l3k1t3e3.wav,y,2307.0,1
0062,3,old_m2l3.wav,r,1990.0,1
0062,3,m2l3k1t2e2.wav,y,1649.0,1
0062,3,old_m2l3.wav,r,2151.0,1
0062,3,m3l3k2t3e3.wav,y,2285.0,1
0062,3,old_m3l3.wav,r,2875.0,1
0062,3,m1l3k2t2e3.wav,0,3000.0,1
0062,3,old_m1l3.wav,r,2719.0,1
0062,3,old_m3l3.wav,r,1916.0,1
0062,3,old_m1l3.wav,r,1629.0,1
0062,3,m1l3k1t2e2.wav,0,3000.0,1
0062,3,old_m1l3.wav,r,1408.0,1
0062,3,old_m1l3.wav,r,1779.0,1
0062,3,old_m3l3.wav,r,1780.0,1
0062,3,old_m2l3.wav,r,1439.0,1
0062,3,m3l3k2t2e2.wav,0,3000.0,1
0062,3,m3l3k2t3e2.wav,y,2655.0,1
0062,3,old_m3l3.wav,r,2695.0,1
0062,3,m3l3k1t2e2.wav,y,1915.0,1
0062,3,m2l3k2t2e2.wav,y,1993.0,1
0062,3,m2l3k2t3e1.wav,r,2054.0,1
0062,3,m3l3k2t2e1.wav,y,1477.0,1
0062,3,m1l3k2t3e1.wav,r,1713.0,1
0062,5,m1l5k1t3e3.wav,0,3700.0,1
0062,5,old_m2l5.wav,r,2233.0,1
0062,5,m2l5k1t5e2.wav,y,2997.0,1
0062,5,m1l5k2t3e1.wav,0,3700.0,1
0062,5,m3l5k1t5e3.wav,r,3185.0,1
0062,5,m2l5k1t3e3.wav,y,2071.0,1
0062,5,old_m1l5.wav,r,2110.0,1
0062,5,old_m2l5.wav,r,3100.0,1
0062,5,old_m3l5.wav,y,2661.0,1
0062,5,old_m2l5.wav,r,3006.0,1
0062,5,old_m3l5.wav,0,3700.0,1
0062,5,m1l5k1t5e1.wav,y,2271.0,1
0062,5,m3l5k2t5e3.wav,y,2476.0,1
0062,5,old_m1l5.wav,r,2540.0,1
0062,5,old_m2l5.wav,r,2179.0,1
0062,5,old_m2l5.wav,r,2162.0,1
0062,5,old_m3l5.wav,y,3098.0,1
0062,5,m3l5k1t3e2.wav,y,2455.0,1
0062,5,old_m1l5.wav,r,2151.0,1
0062,5,old_m1l5.wav,r,2356.0,1
0062,5,old_m3l5.wav,r,2306.0,1
0062,5,old_m2l5.wav,0,3700.0,1
0062,5,m1l5k2t5e3.wav,y,2280.0,1
0062,5,old_m1l5.wav,0,3700.0,1
0062,5,old_m2l5.wav,0,3700.0,1
0062,5,old_m2l5.wav,r,2172.0,1
0062,5,old_m2l5.wav,r,2399.0,1
0062,5,old_m1l5.wav,r,2953.0,1
0062,5,old_m1l5.wav,r,2140.0,1
0062,5,old_m2l5.wav,r,2668.0,1
0062,5,old_m3l5.wav,r,2427.0,1
0062,5,m2l5k2t5e1.wav,y,2770.0,1
0062,5,old_m3l5.wav,0,3700.0,1
0062,5,old_m2l5.wav,r,2087.0,1
0062,5,m1l5k1t3e2.wav,y,2195.0,1
0062,5,m3l5k1t5e2.wav,r,2551.0,1
0062,5,old_m3l5.wav,r,2140.0,1
0062,5,m3l5k2t3e3.wav,y,1975.0,1
0062,5,old_m3l5.wav,r,2434.0,1
0062,5,m1l5k1t5e2.wav,y,2162.0,1
0062,5,m2l5k1t3e1.wav,y,2068.0,1
0062,5,m3l5k1t5e1.wav,r,2052.0,1
0062,5,old_m3l5.wav,r,2332.0,1
0062,5,m2l5k1t5e3.wav,y,2179.0,1
0062,5,m3l5k2t5e2.wav,y,3535.0,1
0062,5,old_m3l5.wav,r,2404.0,1
0062,5,m2l5k2t3e2.wav,y,2176.0,1
0062,5,m3l5k2t5e1.wav,r,2727.0,1
0062,5,old_m1l5.wav,0,3700.0,1
0062,5,m3l5k1t3e1.wav,r,2398.0,1
0062,5,m2l5k1t3e2.wav,y,2028.0,1
0062,5,m3l5k2t3e2.wav,y,3097.0,1
0062,5,m1l5k2t3e2.wav,y,2115.0,1
0062,5,old_m3l5.wav,r,2072.0,1
0062,5,m3l5k2t3e1.wav,y,1994.0,1
0062,5,m1l5k2t3e3.wav,y,2151.0,1
0062,5,m2l5k2t5e2.wav,r,3042.0,1
0062,5,old_m2l5.wav,r,2691.0,1
0062,5,m2l5k2t5e3.wav,r,2623.0,1
0062,5,m1l5k1t5e3.wav,y,3016.0,1
0062,5,m1l5k2t5e1.wav,y,2281.0,1
0062,5,old_m1l5.wav,y,2316.0,1
0062,5,old_m1l5.wav,r,3527.0,1
0062,5,m2l5k1t5e1.wav,0,3700.0,1
0062,5,m1l5k2t5e2.wav,y,3156.0,1
0062,5,m2l5k2t3e1.wav,y,2451.0,1
0062,5,old_m1l5.wav,r,3506.0,1
0062,5,old_m1l5.wav,r,3342.0,1
0062,5,old_m3l5.wav,y,2392.0,1
0062,5,m2l5k2t3e3.wav,y,2267.0,1
0062,5,m3l5k1t3e3.wav,y,2246.0,1
0062,5,m1l5k1t3e1.wav,y,2595.0,1
0062,7,old_m2l7.wav,r,3577.0,1
0062,7,m3l7k2t5e3.wav,y,4271.0,1
0062,7,old_m2l7.wav,r,2921.0,1
0062,7,old_m2l7.wav,r,3335.0,1
0062,7,m2l7k1t5e1.wav,y,3160.0,1
0062,7,m3l7k1t7e1.wav,y,3208.0,1
0062,7,old_m3l7.wav,r,4336.0,1
0062,7,old_m1l7.wav,r,3691.0,1
0062,7,old_m2l7.wav,r,3114.0,1
0062,7,old_m1l7.wav,r,3265.0,1
0062,7,m3l7k1t7e3.wav,0,4500.0,1
0062,7,m2l7k1t7e1.wav,y,3042.0,1
0062,7,m1l7k2t7e3.wav,y,3020.0,1
0062,7,m3l7k2t7e3.wav,y,3008.0,1
0062,7,m1l7k1t7e3.wav,r,4189.0,1
0062,7,m1l7k2t7e1.wav,r,3264.0,1
0062,7,m1l7k1t5e2.wav,r,3165.0,1
0062,7,old_m2l7.wav,r,2856.0,1
0062,7,m2l7k1t5e3.wav,r,2827.0,1
0062,7,m3l7k2t7e2.wav,y,4203.0,1
0062,7,old_m1l7.wav,r,2846.0,1
0062,7,old_m1l7.wav,r,3061.0,1
0062,7,old_m2l7.wav,r,3355.0,1
0062,7,old_m3l7.wav,r,2830.0,1
0062,7,m2l7k2t7e2.wav,r,3136.0,1
0062,7,m3l7k1t5e2.wav,r,3027.0,1
0062,7,old_m1l7.wav,r,3248.0,1
0062,7,old_m3l7.wav,r,2922.0,1
0062,7,m2l7k2t5e3.wav,r,3753.0,1
0062,7,m3l7k1t7e2.wav,0,4500.0,1
0062,7,old_m3l7.wav,r,3529.0,1
0062,7,old_m3l7.wav,r,3038.0,1
0062,7,old_m1l7.wav,r,2727.0,1
0062,7,m2l7k2t5e1.wav,y,2732.0,1
0062,7,m1l7k2t5e2.wav,r,3743.0,1
0062,7,m3l7k2t7e1.wav,y,3043.0,1
0062,7,old_m2l7.wav,r,2886.0,1
0062,7,old_m2l7.wav,r,2587.0,1
0062,7,old_m3l7.wav,y,4143.0,1
0062,7,m2l7k2t7e3.wav,y,3071.0,1
0062,7,old_m3l7.wav,r,2752.0,1
0062,7,old_m1l7.wav,r,3043.0,1
0062,7,old_m1l7.wav,r,2865.0,1
0062,7,m3l7k1t5e1.wav,y,2770.0,1
0062,7,old_m3l7.wav,r,2839.0,1
0062,7,old_m2l7.wav,r,2804.0,1
0062,7,m1l7k1t7e1.wav,y,2893.0,1
0062,7,old_m2l7.wav,r,2874.0,1
0062,7,m3l7k2t5e2.wav,r,2758.0,1
0062,7,m2l7k1t7e2.wav,y,3178.0,1
0062,7,m1l7k1t5e3.wav,r,3053.0,1
0062,7,m1l7k1t7e2.wav,y,4000.0,1
0062,7,m1l7k1t5e1.wav,y,2941.0,1
0062,7,old_m3l7.wav,0,4500.0,1
0062,7,old_m1l7.wav,r,2808.0,1
0062,7,m2l7k1t7e3.wav,y,2824.0,1
0062,7,m2l7k2t5e2.wav,r,3861.0,1
0062,7,m1l7k2t7e2.wav,y,3689.0,1
0062,7,m3l7k2t5e1.wav,r,3921.0,1
0062,7,m1l7k2t5e3.wav,r,2727.0,1
0062,7,m2l7k1t5e2.wav,r,2891.0,1
0062,7,old_m2l7.wav,r,2741.0,1
0062,7,old_m3l7.wav,r,2949.0,1
0062,7,old_m3l7.wav,r,3225.0,1
0062,7,old_m1l7.wav,0,4500.0,1
0062,7,m2l7k2t7e1.wav,r,2746.0,1
0062,7,old_m2l7.wav,r,2752.0,1
0062,7,m1l7k2t5e1.wav,r,4028.0,1
0062,7,old_m1l7.wav,r,2856.0,1
0062,7,m3l7k1t5e3.wav,y,2842.0,1
0062,7,old_m3l7.wav,y,4339.0,1
0062,7,old_m1l7.wav,r,3017.0,1
0063,3,m1l3k2t3e1.wav,y,2703.0,1
0063,3,old_m1l3.wav,r,2525.0,1
0063,3,m1l3k1t2e2.wav,y,2475.0,1
0063,3,old_m1l3.wav,r,1520.0,1
0063,3,m2l3k2t3e3.wav,y,1712.0,1
0063,3,m2l3k1t2e2.wav,y,1977.0,1
0063,3,m2l3k1t3e3.wav,y,2696.0,1
0063,3,m1l3k1t2e1.wav,r,1519.0,1
0063,3,old_m3l3.wav,r,1467.0,1
0063,3,m2l3k1t3e2.wav,0,3000.0,1
0063,3,m3l3k1t2e1.wav,r,2118.0,1
0063,3,old_m2l3.wav,r,1739.0,1
0063,3,old_m1l3.wav,r,1492.0,1
0063,3,old_m2l3.wav,r,1393.0,1
0063,3,old_m3l3.wav,0,3000.0,1
0063,3,old_m1l3.wav,r,1440.0,1
0063,3,m3l3k2t2e1.wav,y,1531.0,1
0063,3,m3l3k1t2e2.wav,y,2123.0,1
0063,3,m1l3k2t3e2.wav,y,1824.0,1
0063,3,m1l3k2t2e3.wav,y,1824.0,1
0063,3,m3l3k1t3e1.wav,r,1471.0,1
0063,3,old_m3l3.wav,r,1872.0,1
0063,3,m2l3k1t2e3.wav,y,1594.0,1
0063,3,old_m2l3.wav,y,1741.0,1
0063,3,m2l3k1t2e1.wav,y,1599.0,1
0063,3,old_m1l3.wav,r,1360.0,1
0063,3,m3l3k1t2e3.wav,y,1575.0,1
0063,3,old_m1l3.wav,r,1295.0,1
0063,3,old_m3l3.wav,r,2138.0,1
0063,3,old_m2l3.wav,r,2621.0,1
0063,3,m1l3k1t3e3.wav,y,1606.0,1
0063,3,old_m2l3.wav,r,1320.0,1
0063,3,old_m3l3.wav,y,2408.0,1
0063,3,old_m3l3.wav,y,2073.0,1
0063,3,m2l3k1t3e1.wav,r,1383.0,1
0063,3,old_m3l3.wav,y,2275.0,1
0063,3,m2l3k2t2e2.wav,y,1846.0,1
0063,3,old_m1l3.wav,r,1570.0,1
0063,3,old_m1l3.wav,r,1457.0,1
0063,3,m1l3k2t2e2.wav,y,1425.0,1
0063,3,old_m3l3.wav,y,1963.0,1
0063,3,old_m1l3.wav,r,1266.0,1
0063,3,m2l3k2t3e2.wav,y,1612.0,1
0063,3,m1l3k1t3e1.wav,y,1675.0,1
0063,3,m1l3k2t2e1.wav,y,1440.0,1
0063,3,m2l3k2t2e1.wav,y,1453.0,1
0063,3,m2l3k2t3e1.wav,r,1414.0,1
0063,3,old_m2l3.wav,y,2084.0,1
0063,3,old_m3l3.wav,0,3000.0,1
0063,3,m1l3k2t3e3.wav,y,2192.0,1
0063,3,old_m2l3.wav,r,1978.0,1
0063,3,old_m2l3.wav,r,1465.0,1
0063,3,m2l3k2t2e3.wav,y,1345.0,1
0063,3,m3l3k1t3e2.wav,y,1923.0,1
0063,3,old_m2l3.wav,r,1688.0,1
0063,3,old_m2l3.wav,r,1512.0,1
0063,3,m3l3k1t3e3.wav,y,1714.0,1
0063,3,m1l3k1t2e3.wav,y,2015.0,1
0063,3,old_m2l3.wav,y,2038.0,1
0063,3,old_m3l3.wav,y,1702.0,1
0063,3,m1l3k1t3e2.wav,y,2085.0,1
0063,3,m3l3k2t3e1.wav,y,1678.0,1
0063,3,old_m1l3.wav,r,1489.0,1
0063,3,old_m3l3.wav,y,2206.0,1
0063,3,old_m3l3.wav,y,2289.0,1
0063,3,m3l3k2t3e2.wav,y,1782.0,1
0063,3,old_m1l3.wav,r,1600.0,1
0063,3,m3l3k2t2e2.wav,y,2342.0,1
0063,3,old_m1l3.wav,r,1631.0,1
0063,3,m3l3k2t3e3.wav,y,1817.0,1
0063,3,old_m2l3.wav,r,1464.0,1
0063,3,m3l3k2t2e3.wav,y,2115.0,1
0063,5,old_m2l5.wav,0,3700.0,1
0063,5,m1l5k2t3e2.wav,y,2634.0,1
0063,5,m3l5k2t5e1.wav,r,2659.0,1
0063,5,m2l5k2t3e3.wav,y,2008.0,1
0063,5,m3l5k2t5e2.wav,r,2306.0,1
0063,5,old_m1l5.wav,r,2084.0,1
0063,5,old_m1l5.wav,r,2315.0,1
0063,5,m3l5k1t3e3.wav,y,2078.0,1
0063,5,old_m2l5.wav,r,2039.0,1
0063,5,m3l5k2t3e1.wav,r,3010.0,1
0063,5,old_m3l5.wav,r,2282.0,1
0063,5,old_m3l5.wav,r,2086.0,1
0063,5,old_m3l5.wav,r,2026.0,1
0063,5,old_m1l5.wav,r,2077.0,1
0063,5,old_m3l5.wav,r,2703.0,1
0063,5,m1l5k1t5e1.wav,y,2374.0,1
0063,5,m2l5k1t3e1.wav,y,2416.0,1
0063,5,old_m2l5.wav,r,2060.0,1
0063,5,old_m2l5.wav,r,2286.0,1
0063,5,old_m1l5.wav,r,2102.0,1
0063,5,m2l5k1t5e3.wav,y,2486.0,1
0063,5,m3l5k1t5e3.wav,y,2447.0,1
0063,5,m3l5k1t3e1.wav,y,2076.0,1
0063,5,old_m1l5.wav,r,2018.0,1
0063,5,old_m2l5.wav,r,2555.0,1
0063,5,old_m1l5.wav,r,2069.0,1
0063,5,old_m3l5.wav,r,2742.0,1
0063,5,m3l5k1t5e2.wav,y,3194.0,1
0063,5,old_m2l5.wav,r,3492.0,1
0063,5,old_m2l5.wav,r,2116.0,1
0063,5,m3l5k1t5e1.wav,y,2371.0,1
0063,5,old_m1l5.wav,r,2147.0,1
0063,5,m3l5k2t3e3.wav,y,2526.0,1
0063,5,old_m3l5.wav,0,3700.0,1
0063,5,m1l5k1t3e1.wav,y,2298.0,1
0063,5,old_m1l5.wav,r,2972.0,1
0063,5,old_m1l5.wav,r,2229.0,1
0063,5,m2l5k1t5e1.wav,y,2679.0,1
0063,5,m2l5k1t3e2.wav,y,2061.0,1
0063,5,old_m1l5.wav,r,2236.0,1
0063,5,old_m2l5.wav,r,2976.0,1
0063,5,old_m1l5.wav,r,2738.0,1
0063,5,m2l5k2t3e2.wav,y,2186.0,1
0063,5,m3l5k2t5e3.wav,y,2302.0,1
0063,5,old_m3l5.wav,0,3700.0,1
0063,5,old_m3l5.wav,r,2618.0,1
0063,5,m1l5k2t5e3.wav,y,2150.0,1
0063,5,m2l5k2t5e2.wav,y,3639.0,1
0063,5,m2l5k1t5e2.wav,y,2254.0,1
0063,5,m2l5k2t5e3.wav,y,3025.0,1
0063,5,m1l5k1t5e2.wav,y,2661.0,1
0063,5,m3l5k1t3e2.wav,0,3700.0,1
0063,5,old_m2l5.wav,r,3533.0,1
0063,5,m2l5k2t3e1.wav,y,3131.0,1
0063,5,old_m1l5.wav,r,2030.0,1
0063,5,old_m3l5.wav,r,3112.0,1
0063,5,m2l5k1t3e3.wav,y,1888.0,1
0063,5,m3l5k2t3e2.wav,y,2099.0,1
0063,5,m1l5k1t3e3.wav,y,2125.0,1
0063,5,old_m2l5.wav,r,2295.0,1
0063,5,m1l5k2t3e1.wav,y,2270.0,1
0063,5,old_m2l5.wav,r,2115.0,1
0063,5,m1l5k2t3e3.wav,y,2034.0,1
0063,5,old_m3l5.wav,r,2198.0,1
0063,5,m1l5k1t5e3.wav,y,2302.0,1
0063,5,old_m3l5.wav,r,2206.0,1
0063,5,old_m3l5.wav,r,3550.0,1
0063,5,m1l5k1t3e2.wav,y,1737.0,1
0063,5,old_m2l5.wav,r,1893.0,1
0063,5,m1l5k2t5e2.wav,y,2171.0,1
0063,5,m1l5k2t5e1.wav,y,2185.0,1
0063,5,m2l5k2t5e1.wav,r,2408.0,1
0063,7,m2l7k1t5e2.wav,r,3148.0,1
0063,7,m3l7k2t5e1.wav,y,3117.0,1
0063,7,old_m2l7.wav,r,2729.0,1
0063,7,m3l7k1t7e3.wav,y,2966.0,1
0063,7,m3l7k1t5e2.wav,y,3068.0,1
0063,7,old_m3l7.wav,y,4003.0,1
0063,7,old_m2l7.wav,r,2745.0,1
0063,7,old_m1l7.wav,r,2726.0,1
0063,7,old_m2l7.wav,r,2683.0,1
0063,7,m2l7k2t5e2.wav,y,2723.0,1
0063,7,old_m2l7.wav,r,2725.0,1
0063,7,old_m3l7.wav,r,3195.0,1
0063,7,old_m2l7.wav,r,2707.0,1
0063,7,m3l7k2t5e3.wav,y,2540.0,1
0063,7,old_m1l7.wav,r,2728.0,1
0063,7,m2l7k1t7e2.wav,y,3217.0,1
0063,7,old_m2l7.wav,0,4500.0,1
0063,7,old_m2l7.wav,r,2945.0,1
0063,7,old_m2l7.wav,r,2940.0,1
0063,7,m1l7k2t5e2.wav,y,2352.0,1
0063,7,old_m1l7.wav,r,2885.0,1
0063,7,old_m1l7.wav,r,2559.0,1
0063,7,old_m3l7.wav,0,4500.0,1
0063,7,m2l7k2t7e1.wav,y,3142.0,1
0063,7,old_m1l7.wav,r,3796.0,1
0063,7,old_m2l7.wav,r,2908.0,1
0063,7,old_m3l7.wav,y,3468.0,1
0063,7,m1l7k1t7e1.wav,y,2957.0,1
0063,7,old_m2l7.wav,r,3456.0,1
0063,7,old_m3l7.wav,0,4500.0,1
0063,7,m1l7k1t7e2.wav,y,2899.0,1
0063,7,m3l7k1t7e2.wav,y,2955.0,1
0063,7,old_m3l7.wav,r,2958.0,1
0063,7,old_m1l7.wav,r,2857.0,1
0063,7,m3l7k1t7e1.wav,y,2938.0,1
0063,7,old_m1l7.wav,r,2708.0,1
0063,7,old_m3l7.wav,r,3056.0,1
0063,7,m1l7k1t5e3.wav,y,2681.0,1
0063,7,m2l7k2t7e3.wav,y,2914.0,1
0063,7,old_m3l7.wav,y,3679.0,1
0063,7,m3l7k1t5e3.wav,y,3688.0,1
0063,7,m2l7k2t7e2.wav,y,2938.0,1
0063,7,old_m3l7.wav,y,4491.0,1
0063,7,m2l7k2t5e3.wav,r,3293.0,1
0063,7,old_m1l7.wav,r,2990.0,1
0063,7,m1l7k2t7e3.wav,y,2804.0,1
0063,7,m2l7k2t5e1.wav,y,3055.0,1
0063,7,m1l7k2t5e1.wav,y,3450.0,1
0063,7,m2l7k1t7e3.wav,y,2958.0,1
0063,7,m2l7k1t5e1.wav,y,3007.0,1
0063,7,old_m1l7.wav,r,2924.0,1
0063,7,m1l7k1t5e2.wav,y,2646.0,1
0063,7,m3l7k2t7e1.wav,r,2909.0,1
0063,7,old_m1l7.wav,r,2793.0,1
0063,7,m1l7k2t7e1.wav,y,3062.0,1
0063,7,m3l7k2t5e2.wav,y,3045.0,1
0063,7,m1l7k1t5e1.wav,y,2610.0,1
0063,7,old_m3l7.wav,r,2783.0,1
0063,7,old_m2l7.wav,r,3001.0,1
0063,7,old_m3l7.wav,r,3018.0,1
0063,7,m1l7k2t7e2.wav,y,3102.0,1
0063,7,old_m3l7.wav,r,3007.0,1
0063,7,m2l7k1t7e1.wav,y,2903.0,1
0063,7,old_m1l7.wav,r,2710.0,1
0063,7,old_m1l7.wav,r,2755.0,1
0063,7,old_m2l7.wav,r,2990.0,1
0063,7,m3l7k1t5e1.wav,y,2957.0,1
0063,7,m2l7k1t5e3.wav,y,3986.0,1
0063,7,m3l7k2t7e3.wav,y,3601.0,1
0063,7,m1l7k2t5e3.wav,y,2448.0,1
0063,7,m3l7k2t7e2.wav,y,3059.0,1
0063,7,m1l7k1t7e3.wav,y,2770.0,1
0064,3,m2l3k2t2e3.wav,y,2936.0,1
0064,3,old_m3l3.wav,r,1279.0,1
0064,3,old_m2l3.wav,y,2664.0,1
0064,3,m3l3k2t3e2.wav,0,3000.0,1
0064,3,m1l3k2t3e2.wav,y,1774.0,1
0064,3,old_m2l3.wav,r,1856.0,1
0064,3,old_m2l3.wav,0,3000.0,1
0064,3,m1l3k1t2e3.wav,0,3000.0,1
0064,3,old_m3l3.wav,0,3000.0,1
0064,3,m3l3k2t3e1.wav,0,3000.0,1
0064,3,old_m2l3.wav,0,3000.0,1
0064,3,m1l3k2t3e1.wav,y,1964.0,1
0064,3,old_m2l3.wav,r,2131.0,1
0064,3,old_m3l3.wav,r,1599.0,1
0064,3,m3l3k2t2e2.wav,y,1232.0,1
0064,3,old_m1l3.wav,y,1208.0,1
0064,3,m2l3k2t2e1.wav,y,1224.0,1
0064,3,m1l3k2t2e1.wav,y,1276.0,1
0064,3,m1l3k1t2e2.wav,y,1177.0,1
0064,3,m3l3k2t2e1.wav,y,1343.0,1
0064,3,old_m1l3.wav,r,1317.0,1
0064,3,m3l3k2t2e3.wav,r,1796.0,1
0064,3,old_m1l3.wav,r,1198.0,1
0064,3,old_m1l3.wav,r,1291.0,1
0064,3,old_m3l3.wav,r,1542.0,1
0064,3,m2l3k2t3e1.wav,r,1882.0,1
0064,3,m1l3k1t3e3.wav,y,1389.0,1
0064,3,old_m1l3.wav,r,1412.0,1
0064,3,old_m1l3.wav,r,1426.0,1
0064,3,old_m2l3.wav,y,1549.0,1
0064,3,old_m3l3.wav,r,1515.0,1
0064,3,old_m1l3.wav,r,2067.0,1
0064,3,old_m2l3.wav,y,1705.0,1
0064,3,m2l3k1t3e3.wav,y,1634.0,1
0064,3,m3l3k2t3e3.wav,y,1505.0,1
0064,3,old_m3l3.wav,r,1244.0,1
0064,3,old_m2l3.wav,y,2413.0,1
0064,3,m1l3k2t2e3.wav,y,1703.0,1
0064,3,m1l3k1t3e1.wav,y,1535.0,1
0064,3,old_m3l3.wav,r,1297.0,1
0064,3,m1l3k1t2e1.wav,y,1485.0,1
0064,3,old_m3l3.wav,r,1375.0,1
0064,3,old_m1l3.wav,0,3000.0,1
0064,3,m3l3k1t3e3.wav,y,1505.0,1
0064,3,old_m3l3.wav,r,1263.0,1
0064,3,old_m2l3.wav,y,1403.0,1
0064,3,old_m3l3.wav,r,1296.0,1
0064,3,m2l3k1t3e1.wav,r,1891.0,1
0064,3,m3l3k1t3e2.wav,y,1472.0,1
0064,3,old_m1l3.wav,0,3000.0,1
0064,3,m1l3k2t3e3.wav,y,2160.0,1
0064,3,m2l3k1t2e1.wav,y,1138.0,1
0064,3,m2l3k1t2e3.wav,y,1248.0,1
0064,3,old_m2l3.wav,y,1128.0,1
0064,3,old_m2l3.wav,r,1284.0,1
0064,3,m1l3k2t2e2.wav,y,1402.0,1
0064,3,m2l3k1t2e2.wav,y,1211.0,1
0064,3,m2l3k1t3e2.wav,y,1545.0,1
0064,3,m3l3k1t3e1.wav,r,1377.0,1
0064,3,old_m1l3.wav,y,1430.0,1
0064,3,m2l3k2t2e2.wav,0,3000.0,1
0064,3,m3l3k1t2e3.wav,y,1397.0,1
0064,3,m2l3k2t3e3.wav,0,3000.0,1
0064,3,old_m3l3.wav,r,1512.0,1
0064,3,old_m2l3.wav,y,1785.0,1
0064,3,old_m3l3.wav,r,1199.0,1
0064,3,m2l3k2t3e2.wav,0,3000.0,1
0064,3,old_m1l3.wav,r,1410.0,1
0064,3,old_m1l3.wav,r,1158.0,1
0064,3,m3l3k1t2e2.wav,y,1203.0,1
0064,3,m3l3k1t2e1.wav,y,1488.0,1
0064,3,m1l3k1t3e2.wav,r,2204.0,1
0064,5,old_m1l5.wav,r,3177.0,1
0064,5,m1l5k2t3e2.wav,y,3582.0,1
0064,5,m1l5k1t5e1.wav,0,3700.0,1
0064,5,old_m1l5.wav,r,2428.0,1
0064,5,m3l5k2t5e2.wav,r,2973.0,1
0064,5,m2l5k1t3e2.wav,y,3176.0,1
0064,5,old_m1l5.wav,r,2259.0,1
0064,5,old_m2l5.wav,r,2268.0,1
0064,5,old_m2l5.wav,r,2455.0,1
0064,5,m1l5k1t3e2.wav,y,2262.0,1
0064,5,old_m2l5.wav,r,2103.0,1
0064,5,old_m1l5.wav,r,2327.0,1
0064,5,old_m3l5.wav,y,3437.0,1
0064,5,old_m3l5.wav,0,3700.0,1
0064,5,m2l5k1t3e3.wav,y,2409.0,1
0064,5,old_m3l5.wav,r,2519.0,1
0064,5,old_m3l5.wav,r,3558.0,1
0064,5,old_m3l5.wav,0,3700.0,1
0064,5,m2l5k2t3e2.wav,y,2514.0,1
0064,5,m2l5k2t3e3.wav,y,2405.0,1
0064,5,m3l5k1t5e3.wav,y,2606.0,1
0064,5,old_m2l5.wav,r,2521.0,1
0064,5,m2l5k1t5e2.wav,y,2723.0,1
0064,5,m3l5k2t3e2.wav,r,2937.0,1
0064,5,m3l5k1t3e3.wav,y,2727.0,1
0064,5,old_m3l5.wav,r,2184.0,1
0064,5,m2l5k2t5e2.wav,r,3001.0,1
0064,5,m2l5k2t5e1.wav,r,3305.0,1
0064,5,m3l5k2t5e1.wav,y,2377.0,1
0064,5,m2l5k2t5e3.wav,y,3163.0,1
0064,5,old_m2l5.wav,y,2319.0,1
0064,5,m3l5k1t5e1.wav,y,3288.0,1
0064,5,m2l5k1t5e1.wav,r,2427.0,1
0064,5,old_m2l5.wav,y,3038.0,1
0064,5,m3l5k1t3e2.wav,r,2763.0,1
0064,5,m2l5k2t3e1.wav,y,2130.0,1
0064,5,old_m2l5.wav,y,2485.0,1
0064,5,m1l5k2t3e1.wav,y,2339.0,1
0064,5,old_m3l5.wav,r,3646.0,1
0064,5,old_m2l5.wav,r,2577.0,1
0064,5,old_m2l5.wav,y,2743.0,1
0064,5,m1l5k2t3e3.wav,y,1871.0,1
0064,5,m3l5k1t3e1.wav,y,3272.0,1
0064,5,old_m3l5.wav,r,2562.0,1
0064,5,m3l5k1t5e2.wav,r,3597.0,1
0064,5,old_m2l5.wav,r,2501.0,1
0064,5,old_m1l5.wav,y,2263.0,1
0064,5,old_m1l5.wav,y,2678.0,1
0064,5,m1l5k2t5e2.wav,y,2258.0,1
0064,5,m3l5k2t5e3.wav,y,2290.0,1
0064,5,old_m2l5.wav,r,2248.0,1
0064,5,old_m1l5.wav,0,3700.0,1
0064,5,old_m3l5.wav,r,2263.0,1
0064,5,old_m3l5.wav,r,3313.0,1
0064,5,m1l5k1t5e3.wav,y,2102.0,1
0064,5,m2l5k1t3e1.wav,y,2028.0,1
0064,5,old_m1l5.wav,r,2386.0,1
0064,5,m1l5k2t5e3.wav,y,2117.0,1
0064,5,old_m1l5.wav,r,2208.0,1
0064,5,m1l5k1t3e1.wav,y,1727.0,1
0064,5,m1l5k2t5e1.wav,y,2286.0,1
0064,5,m3l5k2t3e3.wav,y,2996.0,1
0064,5,old_m2l5.wav,y,2017.0,1
0064,5,old_m3l5.wav,r,3109.0,1
0064,5,m2l5k1t5e3.wav,0,3700.0,1
0064,5,old_m1l5.wav,r,2193.0,1
0064,5,m1l5k1t5e2.wav,y,2988.0,1
0064,5,m3l5k2t3e1.wav,r,2254.0,1
0064,5,old_m3l5.wav,r,2642.0,1
0064,5,m1l5k1t3e3.wav,y,1881.0,1
0064,5,old_m1l5.wav,r,2300.0,1
0064,5,old_m1l5.wav,r,2290.0,1
0064,7,old_m1l7.wav,0,4500.0,1
0064,7,old_m2l7.wav,0,4500.0,1
0064,7,m2l7k1t7e1.wav,y,3052.0,1
0064,7,old_m3l7.wav,r,2950.0,1
0064,7,m3l7k1t5e3.wav,y,2487.0,1
0064,7,m3l7k1t7e1.wav,0,4500.0,1
0064,7,old_m2l7.wav,r,2716.0,1
0064,7,old_m3l7.wav,r,2957.0,1
0064,7,old_m1l7.wav,y,3690.0,1
0064,7,m2l7k2t7e3.wav,0,4500.0,1
0064,7,m1l7k2t5e1.wav,y,3005.0,1
0064,7,old_m1l7.wav,0,4500.0,1
0064,7,old_m3l7.wav,r,3028.0,1
0064,7,m3l7k2t7e1.wav,y,4199.0,1
0064,7,m1l7k1t7e2.wav,y,3202.0,1
0064,7,old_m2l7.wav,r,2744.0,1
0064,7,m3l7k1t7e2.wav,r,3910.0,1
0064,7,m2l7k1t5e2.wav,r,3302.0,1
0064,7,old_m1l7.wav,r,3043.0,1
0064,7,m1l7k1t5e2.wav,y,2596.0,1
0064,7,m1l7k2t7e1.wav,y,2996.0,1
0064,7,m1l7k1t5e1.wav,y,3013.0,1
0064,7,old_m3l7.wav,r,3450.0,1
0064,7,old_m1l7.wav,r,3661.0,1
0064,7,old_m3l7.wav,r,2766.0,1
0064,7,old_m3l7.wav,0,4500.0,1
0064,7,old_m2l7.wav,r,2831.0,1
0064,7,m3l7k1t5e2.wav,y,2877.0,1
0064,7,m2l7k2t5e1.wav,y,2691.0,1
0064,7,old_m2l7.wav,r,3306.0,1
0064,7,old_m1l7.wav,r,3397.0,1
0064,7,old_m1l7.wav,r,3026.0,1
0064,7,old_m1l7.wav,r,2817.0,1
0064,7,m3l7k2t5e1.wav,0,4500.0,1
0064,7,old_m3l7.wav,r,2530.0,1
0064,7,m3l7k2t5e3.wav,0,4500.0,1
0064,7,m2l7k1t5e3.wav,0,4500.0,1
0064,7,old_m3l7.wav,r,2834.0,1
0064,7,old_m1l7.wav,r,3399.0,1
0064,7,old_m3l7.wav,r,2602.0,1
0064,7,m1l7k2t7e2.wav,0,4500.0,1
0064,7,old_m2l7.wav,r,3387.0,1
0064,7,m3l7k2t5e2.wav,0,4500.0,1
0064,7,old_m3l7.wav,r,2755.0,1
0064,7,m1l7k2t5e3.wav,y,2571.0,1
0064,7,m2l7k2t5e3.wav,r,2635.0,1
0064,7,m2l7k2t5e2.wav,r,2973.0,1
0064,7,m2l7k1t5e1.wav,0,4500.0,1
0064,7,old_m1l7.wav,r,2732.0,1
0064,7,m2l7k1t7e2.wav,0,4500.0,1
0064,7,old_m2l7.wav,y,2549.0,1
0064,7,m1l7k1t5e3.wav,y,2477.0,1
0064,7,m3l7k1t5e1.wav,y,2520.0,1
0064,7,old_m3l7.wav,y,4468.0,1
0064,7,m1l7k2t5e2.wav,0,4500.0,1
0064,7,old_m2l7.wav,r,2653.0,1
0064,7,old_m2l7.wav,y,2746.0,1
0064,7,m1l7k2t7e3.wav,0,4500.0,1
0064,7,m3l7k1t7e3.wav,0,4500.0,1
0064,7,m1l7k1t7e3.wav,y,2906.0,1
0064,7,m2l7k2t7e1.wav,r,2929.0,1
0064,7,old_m2l7.wav,r,3346.0,1
0064,7,m3l7k2t7e3.wav,0,4500.0,1
0064,7,old_m1l7.wav,r,2612.0,1
0064,7,old_m1l7.wav,r,3351.0,1
0064,7,old_m3l7.wav,r,2682.0,1
0064,7,m3l7k2t7e2.wav,0,4500.0,1
0064,7,old_m2l7.wav,r,4309.0,1
0064,7,old_m2l7.wav,0,4500.0,1
0064,7,m1l7k1t7e1.wav,y,3102.0,1
0064,7,m2l7k2t7e2.wav,0,4500.0,1
0064,7,m2l7k1t7e3.wav,0,4500.0,1
0065,3,m2l3k2t2e1.wav,y,1544.0,1
0065,3,m3l3k2t3e3.wav,0,3000.0,1
0065,3,old_m1l3.wav,r,2830.0,1
0065,3,m2l3k2t3e1.wav,0,3000.0,1
0065,3,old_m3l3.wav,0,3000.0,1
0065,3,m3l3k2t3e1.wav,0,3000.0,1
0065,3,m1l3k2t3e3.wav,0,3000.0,1
0065,3,old_m3l3.wav,y,2694.0,1
0065,3,m1l3k1t2e1.wav,r,2806.0,1
0065,3,old_m1l3.wav,0,3000.0,1
0065,3,m2l3k1t3e2.wav,r,2831.0,1
0065,3,m2l3k1t2e1.wav,y,1358.0,1
0065,3,old_m1l3.wav,r,1218.0,1
0065,3,m1l3k1t2e2.wav,y,1194.0,1
0065,3,old_m1l3.wav,r,1718.0,1
0065,3,m1l3k2t2e3.wav,r,2135.0,1
0065,3,old_m3l3.wav,r,1527.0,1
0065,3,old_m3l3.wav,r,1560.0,1
0065,3,m2l3k1t2e2.wav,y,1387.0,1
0065,3,old_m3l3.wav,y,1564.0,1
0065,3,m1l3k1t2e3.wav,y,1884.0,1
0065,3,old_m3l3.wav,y,1727.0,1
0065,3,m3l3k1t2e2.wav,0,3000.0,1
0065,3,old_m1l3.wav,0,3000.0,1
0065,3,m1l3k2t3e1.wav,y,2579.0,1
0065,3,m1l3k2t3e2.wav,y,1535.0,1
0065,3,m1l3k1t3e3.wav,y,1965.0,1
0065,3,old_m2l3.wav,y,2600.0,1
0065,3,old_m2l3.wav,0,3000.0,1
0065,3,old_m2l3.wav,y,1955.0,1
0065,3,old_m2l3.wav,y,1704.0,1
0065,3,m2l3k2t2e2.wav,y,1573.0,1
0065,3,m1l3k1t3e1.wav,y,1891.0,1
0065,3,m3l3k2t2e2.wav,y,2660.0,1
0065,3,old_m2l3.wav,r,2835.0,1
0065,3,old_m3l3.wav,0,3000.0,1
0065,3,m1l3k2t2e2.wav,r,2214.0,1
0065,3,old_m3l3.wav,r,1364.0,1
0065,3,m3l3k1t2e1.wav,r,2601.0,1
0065,3,old_m2l3.wav,y,1740.0,1
0065,3,old_m1l3.wav,y,2949.0,1
0065,3,m3l3k1t3e3.wav,y,1745.0,1
0065,3,m2l3k1t3e3.wav,y,1578.0,1
0065,3,old_m1l3.wav,r,1491.0,1
0065,3,old_m1l3.wav,r,1700.0,1
0065,3,old_m2l3.wav,y,1639.0,1
0065,3,m2l3k2t3e2.wav,y,1919.0,1
0065,3,m1l3k2t2e1.wav,y,1213.0,1
0065,3,m2l3k1t2e3.wav,y,2725.0,1
0065,3,m2l3k2t2e3.wav,y,1726.0,1
0065,3,old_m2l3.wav,y,1441.0,1
0065,3,m3l3k1t3e2.wav,y,1642.0,1
0065,3,old_m2l3.wav,y,2511.0,1
0065,3,m3l3k1t3e1.wav,0,3000.0,1
0065,3,old_m3l3.wav,r,2317.0,1
0065,3,old_m1l3.wav,r,2821.0,1
0065,3,m3l3k2t3e2.wav,y,2049.0,1
0065,3,old_m3l3.wav,y,1721.0,1
0065,3,m1l3k1t3e2.wav,y,2203.0,1
0065,3,m3l3k2t2e3.wav,0,3000.0,1
0065,3,old_m1l3.wav,r,2884.0,1
0065,3,m2l3k1t3e1.wav,y,2136.0,1
0065,3,old_m3l3.wav,y,1504.0,1
0065,3,old_m2l3.wav,y,1509.0,1
0065,3,old_m1l3.wav,r,1654.0,1
0065,3,old_m2l3.wav,y,1346.0,1
0065,3,old_m2l3.wav,y,1291.0,1
0065,3,m3l3k2t2e1.wav,r,1511.0,1
0065,3,old_m3l3.wav,y,1906.0,1
0065,3,m3l3k1t2e3.wav,y,1460.0,1
0065,3,old_m1l3.wav,r,1246.0,1
0065,3,m2l3k2t3e3.wav,y,1405.0,0
0065,5,old_m3l5.wav,r,3653.0,1
0065,5,old_m2l5.wav,r,2413.0,1
0065,5,old_m3l5.wav,r,2208.0,1
0065,5,m2l5k1t3e3.wav,y,2656.0,1
0065,5,old_m1l5.wav,y,2249.0,1
0065,5,m1l5k1t5e1.wav,y,2271.0,1
0065,5,old_m1l5.wav,r,1987.0,1
0065,5,m1l5k2t3e3.wav,y,1779.0,1
0065,5,old_m3l5.wav,0,3700.0,1
0065,5,old_m3l5.wav,r,2613.0,1
0065,5,old_m1l5.wav,r,2150.0,1
0065,5,m3l5k1t3e3.wav,y,3185.0,1
0065,5,m1l5k2t5e3.wav,y,2762.0,1
0065,5,m2l5k2t3e2.wav,y,2364.0,1
0065,5,m1l5k2t5e2.wav,0,3700.0,1
0065,5,m1l5k1t3e2.wav,y,2411.0,1
0065,5,old_m2l5.wav,r,3599.0,1
0065,5,m1l5k1t3e1.wav,y,1900.0,1
0065,5,old_m1l5.wav,r,2151.0,1
0065,5,m3l5k2t3e1.wav,r,3166.0,1
0065,5,m1l5k1t5e2.wav,y,2457.0,1
0065,5,m2l5k2t5e2.wav,r,2828.0,1
0065,5,old_m3l5.wav,r,3428.0,1
0065,5,m2l5k1t5e3.wav,y,2324.0,1
0065,5,m1l5k1t3e3.wav,r,2386.0,1
0065,5,m2l5k2t5e3.wav,r,2549.0,1
0065,5,old_m1l5.wav,r,3662.0,1
0065,5,m1l5k2t3e1.wav,r,2547.0,1
0065,5,old_m2l5.wav,y,2701.0,1
0065,5,old_m1l5.wav,y,3483.0,1
0065,5,m3l5k1t3e1.wav,y,2870.0,1
0065,5,m3l5k1t3e2.wav,y,3106.0,1
0065,5,m2l5k2t3e1.wav,0,3700.0,1
0065,5,m3l5k2t5e1.wav,y,2757.0,1
0065,5,old_m2l5.wav,r,2376.0,1
0065,5,old_m1l5.wav,r,3364.0,1
0065,5,m3l5k1t5e3.wav,r,2739.0,1
0065,5,m2l5k1t3e1.wav,r,2780.0,1
0065,5,old_m3l5.wav,0,3700.0,1
0065,5,old_m3l5.wav,0,3700.0,1
0065,5,old_m1l5.wav,y,2539.0,1
0065,5,old_m3l5.wav,0,3700.0,1
0065,5,m3l5k1t5e2.wav,0,3700.0,1
0065,5,old_m1l5.wav,r,2791.0,1
0065,5,old_m2l5.wav,r,2536.0,1
0065,5,old_m3l5.wav,0,3700.0,1
0065,5,m3l5k1t5e1.wav,0,3700.0,1
0065,5,m3l5k2t5e2.wav,0,3700.0,1
0065,5,old_m1l5.wav,r,1995.0,1
0065,5,m2l5k1t5e1.wav,y,3630.0,1
0065,5,m2l5k1t3e2.wav,r,2446.0,1
0065,5,old_m2l5.wav,0,3700.0,1
0065,5,old_m2l5.wav,y,2408.0,1
0065,5,m1l5k2t5e1.wav,y,2153.0,1
0065,5,m2l5k2t5e1.wav,y,2452.0,1
0065,5,m2l5k2t3e3.wav,y,3346.0,1
0065,5,old_m2l5.wav,y,2145.0,1
0065,5,old_m3l5.wav,y,3487.0,1
0065,5,old_m1l5.wav,r,2006.0,1
0065,5,old_m2l5.wav,r,2163.0,1
0065,5,old_m2l5.wav,r,2272.0,1
0065,5,old_m3l5.wav,r,2153.0,1
0065,5,old_m2l5.wav,r,2113.0,1
0065,5,old_m2l5.wav,r,3441.0,1
0065,5,old_m3l5.wav,r,2332.0,1
0065,5,m1l5k2t3e2.wav,y,2937.0,1
0065,5,m3l5k2t3e2.wav,y,2211.0,1
0065,5,m1l5k1t5e3.wav,y,3347.0,1
0065,5,m3l5k2t5e3.wav,0,3700.0,1
0065,5,old_m1l5.wav,0,3700.0,1
0065,5,m2l5k1t5e2.wav,r,2177.0,1
0065,5,m3l5k2t3e3.wav,y,3308.0,1
0065,7,m3l7k2t7e2.wav,y,3827.0,1
0065,7,m2l7k1t5e1.wav,y,2169.0,1
0065,7,old_m3l7.wav,r,2606.0,1
0065,7,old_m2l7.wav,r,2628.0,1
0065,7,m2l7k2t7e1.wav,r,3113.0,1
0065,7,m2l7k2t7e2.wav,r,3074.0,1
0065,7,m3l7k2t5e3.wav,y,2955.0,1
0065,7,old_m2l7.wav,r,4241.0,1
0065,7,m3l7k2t7e3.wav,0,4500.0,1
0065,7,m3l7k1t5e2.wav,y,3742.0,1
0065,7,old_m1l7.wav,y,3674.0,1
0065,7,old_m1l7.wav,r,4008.0,1
0065,7,old_m3l7.wav,r,3510.0,1
0065,7,m1l7k1t5e1.wav,y,2672.0,1
0065,7,m3l7k1t5e3.wav,y,3935.0,1
0065,7,m1l7k1t7e3.wav,y,2878.0,1
0065,7,old_m1l7.wav,r,3145.0,1
0065,7,m2l7k2t7e3.wav,y,2956.0,1
0065,7,old_m1l7.wav,0,4500.0,1
0065,7,m2l7k2t5e1.wav,y,3896.0,1
0065,7,m3l7k2t5e2.wav,y,4041.0,1
0065,7,old_m2l7.wav,y,4199.0,1
0065,7,m2l7k2t5e3.wav,r,2970.0,1
0065,7,m1l7k2t7e3.wav,y,2753.0,1
0065,7,old_m3l7.wav,y,3260.0,1
0065,7,old_m1l7.wav,y,3043.0,1
0065,7,old_m3l7.wav,0,4500.0,1
0065,7,m3l7k1t7e3.wav,y,2870.0,1
0065,7,m3l7k1t5e1.wav,y,3607.0,1
0065,7,old_m2l7.wav,0,4500.0,1
0065,7,old_m2l7.wav,y,2838.0,1
0065,7,old_m1l7.wav,y,3790.0,1
0065,7,old_m3l7.wav,0,4500.0,1
0065,7,old_m2l7.wav,r,2721.0,1
0065,7,m3l7k1t7e1.wav,y,2807.0,1
0065,7,m1l7k2t5e3.wav,y,3813.0,1
0065,7,m1l7k2t7e1.wav,y,4359.0,1
0065,7,m1l7k1t7e1.wav,y,3580.0,1
0065,7,old_m3l7.wav,0,4500.0,1
0065,7,old_m2l7.wav,0,4500.0,1
0065,7,old_m3l7.wav,r,3076.0,1
0065,7,m2l7k1t7e2.wav,y,2880.0,1
0065,7,m1l7k2t5e1.wav,0,4500.0,1
0065,7,old_m2l7.wav,0,4500.0,1
0065,7,m1l7k1t5e2.wav,y,4392.0,1
0065,7,old_m2l7.wav,r,3577.0,1
0065,7,m3l7k1t7e2.wav,y,3016.0,1
0065,7,old_m1l7.wav,0,4500.0,1
0065,7,old_m2l7.wav,r,2786.0,1
0065,7,m3l7k2t5e1.wav,y,3347.0,1
0065,7,m2l7k1t5e2.wav,r,3488.0,1
0065,7,m1l7k2t5e2.wav,y,3507.0,1
0065,7,old_m3l7.wav,y,3744.0,1
0065,7,old_m2l7.wav,r,3058.0,1
0065,7,old_m3l7.wav,0,4500.0,1
0065,7,m2l7k1t7e1.wav,y,3394.0,1
0065,7,old_m3l7.wav,y,4273.0,1
0065,7,old_m3l7.wav,y,3959.0,1
0065,7,old_m1l7.wav,r,2890.0,1
0065,7,m1l7k1t5e3.wav,y,4200.0,1
0065,7,old_m3l7.wav,y,4322.0,1
0065,7,old_m2l7.wav,r,3051.0,1
0065,7,m3l7k2t7e1.wav,0,4500.0,1
0065,7,m2l7k1t5e3.wav,r,4020.0,1
0065,7,old_m1l7.wav,r,3714.0,1
0065,7,m2l7k2t5e2.wav,r,3102.0,1
0065,7,old_m1l7.wav,r,3837.0,1
0065,7,m1l7k1t7e2.wav,y,3142.0,1
0065,7,old_m1l7.wav,y,2688.0,1
0065,7,old_m1l7.wav,y,2835.0,1
0065,7,m1l7k2t7e2.wav,y,2909.0,1
0065,7,m2l7k1t7e3.wav,y,3675.0,1
0066,3,m1l3k1t2e3.wav,r,1865.0,1
0066,3,old_m2l3.wav,y,1748.0,1
0066,3,old_m2l3.wav,r,1978.0,1
0066,3,m3l3k1t2e1.wav,0,3000.0,1
0066,3,m3l3k1t2e2.wav,y,2014.0,1
0066,3,m3l3k1t3e2.wav,r,1625.0,1
0066,3,m2l3k1t2e1.wav,y,1335.0,1
0066,3,m2l3k2t3e3.wav,y,2477.0,1
0066,3,old_m3l3.wav,r,1534.0,1
0066,3,m3l3k1t3e1.wav,r,1459.0,1
0066,3,old_m2l3.wav,y,2831.0,1
0066,3,old_m3l3.wav,r,1783.0,1
0066,3,old_m3l3.wav,r,1380.0,1
0066,3,old_m1l3.wav,y,2197.0,1
0066,3,old_m2l3.wav,y,2300.0,1
0066,3,old_m1l3.wav,r,1523.0,1
0066,3,old_m1l3.wav,r,1413.0,1
0066,3,m1l3k1t2e2.wav,r,1653.0,1
0066,3,m2l3k2t2e3.wav,y,1203.0,1
0066,3,m3l3k2t3e1.wav,r,1285.0,1
0066,3,m2l3k1t2e2.wav,y,1380.0,1
0066,3,m2l3k2t2e2.wav,y,1650.0,1
0066,3,old_m2l3.wav,y,1748.0,1
0066,3,m2l3k1t3e1.wav,r,1576.0,1
0066,3,old_m3l3.wav,r,1328.0,1
0066,3,old_m1l3.wav,r,1171.0,1
0066,3,old_m2l3.wav,r,1571.0,1
0066,3,old_m1l3.wav,r,1285.0,1
0066,3,old_m1l3.wav,r,1165.0,1
0066,3,m2l3k1t3e2.wav,y,1941.0,1
0066,3,old_m1l3.wav,r,1283.0,1
0066,3,old_m2l3.wav,r,1516.0,1
0066,3,old_m1l3.wav,r,1203.0,1
0066,3,m1l3k2t3e1.wav,r,1185.0,1
0066,3,m2l3k2t3e1.wav,r,1684.0,1
0066,3,m2l3k2t3e2.wav,y,2962.0,1
0066,3,m3l3k2t2e1.wav,y,1644.0,1
0066,3,old_m3l3.wav,r,1270.0,1
0066,3,old_m1l3.wav,r,1186.0,1
0066,3,m2l3k1t3e3.wav,y,1224.0,1
0066,3,m3l3k2t3e3.wav,r,1237.0,1
0066,3,old_m3l3.wav,r,1506.0,1
0066,3,m3l3k2t3e2.wav,y,1657.0,1
0066,3,old_m2l3.wav,r,1880.0,1
0066,3,old_m3l3.wav,r,1481.0,1
0066,3,m1l3k2t3e2.wav,y,1498.0,1
0066,3,old_m2l3.wav,r,2043.0,1
0066,3,m1l3k2t2e3.wav,r,1754.0,1
0066,3,m1l3k1t3e1.wav,y,1596.0,1
0066,3,old_m3l3.wav,r,1474.0,1
0066,3,old_m2l3.wav,r,2214.0,1
0066,3,m1l3k1t3e2.wav,y,1547.0,1
0066,3,old_m2l3.wav,0,3000.0,1
0066,3,m3l3k1t3e3.wav,y,1417.0,1
0066,3,old_m3l3.wav,r,1602.0,1
0066,3,old_m3l3.wav,r,1413.0,1
0066,3,m1l3k2t2e2.wav,y,1960.0,1
0066,3,old_m3l3.wav,r,2230.0,1
0066,3,m2l3k2t2e1.wav,y,1393.0,1
0066,3,m1l3k1t2e1.wav,y,1793.0,1
0066,3,m1l3k2t3e3.wav,y,1347.0,1
0066,3,old_m1l3.wav,r,1720.0,1
0066,3,m3l3k1t2e3.wav,y,1494.0,1
0066,3,m1l3k1t3e3.wav,y,1497.0,1
0066,3,m2l3k1t2e3.wav,y,1730.0,1
0066,3,old_m1l3.wav,r,1457.0,1
0066,3,old_m1l3.wav,r,1664.0,1
0066,3,m3l3k2t2e2.wav,r,1793.0,1
0066,3,m3l3k2t2e3.wav,r,1423.0,1
0066,3,old_m2l3.wav,y,1318.0,1
0066,3,m1l3k2t2e1.wav,y,1453.0,1
0066,3,old_m3l3.wav,r,2659.0,1
0066,5,old_m3l5.wav,r,2493.0,1
0066,5,old_m2l5.wav,y,1803.0,1
0066,5,m2l5k2t5e1.wav,y,2235.0,1
0066,5,m2l5k2t3e2.wav,y,2185.0,1
0066,5,m2l5k1t3e3.wav,y,1765.0,1
0066,5,old_m1l5.wav,r,2015.0,1
0066,5,old_m3l5.wav,r,2589.0,1
0066,5,m1l5k1t3e1.wav,y,2105.0,1
0066,5,m2l5k1t5e3.wav,y,2141.0,1
0066,5,old_m3l5.wav,r,2110.0,1
0066,5,old_m1l5.wav,r,2734.0,1
0066,5,m1l5k1t3e2.wav,y,1979.0,1
0066,5,m1l5k2t5e2.wav,y,2157.0,1
0066,5,m2l5k1t5e2.wav,y,2311.0,1
0066,5,m2l5k2t5e3.wav,y,2192.0,1
0066,5,old_m3l5.wav,r,2269.0,1
0066,5,old_m2l5.wav,y,2168.0,1
0066,5,m3l5k2t5e1.wav,y,2397.0,1
0066,5,m3l5k2t3e2.wav,y,2222.0,1
0066,5,m1l5k1t5e2.wav,y,2072.0,1
0066,5,old_m2l5.wav,y,2596.0,1
0066,5,m2l5k1t3e1.wav,r,2823.0,1
0066,5,m3l5k1t5e2.wav,y,2558.0,1
0066,5,m1l5k2t5e3.wav,y,2368.0,1
0066,5,m3l5k1t5e1.wav,r,2091.0,1
0066,5,old_m1l5.wav,r,2140.0,1
0066,5,old_m3l5.wav,r,2163.0,1
0066,5,old_m1l5.wav,r,2102.0,1
0066,5,old_m3l5.wav,r,2027.0,1
0066,5,m3l5k2t5e3.wav,y,2561.0,1
0066,5,old_m1l5.wav,r,2588.0,1
0066,5,old_m2l5.wav,r,2315.0,1
0066,5,old_m3l5.wav,r,2018.0,1
0066,5,m2l5k2t3e3.wav,y,2152.0,1
0066,5,old_m1l5.wav,y,3207.0,1
0066,5,m3l5k1t3e1.wav,r,2091.0,1
0066,5,m2l5k1t3e2.wav,y,2402.0,1
0066,5,old_m3l5.wav,r,2117.0,1
0066,5,old_m3l5.wav,r,2274.0,1
0066,5,m2l5k1t5e1.wav,r,2379.0,1
0066,5,m3l5k1t3e3.wav,y,1964.0,1
0066,5,m2l5k2t3e1.wav,y,2176.0,1
0066,5,old_m2l5.wav,y,1817.0,1
0066,5,old_m1l5.wav,r,2641.0,1
0066,5,old_m2l5.wav,y,2385.0,1
0066,5,old_m3l5.wav,r,2095.0,1
0066,5,old_m1l5.wav,y,1990.0,1
0066,5,old_m3l5.wav,r,2230.0,1
0066,5,old_m3l5.wav,r,2071.0,1
0066,5,old_m2l5.wav,y,2090.0,1
0066,5,old_m2l5.wav,0,3700.0,1
0066,5,m3l5k2t5e2.wav,y,2217.0,1
0066,5,old_m1l5.wav,r,2406.0,1
0066,5,m1l5k2t3e1.wav,r,2765.0,1
0066,5,m3l5k2t3e1.wav,r,2315.0,1
0066,5,old_m2l5.wav,r,2262.0,1
0066,5,m1l5k1t3e3.wav,y,1941.0,1
0066,5,m1l5k2t3e2.wav,y,2074.0,1
0066,5,m3l5k2t3e3.wav,y,1886.0,1
0066,5,old_m1l5.wav,r,2250.0,1
0066,5,old_m1l5.wav,r,1998.0,1
0066,5,old_m2l5.wav,y,2226.0,1
0066,5,m1l5k2t5e1.wav,y,2266.0,1
0066,5,m1l5k2t3e3.wav,y,2240.0,1
0066,5,m3l5k1t3e2.wav,y,2101.0,1
0066,5,m1l5k1t5e3.wav,y,2163.0,1
0066,5,m3l5k1t5e3.wav,y,2231.0,1
0066,5,m1l5k1t5e1.wav,y,2473.0,1
0066,5,m2l5k2t5e2.wav,y,2044.0,1
0066,5,old_m2l5.wav,y,2152.0,1
0066,5,old_m2l5.wav,y,2082.0,1
0066,5,old_m1l5.wav,r,2055.0,1
0066,7,m1l7k1t5e2.wav,0,4500.0,1
0066,7,m2l7k1t7e1.wav,y,2913.0,1
0066,7,m1l7k2t7e3.wav,y,3079.0,1
0066,7,m1l7k2t7e2.wav,r,3238.0,1
0066,7,old_m1l7.wav,r,2984.0,1
0066,7,m3l7k1t7e1.wav,y,3094.0,1
0066,7,m1l7k1t7e3.wav,r,3583.0,1
0066,7,old_m3l7.wav,r,2998.0,1
0066,7,m2l7k2t7e1.wav,y,2951.0,1
0066,7,old_m2l7.wav,y,3452.0,1
0066,7,m2l7k2t7e3.wav,y,3015.0,1
0066,7,m2l7k1t5e3.wav,y,3013.0,1
0066,7,m3l7k1t5e1.wav,y,2594.0,1
0066,7,old_m1l7.wav,r,3035.0,1
0066,7,old_m1l7.wav,r,3105.0,1
0066,7,m1l7k2t5e2.wav,y,3637.0,1
0066,7,old_m1l7.wav,y,3247.0,1
0066,7,m3l7k2t5e1.wav,y,4218.0,1
0066,7,old_m3l7.wav,y,4190.0,1
0066,7,m2l7k2t5e3.wav,y,2628.0,1
0066,7,m3l7k2t7e2.wav,y,2767.0,1
0066,7,m2l7k2t5e1.wav,y,2690.0,1
0066,7,old_m3l7.wav,r,3037.0,1
0066,7,old_m3l7.wav,r,2841.0,1
0066,7,old_m3l7.wav,r,2916.0,1
0066,7,old_m2l7.wav,r,2769.0,1
0066,7,m1l7k1t7e1.wav,y,2979.0,1
0066,7,m2l7k1t5e2.wav,y,2989.0,1
0066,7,old_m3l7.wav,r,2939.0,1
0066,7,m2l7k1t7e2.wav,y,3334.0,1
0066,7,m1l7k1t7e2.wav,y,2916.0,1
0066,7,old_m3l7.wav,0,4500.0,1
0066,7,old_m1l7.wav,r,2759.0,1
0066,7,old_m1l7.wav,r,2848.0,1
0066,7,old_m2l7.wav,r,2795.0,1
0066,7,m2l7k2t7e2.wav,y,2933.0,1
0066,7,old_m2l7.wav,r,4062.0,1
0066,7,m1l7k2t5e3.wav,r,3661.0,1
0066,7,m3l7k2t7e3.wav,y,2993.0,1
0066,7,m3l7k1t7e3.wav,y,3010.0,1
0066,7,old_m2l7.wav,r,2958.0,1
0066,7,m1l7k2t7e1.wav,r,3030.0,1
0066,7,old_m2l7.wav,r,2746.0,1
0066,7,old_m2l7.wav,r,2838.0,1
0066,7,old_m1l7.wav,r,2784.0,1
0066,7,old_m3l7.wav,r,2890.0,1
0066,7,old_m1l7.wav,r,2793.0,1
0066,7,old_m2l7.wav,r,2641.0,1
0066,7,m3l7k2t5e3.wav,r,3278.0,1
0066,7,old_m3l7.wav,r,2823.0,1
0066,7,old_m2l7.wav,r,2854.0,1
0066,7,m1l7k1t5e3.wav,y,3113.0,1
0066,7,old_m1l7.wav,y,2902.0,1
0066,7,m1l7k2t5e1.wav,y,2617.0,1
0066,7,m3l7k1t5e3.wav,y,2802.0,1
0066,7,old_m3l7.wav,y,3673.0,1
0066,7,m3l7k1t5e2.wav,y,2994.0,1
0066,7,m3l7k1t7e2.wav,y,3435.0,1
0066,7,m3l7k2t5e2.wav,y,2964.0,1
0066,7,m3l7k2t7e1.wav,y,3111.0,1
0066,7,old_m1l7.wav,y,2982.0,1
0066,7,m2l7k2t5e2.wav,r,2569.0,1
0066,7,old_m2l7.wav,r,2698.0,1
0066,7,m1l7k1t5e1.wav,y,2906.0,1
0066,7,old_m2l7.wav,r,3992.0,1
0066,7,old_m2l7.wav,r,2758.0,1
0066,7,old_m1l7.wav,0,4500.0,1
0066,7,m2l7k1t5e1.wav,y,2534.0,1
0066,7,m2l7k1t7e3.wav,y,2684.0,1
0066,7,old_m3l7.wav,r,2911.0,1
0066,7,old_m3l7.wav,r,2995.0,1
0066,7,old_m1l7.wav,r,2751.0,1
0067,3,m1l3k1t3e3.wav,y,2556.0,1
0067,3,old_m1l3.wav,r,1354.0,1
0067,3,old_m3l3.wav,r,1349.0,1
0067,3,old_m2l3.wav,r,2244.0,1
0067,3,m2l3k1t3e1.wav,r,1459.0,1
0067,3,old_m2l3.wav,r,1478.0,1
0067,3,old_m2l3.wav,r,1339.0,1
0067,3,old_m1l3.wav,r,1349.0,1
0067,3,old_m3l3.wav,r,1851.0,1
0067,3,old_m2l3.wav,y,1726.0,1
0067,3,m2l3k1t2e3.wav,y,1571.0,1
0067,3,m1l3k2t2e2.wav,y,1387.0,1
0067,3,m3l3k2t2e1.wav,y,1354.0,1
0067,3,m2l3k2t3e2.wav,y,2767.0,1
0067,3,m3l3k1t2e2.wav,r,1415.0,1
0067,3,m3l3k2t3e3.wav,y,2355.0,1
0067,3,m3l3k2t3e1.wav,r,1412.0,1
0067,3,m3l3k1t2e3.wav,y,1432.0,1
0067,3,old_m3l3.wav,r,1231.0,1
0067,3,m3l3k1t3e2.wav,r,2206.0,1
0067,3,old_m1l3.wav,r,1771.0,1
0067,3,m1l3k1t2e3.wav,y,2403.0,1
0067,3,old_m1l3.wav,y,2243.0,1
0067,3,old_m1l3.wav,y,1507.0,1
0067,3,old_m2l3.wav,y,1552.0,1
0067,3,m3l3k2t3e2.wav,y,2299.0,1
0067,3,m1l3k2t2e1.wav,y,1744.0,1
0067,3,m2l3k2t2e1.wav,r,1872.0,1
0067,3,old_m2l3.wav,y,2470.0,1
0067,3,m2l3k1t3e3.wav,r,1971.0,1
0067,3,m2l3k1t2e1.wav,y,1296.0,1
0067,3,old_m2l3.wav,r,1327.0,1
0067,3,old_m1l3.wav,r,1337.0,1
0067,3,old_m2l3.wav,r,1368.0,1
0067,3,old_m3l3.wav,r,1375.0,1
0067,3,m1l3k2t3e1.wav,r,1495.0,1
0067,3,m2l3k2t2e2.wav,y,1378.0,1
0067,3,old_m1l3.wav,r,1203.0,1
0067,3,old_m2l3.wav,y,2044.0,1
0067,3,old_m3l3.wav,r,1286.0,1
0067,3,m3l3k1t3e1.wav,r,1393.0,1
0067,3,m1l3k1t3e2.wav,y,1607.0,1
0067,3,old_m1l3.wav,r,1282.0,1
0067,3,m3l3k1t2e1.wav,y,1916.0,1
0067,3,old_m1l3.wav,r,1252.0,1
0067,3,old_m3l3.wav,r,1747.0,1
0067,3,old_m3l3.wav,r,1249.0,1
0067,3,old_m1l3.wav,r,1300.0,1
0067,3,m3l3k2t2e3.wav,r,1367.0,1
0067,3,old_m1l3.wav,r,1376.0,1
0067,3,old_m3l3.wav,y,1778.0,1
0067,3,m1l3k2t3e3.wav,y,2198.0,1
0067,3,old_m2l3.wav,y,1260.0,1
0067,3,m1l3k1t3e1.wav,y,1525.0,1
0067,3,m1l3k1t2e1.wav,r,2515.0,1
0067,3,m2l3k1t3e2.wav,r,1695.0,1
0067,3,old_m3l3.wav,r,1318.0,1
0067,3,m2l3k1t2e2.wav,y,1176.0,1
0067,3,old_m3l3.wav,r,2315.0,1
0067,3,m1l3k2t2e3.wav,y,2708.0,1
0067,3,m3l3k1t3e3.wav,r,2575.0,1
0067,3,m3l3k2t2e2.wav,r,1262.0,1
0067,3,m2l3k2t3e1.wav,y,1193.0,1
0067,3,m1l3k2t3e2.wav,y,1759.0,1
0067,3,old_m2l3.wav,r,1337.0,1
0067,3,old_m3l3.wav,r,1367.0,1
0067,3,old_m3l3.wav,r,1275.0,1
0067,3,m2l3k2t2e3.wav,y,1183.0,1
0067,3,old_m1l3.wav,r,1370.0,1
0067,3,m2l3k2t3e3.wav,r,1949.0,1
0067,3,old_m2l3.wav,r,1241.0,1
0067,3,m1l3k1t2e2.wav,y,1913.0,1
0067,5,old_m3l5.wav,0,3700.0,1
0067,5,m1l5k1t5e1.wav,y,2322.0,1
0067,5,old_m1l5.wav,r,2934.0,1
0067,5,m3l5k1t5e2.wav,y,3164.0,1
0067,5,m3l5k2t3e3.wav,r,2400.0,1
0067,5,m3l5k1t5e1.wav,r,2397.0,1
0067,5,m2l5k2t3e1.wav,y,2223.0,1
0067,5,old_m2l5.wav,r,2046.0,1
0067,5,m2l5k1t3e3.wav,y,1936.0,1
0067,5,old_m2l5.wav,r,2031.0,1
0067,5,m2l5k1t5e1.wav,r,2081.0,1
0067,5,m1l5k1t3e2.wav,r,2578.0,1
0067,5,old_m1l5.wav,r,2874.0,1
0067,5,old_m3l5.wav,r,1952.0,1
0067,5,m3l5k1t3e2.wav,y,2583.0,1
0067,5,old_m3l5.wav,r,2054.0,1
0067,5,old_m1l5.wav,r,2128.0,1
0067,5,old_m3l5.wav,r,1967.0,1
0067,5,old_m2l5.wav,y,3085.0,1
0067,5,m3l5k2t3e1.wav,r,1898.0,1
0067,5,old_m1l5.wav,y,2074.0,1
0067,5,m2l5k1t3e2.wav,y,2157.0,1
0067,5,old_m2l5.wav,y,2454.0,1
0067,5,m3l5k1t3e1.wav,r,1867.0,1
0067,5,m2l5k1t5e2.wav,y,2261.0,1
0067,5,old_m2l5.wav,r,2219.0,1
0067,5,m1l5k2t5e1.wav,r,2177.0,1
0067,5,old_m1l5.wav,r,2219.0,1
0067,5,old_m3l5.wav,r,1985.0,1
0067,5,m1l5k2t3e1.wav,r,3130.0,1
0067,5,old_m1l5.wav,r,2473.0,1
0067,5,old_m1l5.wav,r,2317.0,1
0067,5,old_m3l5.wav,r,2406.0,1
0067,5,m2l5k1t3e1.wav,y,2068.0,1
0067,5,old_m3l5.wav,r,1942.0,1
0067,5,old_m1l5.wav,y,2157.0,1
0067,5,old_m2l5.wav,y,2512.0,1
0067,5,old_m3l5.wav,r,1960.0,1
0067,5,old_m2l5.wav,y,2070.0,1
0067,5,m3l5k2t3e2.wav,r,2003.0,1
0067,5,m1l5k2t5e2.wav,r,2767.0,1
0067,5,m3l5k2t5e3.wav,y,2799.0,1
0067,5,m2l5k2t5e3.wav,y,3308.0,1
0067,5,m3l5k2t5e2.wav,r,3058.0,1
0067,5,m3l5k1t3e3.wav,y,3244.0,1
0067,5,old_m1l5.wav,r,1922.0,1
0067,5,old_m3l5.wav,r,2011.0,1
0067,5,old_m1l5.wav,y,2933.0,1
0067,5,old_m2l5.wav,r,2668.0,1
0067,5,old_m2l5.wav,r,2832.0,1
0067,5,m2l5k1t5e3.wav,y,2050.0,1
0067,5,old_m3l5.wav,r,2273.0,1
0067,5,m1l5k2t5e3.wav,r,2299.0,1
0067,5,m1l5k1t3e1.wav,r,2427.0,1
0067,5,old_m3l5.wav,r,2086.0,1
0067,5,m3l5k1t5e3.wav,0,3700.0,1
0067,5,m2l5k2t3e2.wav,y,2040.0,1
0067,5,m2l5k2t5e1.wav,y,2659.0,1
0067,5,old_m1l5.wav,r,2224.0,1
0067,5,m2l5k2t3e3.wav,y,2220.0,1
0067,5,m1l5k1t5e2.wav,r,2153.0,1
0067,5,m1l5k1t3e3.wav,y,2610.0,1
0067,5,old_m3l5.wav,r,2067.0,1
0067,5,old_m2l5.wav,y,2125.0,1
0067,5,m3l5k2t5e1.wav,r,2181.0,1
0067,5,old_m1l5.wav,y,3279.0,1
0067,5,m2l5k2t5e2.wav,y,2099.0,1
0067,5,m1l5k2t3e3.wav,y,2534.0,1
0067,5,old_m2l5.wav,r,2295.0,1
0067,5,m1l5k1t5e3.wav,r,3357.0,1
0067,5,old_m2l5.wav,y,2923.0,1
0067,5,m1l5k2t3e2.wav,y,2798.0,1
0067,7,m3l7k1t5e2.wav,r,3778.0,1
0067,7,m1l7k2t7e3.wav,y,3328.0,1
0067,7,old_m3l7.wav,r,3517.0,1
0067,7,m1l7k1t7e1.wav,y,3262.0,1
0067,7,old_m1l7.wav,y,3272.0,1
0067,7,m2l7k1t7e3.wav,y,4195.0,1
0067,7,old_m3l7.wav,r,3126.0,1
0067,7,old_m2l7.wav,r,2969.0,1
0067,7,m1l7k2t7e2.wav,r,3784.0,1
0067,7,m3l7k2t7e2.wav,r,3385.0,1
0067,7,m2l7k1t7e2.wav,y,3325.0,1
0067,7,old_m3l7.wav,r,2896.0,1
0067,7,old_m3l7.wav,r,2754.0,1
0067,7,m3l7k1t5e3.wav,y,2821.0,1
0067,7,old_m2l7.wav,y,3757.0,1
0067,7,old_m2l7.wav,r,4241.0,1
0067,7,m1l7k2t7e1.wav,r,3272.0,1
0067,7,m1l7k1t5e3.wav,y,2934.0,1
0067,7,old_m1l7.wav,r,3175.0,1
0067,7,m3l7k2t7e1.wav,r,2862.0,1
0067,7,m1l7k1t7e2.wav,y,2819.0,1
0067,7,m3l7k1t7e1.wav,y,2801.0,1
0067,7,old_m3l7.wav,r,2939.0,1
0067,7,old_m1l7.wav,r,3216.0,1
0067,7,m2l7k2t7e3.wav,y,2911.0,1
0067,7,m2l7k2t5e2.wav,r,2663.0,1
0067,7,m2l7k1t5e3.wav,r,2940.0,1
0067,7,m3l7k2t7e3.wav,y,2792.0,1
0067,7,old_m3l7.wav,r,2724.0,1
0067,7,old_m1l7.wav,r,2712.0,1
0067,7,old_m3l7.wav,r,2754.0,1
0067,7,old_m1l7.wav,r,2769.0,1
0067,7,old_m2l7.wav,r,3817.0,1
0067,7,m2l7k2t7e1.wav,r,3001.0,1
0067,7,old_m3l7.wav,r,2622.0,1
0067,7,m1l7k1t7e3.wav,y,2964.0,1
0067,7,m2l7k1t5e2.wav,r,2889.0,1
0067,7,m3l7k1t5e1.wav,y,2809.0,1
0067,7,m3l7k1t7e2.wav,r,3272.0,1
0067,7,old_m1l7.wav,r,2724.0,1
0067,7,m3l7k1t7e3.wav,y,2818.0,1
0067,7,m2l7k1t7e1.wav,y,2858.0,1
0067,7,m2l7k2t7e2.wav,r,2846.0,1
0067,7,old_m2l7.wav,y,2971.0,1
0067,7,old_m2l7.wav,y,2776.0,1
0067,7,old_m1l7.wav,r,2832.0,1
0067,7,old_m3l7.wav,r,2542.0,1
0067,7,old_m2l7.wav,y,2930.0,1
0067,7,old_m1l7.wav,r,2642.0,1
0067,7,old_m2l7.wav,y,2706.0,1
0067,7,old_m2l7.wav,y,3196.0,1
0067,7,m1l7k1t5e1.wav,y,3291.0,1
0067,7,old_m2l7.wav,r,2664.0,1
0067,7,m1l7k1t5e2.wav,0,4500.0,1
0067,7,old_m3l7.wav,r,3641.0,1
0067,7,old_m1l7.wav,r,3241.0,1
0067,7,old_m1l7.wav,r,2898.0,1
0067,7,m1l7k2t5e1.wav,y,3606.0,1
0067,7,m1l7k2t5e2.wav,y,2826.0,1
0067,7,m3l7k2t5e2.wav,r,3896.0,1
0067,7,m2l7k2t5e3.wav,r,2700.0,1
0067,7,m3l7k2t5e3.wav,y,3235.0,1
0067,7,m3l7k2t5e1.wav,r,2996.0,1
0067,7,old_m1l7.wav,r,2687.0,1
0067,7,old_m3l7.wav,r,2641.0,1
0067,7,m2l7k1t5e1.wav,y,2586.0,1
0067,7,m1l7k2t5e3.wav,r,2830.0,1
0067,7,old_m3l7.wav,y,3749.0,1
0067,7,old_m1l7.wav,r,2984.0,1
0067,7,old_m2l7.wav,y,2766.0,1
0067,7,old_m2l7.wav,y,3579.0,1
0067,7,m2l7k2t5e1.wav,y,2731.0,1
0068,3,old_m1l3.wav,0,3000.0,1
0068,3,old_m2l3.wav,r,2881.0,1
0068,3,old_m2l3.wav,r,1938.0,1
0068,3,m3l3k2t2e3.wav,r,2783.0,1
0068,3,old_m3l3.wav,y,2971.0,1
0068,3,m2l3k1t2e1.wav,y,1621.0,1
0068,3,old_m3l3.wav,r,1563.0,1
0068,3,old_m3l3.wav,r,1381.0,1
0068,3,old_m3l3.wav,r,1469.0,1
0068,3,old_m2l3.wav,r,1482.0,1
0068,3,m2l3k1t3e1.wav,y,2915.0,1
0068,3,old_m3l3.wav,r,1376.0,1
0068,3,m1l3k1t3e2.wav,y,1568.0,1
0068,3,m1l3k2t2e1.wav,y,1163.0,1
0068,3,old_m2l3.wav,r,2402.0,1
0068,3,m3l3k1t2e2.wav,y,1084.0,1
0068,3,m3l3k1t2e3.wav,y,1135.0,1
0068,3,m2l3k1t2e3.wav,y,1225.0,1
0068,3,old_m2l3.wav,y,1123.0,1
0068,3,m1l3k1t2e2.wav,y,1085.0,1
0068,3,old_m3l3.wav,r,1153.0,1
0068,3,m1l3k1t2e1.wav,y,1280.0,1
0068,3,old_m3l3.wav,r,1111.0,1
0068,3,m3l3k1t3e1.wav,y,2308.0,1
0068,3,old_m2l3.wav,r,1211.0,1
0068,3,m2l3k1t3e2.wav,y,1400.0,1
0068,3,m2l3k2t3e2.wav,y,1389.0,1
0068,3,m3l3k2t3e1.wav,y,1460.0,1
0068,3,old_m3l3.wav,r,1184.0,1
0068,3,old_m1l3.wav,r,1128.0,1
0068,3,old_m1l3.wav,r,1367.0,1
0068,3,old_m3l3.wav,r,1354.0,1
0068,3,m1l3k1t2e3.wav,y,2216.0,1
0068,3,old_m2l3.wav,y,1732.0,1
0068,3,old_m1l3.wav,r,2842.0,1
0068,3,old_m1l3.wav,r,1215.0,1
0068,3,m1l3k1t3e3.wav,y,1598.0,1
0068,3,old_m1l3.wav,r,1143.0,1
0068,3,old_m3l3.wav,y,1431.0,1
0068,3,m2l3k2t2e2.wav,y,1223.0,1
0068,3,m1l3k2t3e2.wav,y,1357.0,1
0068,3,m3l3k2t3e3.wav,y,1222.0,1
0068,3,m1l3k2t3e1.wav,y,1327.0,1
0068,3,m2l3k1t2e2.wav,y,1413.0,1
0068,3,old_m1l3.wav,r,1390.0,1
0068,3,old_m2l3.wav,y,1208.0,1
0068,3,old_m2l3.wav,y,2949.0,1
0068,3,m3l3k1t3e2.wav,y,1424.0,1
0068,3,old_m2l3.wav,y,2068.0,1
0068,3,m1l3k1t3e1.wav,y,1483.0,1
0068,3,old_m1l3.wav,r,1266.0,1
0068,3,m3l3k2t3e2.wav,y,1424.0,1
0068,3,m1l3k2t2e3.wav,y,1207.0,1
0068,3,m1l3k2t3e3.wav,y,1368.0,1
0068,3,m2l3k1t3e3.wav,y,1258.0,1
0068,3,old_m2l3.wav,y,1741.0,1
0068,3,old_m1l3.wav,r,2305.0,1
0068,3,m2l3k2t3e3.wav,y,1389.0,1
0068,3,old_m1l3.wav,r,1148.0,1
0068,3,m3l3k2t2e2.wav,y,1140.0,1
0068,3,m2l3k2t3e1.wav,y,1430.0,1
0068,3,old_m2l3.wav,y,1331.0,1
0068,3,m2l3k2t2e1.wav,y,1146.0,1
0068,3,m3l3k1t3e3.wav,y,1487.0,1
0068,3,old_m3l3.wav,r,1726.0,1
0068,3,m1l3k2t2e2.wav,y,1003.0,1
0068,3,old_m1l3.wav,r,1178.0,1
0068,3,old_m1l3.wav,r,1089.0,1
0068,3,m3l3k2t2e1.wav,y,1025.0,1
0068,3,m2l3k2t2e3.wav,y,1201.0,1
0068,3,old_m3l3.wav,y,1767.0,1
0068,3,m3l3k1t2e1.wav,y,1148.0,1
0068,7,m2l7k2t5e1.wav,0,4500.0,1
0068,7,m3l7k2t5e1.wav,y,2728.0,1
0068,7,old_m2l7.wav,r,2993.0,1
0068,7,old_m1l7.wav,r,2649.0,1
0068,7,m1l7k2t7e1.wav,0,4500.0,1
0068,7,old_m1l7.wav,r,2756.0,1
0068,7,m1l7k2t7e2.wav,y,2763.0,1
0068,7,m3l7k1t7e1.wav,y,2706.0,1
0068,7,old_m3l7.wav,y,2981.0,1
0068,7,old_m3l7.wav,y,2912.0,1
0068,7,m1l7k1t7e1.wav,y,2777.0,1
0068,7,old_m3l7.wav,r,3317.0,1
0068,7,m1l7k2t5e2.wav,y,2488.0,1
0068,7,old_m2l7.wav,r,3444.0,1
0068,7,m3l7k1t5e1.wav,y,2454.0,1
0068,7,old_m2l7.wav,r,3352.0,1
0068,7,old_m3l7.wav,r,3295.0,1
0068,7,m1l7k2t5e3.wav,y,2533.0,1
0068,7,m2l7k1t5e2.wav,y,2795.0,1
0068,7,m3l7k1t5e3.wav,y,2998.0,1
0068,7,m3l7k1t7e3.wav,y,3122.0,1
0068,7,old_m3l7.wav,r,2954.0,1
0068,7,m2l7k2t5e2.wav,r,3721.0,1
0068,7,m2l7k2t7e3.wav,y,2781.0,1
0068,7,old_m1l7.wav,r,2757.0,1
0068,7,old_m1l7.wav,r,2833.0,1
0068,7,old_m2l7.wav,r,2999.0,1
0068,7,old_m1l7.wav,r,2794.0,1
0068,7,old_m3l7.wav,y,3709.0,1
0068,7,old_m1l7.wav,r,2704.0,1
0068,7,old_m2l7.wav,y,2944.0,1
0068,7,m1l7k1t7e2.wav,y,2935.0,1
0068,7,m1l7k2t5e1.wav,y,2704.0,1
0068,7,m3l7k2t7e2.wav,y,3374.0,1
0068,7,old_m3l7.wav,r,2792.0,1
0068,7,m3l7k2t7e1.wav,y,2976.0,1
0068,7,old_m1l7.wav,r,3074.0,1
0068,7,m2l7k1t7e2.wav,y,2978.0,1
0068,7,old_m3l7.wav,r,2850.0,1
0068,7,old_m1l7.wav,r,2845.0,1
0068,7,old_m3l7.wav,y,3112.0,1
0068,7,old_m3l7.wav,r,2718.0,1
0068,7,m1l7k1t5e2.wav,y,2622.0,1
0068,7,old_m1l7.wav,r,2701.0,1
0068,7,old_m1l7.wav,r,2631.0,1
0068,7,old_m2l7.wav,r,2992.0,1
0068,7,old_m2l7.wav,r,2576.0,1
0068,7,old_m3l7.wav,r,3173.0,1
0068,7,m2l7k2t5e3.wav,y,2831.0,1
0068,7,m2l7k1t5e3.wav,y,3040.0,1
0068,7,old_m1l7.wav,r,3412.0,1
0068,7,m3l7k1t5e2.wav,y,3864.0,1
0068,7,m1l7k1t5e1.wav,y,2553.0,1
0068,7,old_m2l7.wav,r,2750.0,1
0068,7,m2l7k2t7e2.wav,y,2826.0,1
0068,7,old_m1l7.wav,r,2822.0,1
0068,7,m3l7k2t5e3.wav,y,2851.0,1
0068,7,m2l7k2t7e1.wav,y,2910.0,1
0068,7,m1l7k2t7e3.wav,y,2904.0,1
0068,7,old_m2l7.wav,r,2726.0,1
0068,7,m3l7k2t7e3.wav,y,2915.0,1
0068,7,m1l7k1t7e3.wav,y,2833.0,1
0068,7,old_m3l7.wav,y,2646.0,1
0068,7,m3l7k1t7e2.wav,y,2840.0,1
0068,7,m2l7k1t7e1.wav,y,2818.0,1
0068,7,m2l7k1t7e3.wav,y,2828.0,1
0068,7,old_m2l7.wav,r,2789.0,1
0068,7,old_m2l7.wav,r,2839.0,1
0068,7,m1l7k1t5e3.wav,y,3457.0,1
0068,7,m2l7k1t5e1.wav,y,2739.0,1
0068,7,m3l7k2t5e2.wav,y,3471.0,1
0068,7,old_m2l7.wav,r,2890.0,0
0069,3,m1l3k1t3e2.wav,0,3000.0,1
0069,3,m3l3k1t3e3.wav,0,3000.0,1
0069,3,m2l3k2t2e1.wav,0,3000.0,1
0069,3,m2l3k1t2e2.wav,0,3000.0,1
0069,3,m3l3k1t2e3.wav,y,2856.0,1
0069,3,m2l3k1t2e1.wav,y,2419.0,1
0069,3,old_m2l3.wav,r,1666.0,1
0069,3,m2l3k2t2e3.wav,y,1800.0,1
0069,3,m3l3k2t3e1.wav,0,3000.0,1
0069,3,old_m1l3.wav,r,1654.0,1
0069,3,old_m3l3.wav,r,1568.0,1
0069,3,m2l3k2t3e2.wav,0,3000.0,1
0069,3,old_m1l3.wav,r,1448.0,1
0069,3,m3l3k2t3e2.wav,y,1972.0,1
0069,3,m1l3k2t2e3.wav,r,2419.0,1
0069,3,m1l3k2t2e1.wav,y,2030.0,1
0069,3,m2l3k1t3e3.wav,0,3000.0,1
0069,3,old_m2l3.wav,r,2655.0,1
0069,3,old_m1l3.wav,r,1482.0,1
0069,3,m3l3k2t2e3.wav,0,3000.0,1
0069,3,old_m2l3.wav,r,1602.0,1
0069,3,old_m3l3.wav,r,1925.0,1
0069,3,m3l3k1t3e2.wav,0,3000.0,1
0069,3,m2l3k1t3e2.wav,y,1779.0,1
0069,3,old_m1l3.wav,r,1450.0,1
0069,3,old_m3l3.wav,r,2360.0,1
0069,3,m2l3k2t3e1.wav,0,3000.0,1
0069,3,m1l3k1t2e2.wav,0,3000.0,1
0069,3,old_m2l3.wav,r,2644.0,1
0069,3,old_m2l3.wav,r,2574.0,1
0069,3,old_m1l3.wav,r,1518.0,1
0069,3,old_m3l3.wav,0,3000.0,1
0069,3,m3l3k1t3e1.wav,0,3000.0,1
0069,3,old_m2l3.wav,0,3000.0,1
0069,3,old_m3l3.wav,r,1737.0,1
0069,3,old_m2l3.wav,0,3000.0,1
0069,3,m2l3k2t2e2.wav,0,3000.0,1
0069,3,m2l3k2t3e3.wav,0,3000.0,1
0069,3,old_m1l3.wav,r,1762.0,1
0069,3,old_m3l3.wav,r,2009.0,1
0069,3,m1l3k2t3e3.wav,0,3000.0,1
0069,3,m3l3k1t2e1.wav,0,3000.0,1
0069,3,m1l3k2t3e1.wav,0,3000.0,1
0069,3,old_m2l3.wav,0,3000.0,1
0069,3,old_m1l3.wav,r,1487.0,1
0069,3,m1l3k2t3e2.wav,0,3000.0,1
0069,3,old_m3l3.wav,r,2052.0,1
0069,3,old_m3l3.wav,r,2396.0,1
0069,3,old_m1l3.wav,r,1542.0,1
0069,3,old_m2l3.wav,0,3000.0,1
0069,3,old_m1l3.wav,r,2032.0,1
0069,3,m3l3k2t3e3.wav,0,3000.0,1
0069,3,m3l3k2t2e1.wav,0,3000.0,1
0069,3,m2l3k1t2e3.wav,0,3000.0,1
0069,3,m1l3k1t2e3.wav,r,2677.0,1
0069,3,m1l3k2t2e2.wav,0,3000.0,1
0069,3,old_m2l3.wav,0,3000.0,1
0069,3,m1l3k1t2e1.wav,0,3000.0,1
0069,3,old_m1l3.wav,r,1464.0,1
0069,3,old_m1l3.wav,r,1624.0,1
0069,3,m1l3k1t3e1.wav,0,3000.0,1
0069,3,old_m3l3.wav,0,3000.0,1
0069,3,old_m1l3.wav,r,1790.0,1
0069,3,old_m3l3.wav,r,2413.0,1
0069,3,m1l3k1t3e3.wav,0,3000.0,1
0069,3,old_m2l3.wav,0,3000.0,1
0069,3,m2l3k1t3e1.wav,0,3000.0,1
0069,3,m3l3k2t2e2.wav,0,3000.0,1
0069,3,old_m2l3.wav,0,3000.0,1
0069,3,old_m3l3.wav,0,3000.0,1
0069,3,m3l3k1t2e2.wav,0,3000.0,1
0069,3,old_m3l3.wav,r,1591.0,1
0069,5,m3l5k1t3e1.wav,0,3700.0,1
0069,5,old_m3l5.wav,r,2197.0,1
0069,5,m2l5k1t3e1.wav,y,2398.0,1
0069,5,old_m1l5.wav,r,2191.0,1
0069,5,old_m2l5.wav,0,3700.0,1
0069,5,m2l5k1t5e2.wav,0,3700.0,1
0069,5,old_m1l5.wav,r,2436.0,1
0069,5,old_m2l5.wav,0,3700.0,1
0069,5,m2l5k2t5e2.wav,0,3700.0,1
0069,5,m2l5k2t5e1.wav,r,2683.0,1
0069,5,old_m2l5.wav,y,3515.0,1
0069,5,old_m2l5.wav,r,2532.0,1
0069,5,m3l5k2t3e3.wav,0,3700.0,1
0069,5,old_m1l5.wav,r,2688.0,1
0069,5,m2l5k2t3e3.wav,0,3700.0,1
0069,5,old_m1l5.wav,r,2353.0,1
0069,5,old_m2l5.wav,r,2677.0,1
0069,5,m1l5k2t3e2.wav,0,3700.0,1
0069,5,m1l5k2t5e2.wav,y,2878.0,1
0069,5,old_m1l5.wav,y,3325.0,1
0069,5,m3l5k2t5e1.wav,0,3700.0,1
0069,5,old_m2l5.wav,r,2199.0,1
0069,5,old_m2l5.wav,r,2556.0,1
0069,5,m3l5k1t5e2.wav,y,2970.0,1
0069,5,old_m3l5.wav,r,3012.0,1
0069,5,m3l5k1t5e1.wav,0,3700.0,1
0069,5,old_m1l5.wav,r,2443.0,1
0069,5,old_m1l5.wav,r,2596.0,1
0069,5,old_m1l5.wav,0,3700.0,1
0069,5,m1l5k1t3e1.wav,y,2180.0,1
0069,5,m2l5k1t3e3.wav,0,3700.0,1
0069,5,old_m3l5.wav,r,2132.0,1
0069,5,m1l5k2t3e3.wav,0,3700.0,1
0069,5,old_m2l5.wav,0,3700.0,1
0069,5,old_m2l5.wav,0,3700.0,1
0069,5,m1l5k1t5e1.wav,0,3700.0,1
0069,5,old_m3l5.wav,r,2217.0,1
0069,5,m1l5k2t3e1.wav,0,3700.0,1
0069,5,m2l5k2t3e2.wav,0,3700.0,1
0069,5,m1l5k2t5e3.wav,0,3700.0,1
0069,5,m1l5k1t5e3.wav,0,3700.0,1
0069,5,old_m3l5.wav,r,2932.0,1
0069,5,m2l5k1t5e3.wav,0,3700.0,1
0069,5,old_m1l5.wav,r,3078.0,1
0069,5,m2l5k1t3e2.wav,y,2104.0,1
0069,5,m3l5k2t3e1.wav,r,2694.0,1
0069,5,m3l5k1t3e2.wav,0,3700.0,1
0069,5,m3l5k2t3e2.wav,0,3700.0,1
0069,5,old_m3l5.wav,r,2679.0,1
0069,5,m3l5k1t3e3.wav,0,3700.0,1
0069,5,old_m3l5.wav,r,2190.0,1
0069,5,m3l5k2t5e3.wav,0,3700.0,1
0069,5,m1l5k2t5e1.wav,0,3700.0,1
0069,5,old_m1l5.wav,r,3137.0,1
0069,5,m3l5k1t5e3.wav,0,3700.0,1
0069,5,old_m2l5.wav,0,3700.0,1
0069,5,old_m2l5.wav,0,3700.0,1
0069,5,old_m2l5.wav,r,3628.0,1
0069,5,m1l5k1t3e3.wav,0,3700.0,1
0069,5,m2l5k2t3e1.wav,0,3700.0,1
0069,5,old_m1l5.wav,r,2073.0,1
0069,5,old_m3l5.wav,0,3700.0,1
0069,5,old_m3l5.wav,0,3700.0,1
0069,5,old_m3l5.wav,0,3700.0,1
0069,5,m1l5k1t5e2.wav,0,3700.0,1
0069,5,old_m3l5.wav,r,2503.0,1
0069,5,m2l5k1t5e1.wav,0,3700.0,1
0069,5,old_m3l5.wav,r,2336.0,1
0069,5,m1l5k1t3e2.wav,0,3700.0,1
0069,5,m2l5k2t5e3.wav,0,3700.0,1
0069,5,old_m1l5.wav,r,2591.0,1
0069,5,m3l5k2t5e2.wav,0,3700.0,1
0069,7,old_m2l7.wav,r,3406.0,1
0069,7,old_m3l7.wav,r,2999.0,1
0069,7,m3l7k1t7e1.wav,0,4500.0,1
0069,7,m1l7k1t5e2.wav,r,3005.0,1
0069,7,old_m1l7.wav,r,3232.0,1
0069,7,m1l7k1t7e2.wav,y,3427.0,1
0069,7,old_m3l7.wav,r,3324.0,1
0069,7,old_m2l7.wav,r,3503.0,1
0069,7,m3l7k1t5e1.wav,0,4500.0,1
0069,7,old_m1l7.wav,r,3170.0,1
0069,7,old_m1l7.wav,r,3294.0,1
0069,7,m1l7k1t7e3.wav,0,4500.0,1
0069,7,m3l7k2t5e2.wav,0,4500.0,1
0069,7,old_m2l7.wav,r,2973.0,1
0069,7,old_m2l7.wav,r,3738.0,1
0069,7,m2l7k1t5e2.wav,r,3471.0,1
0069,7,m3l7k1t7e2.wav,0,4500.0,1
0069,7,old_m2l7.wav,r,3243.0,1
0069,7,old_m2l7.wav,r,3092.0,1
0069,7,m1l7k1t5e1.wav,0,4500.0,1
0069,7,old_m1l7.wav,r,3339.0,1
0069,7,old_m1l7.wav,r,3523.0,1
0069,7,old_m1l7.wav,r,3599.0,1
0069,7,m1l7k2t7e1.wav,0,4500.0,1
0069,7,old_m1l7.wav,0,4500.0,1
0069,7,old_m2l7.wav,r,2960.0,1
0069,7,old_m3l7.wav,r,3119.0,1
0069,7,old_m1l7.wav,r,3190.0,1
0069,7,m2l7k2t5e1.wav,0,4500.0,1
0069,7,m3l7k2t7e3.wav,y,3391.0,1
0069,7,m2l7k1t7e2.wav,0,4500.0,1
0069,7,m3l7k1t5e2.wav,r,3365.0,1
0069,7,m2l7k2t5e2.wav,r,3077.0,1
0069,7,m3l7k1t5e3.wav,0,4500.0,1
0069,7,m2l7k1t5e1.wav,y,3176.0,1
0069,7,m3l7k2t5e1.wav,r,3044.0,1
0069,7,m2l7k2t5e3.wav,r,4089.0,1
0069,7,m3l7k2t5e3.wav,0,4500.0,1
0069,7,m2l7k1t7e3.wav,0,4500.0,1
0069,7,old_m3l7.wav,r,3078.0,1
0069,7,old_m1l7.wav,r,3681.0,1
0069,7,m3l7k2t7e1.wav,r,3961.0,1
0069,7,old_m3l7.wav,r,3172.0,1
0069,7,old_m1l7.wav,r,3363.0,1
0069,7,old_m3l7.wav,r,3218.0,1
0069,7,old_m3l7.wav,r,3387.0,1
0069,7,old_m3l7.wav,r,3353.0,1
0069,7,m1l7k2t7e3.wav,y,3342.0,1
0069,7,old_m2l7.wav,r,2998.0,1
0069,7,old_m2l7.wav,r,3176.0,1
0069,7,m2l7k1t7e1.wav,0,4500.0,1
0069,7,old_m2l7.wav,0,4500.0,1
0069,7,old_m2l7.wav,r,2875.0,1
0069,7,old_m3l7.wav,r,3228.0,1
0069,7,old_m3l7.wav,r,3294.0,1
0069,7,old_m3l7.wav,r,3113.0,1
0069,7,m2l7k2t7e3.wav,y,2992.0,1
0069,7,m3l7k2t7e2.wav,0,4500.0,1
0069,7,m1l7k2t5e3.wav,r,3379.0,1
0069,7,old_m3l7.wav,r,3686.0,1
0069,7,old_m1l7.wav,r,3629.0,1
0069,7,old_m2l7.wav,r,2838.0,1
0069,7,m1l7k2t7e2.wav,0,4500.0,1
0069,7,m1l7k2t5e1.wav,0,4500.0,1
0069,7,m1l7k2t5e2.wav,r,3021.0,1
0069,7,m1l7k1t7e1.wav,0,4500.0,1
0069,7,m3l7k1t7e3.wav,0,4500.0,1
0069,7,m2l7k2t7e1.wav,0,4500.0,1
0069,7,m2l7k1t5e3.wav,0,4500.0,1
0069,7,m2l7k2t7e2.wav,0,4500.0,1
0069,7,m1l7k1t5e3.wav,r,3332.0,1
0069,7,old_m1l7.wav,r,3412.0,1
0070,3,m2l3k1t3e2.wav,y,2166.0,1
0070,3,old_m2l3.wav,r,2954.0,1
0070,3,old_m1l3.wav,r,1299.0,1
0070,3,old_m2l3.wav,r,1706.0,1
0070,3,old_m2l3.wav,y,1333.0,1
0070,3,old_m2l3.wav,y,1730.0,1
0070,3,old_m3l3.wav,r,2068.0,1
0070,3,old_m2l3.wav,y,1409.0,1
0070,3,m1l3k1t3e3.wav,y,1832.0,1
0070,3,old_m3l3.wav,r,2417.0,1
0070,3,m1l3k1t3e1.wav,r,2658.0,1
0070,3,m2l3k1t3e3.wav,y,1521.0,1
0070,3,old_m1l3.wav,r,1789.0,1
0070,3,m1l3k1t3e2.wav,y,1666.0,1
0070,3,old_m3l3.wav,r,2514.0,1
0070,3,m3l3k2t3e3.wav,y,1508.0,1
0070,3,m3l3k2t3e2.wav,y,1379.0,1
0070,3,old_m1l3.wav,r,2396.0,1
0070,3,m1l3k2t2e1.wav,y,1715.0,1
0070,3,old_m1l3.wav,r,1600.0,1
0070,3,m1l3k2t3e3.wav,y,1338.0,1
0070,3,old_m2l3.wav,r,2262.0,1
0070,3,m2l3k2t3e2.wav,y,1495.0,1
0070,3,m3l3k2t2e2.wav,y,1378.0,1
0070,3,old_m1l3.wav,y,1321.0,1
0070,3,old_m2l3.wav,y,1270.0,1
0070,3,m2l3k2t3e1.wav,y,1217.0,1
0070,3,old_m2l3.wav,y,1088.0,1
0070,3,old_m3l3.wav,r,2110.0,1
0070,3,old_m2l3.wav,y,2188.0,1
0070,3,old_m3l3.wav,r,1616.0,1
0070,3,old_m1l3.wav,r,1531.0,1
0070,3,m1l3k2t3e1.wav,y,1655.0,1
0070,3,old_m3l3.wav,y,1762.0,1
0070,3,old_m1l3.wav,r,1843.0,1
0070,3,m1l3k1t2e3.wav,y,1605.0,1
0070,3,m1l3k2t2e2.wav,y,1201.0,1
0070,3,old_m2l3.wav,y,1092.0,1
0070,3,old_m1l3.wav,r,1547.0,1
0070,3,m2l3k2t2e1.wav,y,1941.0,1
0070,3,m2l3k1t2e1.wav,y,1383.0,1
0070,3,m2l3k1t2e3.wav,y,1631.0,1
0070,3,m3l3k2t2e3.wav,y,2199.0,1
0070,3,old_m1l3.wav,r,1858.0,1
0070,3,m1l3k2t2e3.wav,y,1543.0,1
0070,3,m3l3k1t2e1.wav,y,2229.0,1
0070,3,m3l3k2t3e1.wav,y,1550.0,1
0070,3,m2l3k1t3e1.wav,y,1612.0,1
0070,3,m1l3k2t3e2.wav,y,1813.0,1
0070,3,old_m2l3.wav,y,1430.0,1
0070,3,m3l3k1t2e3.wav,y,1731.0,1
0070,3,old_m3l3.wav,y,1883.0,1
0070,3,old_m3l3.wav,y,2074.0,1
0070,3,m3l3k1t2e2.wav,y,1285.0,1
0070,3,m3l3k1t3e3.wav,y,1330.0,1
0070,3,old_m1l3.wav,r,1875.0,1
0070,3,old_m1l3.wav,r,1758.0,1
0070,3,m2l3k1t2e2.wav,y,1523.0,1
0070,3,m1l3k1t2e2.wav,y,1755.0,1
0070,3,m3l3k2t2e1.wav,y,1216.0,1
0070,3,old_m3l3.wav,r,1454.0,1
0070,3,m1l3k1t2e1.wav,y,1224.0,1
0070,3,old_m1l3.wav,y,1121.0,1
0070,3,old_m3l3.wav,y,1470.0,1
0070,3,m2l3k2t3e3.wav,y,1656.0,1
0070,3,m2l3k2t2e3.wav,y,1596.0,1
0070,3,m3l3k1t3e1.wav,r,1274.0,1
0070,3,m3l3k1t3e2.wav,y,1653.0,1
0070,3,old_m3l3.wav,r,1466.0,1
0070,3,m2l3k2t2e2.wav,y,1722.0,1
0070,3,old_m3l3.wav,r,1603.0,1
0070,3,old_m2l3.wav,y,1345.0,1
0070,5,m3l5k2t3e1.wav,r,2739.0,1
0070,5,m1l5k1t5e1.wav,y,3386.0,1
0070,5,m1l5k1t3e1.wav,y,2743.0,1
0070,5,m3l5k1t5e1.wav,r,2884.0,1
0070,5,old_m3l5.wav,y,2673.0,1
0070,5,old_m2l5.wav,y,2114.0,1
0070,5,m3l5k1t3e2.wav,y,3147.0,1
0070,5,m3l5k1t3e1.wav,r,2906.0,1
0070,5,m2l5k2t5e2.wav,y,2557.0,1
0070,5,m1l5k1t5e3.wav,r,2674.0,1
0070,5,old_m3l5.wav,r,2663.0,1
0070,5,m1l5k2t5e2.wav,r,3159.0,1
0070,5,old_m2l5.wav,0,3700.0,1
0070,5,m2l5k2t5e1.wav,r,3236.0,1
0070,5,old_m3l5.wav,r,2036.0,1
0070,5,m3l5k1t5e2.wav,y,2083.0,1
0070,5,old_m3l5.wav,y,2562.0,1
0070,5,m2l5k1t5e2.wav,y,2858.0,1
0070,5,m3l5k2t5e2.wav,r,2589.0,1
0070,5,old_m1l5.wav,y,3011.0,1
0070,5,m1l5k1t5e2.wav,r,1630.0,1
0070,5,m2l5k1t3e3.wav,y,2450.0,1
0070,5,old_m1l5.wav,y,2217.0,1
0070,5,old_m1l5.wav,r,1953.0,1
0070,5,m1l5k2t3e3.wav,y,2651.0,1
0070,5,old_m3l5.wav,y,2067.0,1
0070,5,old_m1l5.wav,y,2563.0,1
0070,5,m2l5k1t5e1.wav,y,3151.0,1
0070,5,m2l5k2t3e1.wav,y,2637.0,1
0070,5,old_m2l5.wav,y,2416.0,1
0070,5,m2l5k2t3e3.wav,y,2251.0,1
0070,5,m1l5k2t3e1.wav,y,2240.0,1
0070,5,old_m1l5.wav,y,3251.0,1
0070,5,old_m2l5.wav,r,2517.0,1
0070,5,old_m2l5.wav,y,2654.0,1
0070,5,old_m1l5.wav,r,2480.0,1
0070,5,old_m2l5.wav,y,3099.0,1
0070,5,m3l5k2t5e3.wav,y,3252.0,1
0070,5,old_m1l5.wav,r,2204.0,1
0070,5,old_m2l5.wav,0,3700.0,1
0070,5,old_m3l5.wav,y,2084.0,1
0070,5,old_m2l5.wav,y,2627.0,1
0070,5,old_m2l5.wav,y,2362.0,1
0070,5,old_m1l5.wav,r,3224.0,1
0070,5,old_m2l5.wav,y,2663.0,1
0070,5,m3l5k2t5e1.wav,y,2316.0,1
0070,5,old_m3l5.wav,r,3035.0,1
0070,5,m3l5k2t3e2.wav,y,2299.0,1
0070,5,m2l5k2t3e2.wav,y,2280.0,1
0070,5,old_m1l5.wav,y,3120.0,1
0070,5,m2l5k2t5e3.wav,y,2344.0,1
0070,5,old_m3l5.wav,y,3159.0,1
0070,5,m1l5k2t3e2.wav,y,2197.0,1
0070,5,old_m3l5.wav,r,2450.0,1
0070,5,old_m2l5.wav,y,1986.0,1
0070,5,m1l5k1t3e3.wav,y,2119.0,1
0070,5,m2l5k1t5e3.wav,y,2445.0,1
0070,5,old_m3l5.wav,y,2846.0,1
0070,5,m1l5k2t5e1.wav,y,2151.0,1
0070,5,old_m3l5.wav,r,2633.0,1
0070,5,m2l5k1t3e1.wav,y,2243.0,1
0070,5,old_m1l5.wav,y,1943.0,1
0070,5,m3l5k2t3e3.wav,y,2181.0,1
0070,5,m3l5k1t3e3.wav,y,2219.0,1
0070,5,old_m1l5.wav,y,2733.0,1
0070,5,old_m3l5.wav,y,2093.0,1
0070,5,m3l5k1t5e3.wav,y,1841.0,1
0070,5,old_m1l5.wav,r,2560.0,1
0070,5,m1l5k2t5e3.wav,y,2435.0,1
0070,5,m1l5k1t3e2.wav,y,2540.0,1
0070,5,m2l5k1t3e2.wav,y,2312.0,1
0070,5,old_m2l5.wav,y,2202.0,1
0070,7,old_m1l7.wav,y,4439.0,1
0070,7,old_m2l7.wav,y,3307.0,1
0070,7,m3l7k2t7e1.wav,r,3591.0,1
0070,7,m3l7k1t7e1.wav,y,3238.0,1
0070,7,m2l7k2t7e2.wav,y,3351.0,1
0070,7,m2l7k1t7e1.wav,y,2990.0,1
0070,7,m2l7k2t5e3.wav,y,3480.0,1
0070,7,old_m3l7.wav,r,3086.0,1
0070,7,old_m1l7.wav,r,2779.0,1
0070,7,old_m1l7.wav,r,3705.0,1
0070,7,m3l7k2t5e2.wav,y,3044.0,1
0070,7,old_m2l7.wav,r,4339.0,1
0070,7,old_m2l7.wav,r,3072.0,1
0070,7,m1l7k2t5e3.wav,y,2651.0,1
0070,7,old_m2l7.wav,y,2894.0,1
0070,7,m1l7k1t7e3.wav,y,3060.0,1
0070,7,old_m3l7.wav,r,2972.0,1
0070,7,m3l7k2t7e3.wav,y,3261.0,1
0070,7,m3l7k1t7e3.wav,y,3547.0,1
0070,7,old_m1l7.wav,r,2699.0,1
0070,7,old_m1l7.wav,y,3786.0,1
0070,7,m2l7k1t5e2.wav,y,2613.0,1
0070,7,m1l7k2t5e2.wav,y,2917.0,1
0070,7,m1l7k2t5e1.wav,y,2825.0,1
0070,7,old_m1l7.wav,r,3048.0,1
0070,7,m3l7k2t7e2.wav,y,3246.0,1
0070,7,m3l7k2t5e3.wav,y,2822.0,1
0070,7,old_m3l7.wav,y,3571.0,1
0070,7,m1l7k1t5e3.wav,0,4500.0,1
0070,7,m3l7k1t7e2.wav,y,2835.0,1
0070,7,old_m2l7.wav,y,3813.0,1
0070,7,old_m3l7.wav,y,3553.0,1
0070,7,old_m3l7.wav,y,2834.0,1
0070,7,old_m2l7.wav,y,2859.0,1
0070,7,old_m1l7.wav,r,3011.0,1
0070,7,old_m2l7.wav,y,3185.0,1
0070,7,old_m1l7.wav,r,3029.0,1
0070,7,m1l7k1t7e1.wav,y,3167.0,1
0070,7,m3l7k2t5e1.wav,y,3309.0,1
0070,7,old_m3l7.wav,y,3508.0,1
0070,7,old_m2l7.wav,y,3311.0,1
0070,7,old_m3l7.wav,y,3009.0,1
0070,7,m1l7k1t5e1.wav,y,3078.0,1
0070,7,m2l7k1t5e1.wav,y,3091.0,1
0070,7,m2l7k1t5e3.wav,y,2912.0,1
0070,7,old_m2l7.wav,y,2803.0,1
0070,7,m3l7k1t5e1.wav,y,2912.0,1
0070,7,old_m1l7.wav,r,3003.0,1
0070,7,m2l7k2t5e1.wav,y,3006.0,1
0070,7,old_m2l7.wav,y,2894.0,1
0070,7,m1l7k1t7e2.wav,y,3206.0,1
0070,7,old_m1l7.wav,r,3183.0,1
0070,7,m3l7k1t5e2.wav,y,3155.0,1
0070,7,old_m3l7.wav,y,3080.0,1
0070,7,m3l7k1t5e3.wav,y,2850.0,1
0070,7,old_m2l7.wav,y,3264.0,1
0070,7,old_m3l7.wav,r,3179.0,1
0070,7,old_m1l7.wav,r,3072.0,1
0070,7,m1l7k2t7e3.wav,y,3163.0,1
0070,7,m1l7k2t7e1.wav,y,3007.0,1
0070,7,old_m2l7.wav,y,3033.0,1
0070,7,m2l7k1t7e2.wav,y,2955.0,1
0070,7,old_m3l7.wav,y,2697.0,1
0070,7,m2l7k1t7e3.wav,y,2991.0,1
0070,7,old_m1l7.wav,r,2835.0,1
0070,7,old_m3l7.wav,y,2812.0,1
0070,7,m2l7k2t5e2.wav,y,2767.0,1
0070,7,m1l7k2t7e2.wav,y,3034.0,1
0070,7,m1l7k1t5e2.wav,y,2926.0,1
0070,7,m2l7k2t7e1.wav,y,3018.0,1
0070,7,old_m3l7.wav,r,3830.0,1
0070,7,m2l7k2t7e3.wav,y,2961.0,1
